갱폼은 외부벽체 콘크리트 거푸집으로서의 기능과 외부벽체에서의 위험작업들을 안전하게 수행할 수 있는 작업발판으로서의 기능을 동시에 만족할 수 있도록 그 구조적.설비상의 안전성을 확보하여야 한다.,갱폼은 공장에서 제작되어 일단 현장에 투입되면 사용과정에서 변형.수정하기가 어려우므로 제작 계획 시 사용과정에서 발생될 수 있는 문제점을 면밀히 검토.반영하여야 한다.,"설계도서 등을 검토하여 구조형식, 기초형식, 면적, 층고, 내·외장재, 평면 및 입면 형상의 특징 등 대상구조물의 개요를 파악하여야 한다.","증·개축의 유·무, 노후화 정도, 피해의 유·무 등 대상구조물의 이력을 조사하여야 한다.","대상 구조물의 압축강도, 인장강도, 부착강도 등 성능과 중성화 및 부식정도 등을 파악하여야 한다.","대상구조물에 발생한 균열, 부등침하, 변형 및 변위의 유·무 등을 조사하여야 한다.","부대사항 조사
리모델링공사 작업계획서 작성 전 부지상황 및 환경조사 등 다음과 같은 조치를 하여야 한다.
","인접구조물, 지반의 종류, 지하수상태, 수목 등 부지 및 주변 환경을 조사하여야 한다.","기계 또는 장비의 작업계획, 자재 및 부재의 야적 및 운반계획, 폐기물의 운반 및 반출계획 가설도로 등을 조사하여야 한다.","공사현장 및 주변 지하매설물(상하수도, 가스관, 전기·전화선, 가공고압선 등) 등의 유·무를 조사하여야 한다.","소음, 진동, 분진 등의 공해에 대한 발생여부와 그 영향권을 조사하여야 한다.","노두조사, 시추조사(코아회수율, RQD, 표준관입시험) 및 시공성을 충분히 검토한 후에 분류한다.",토사와 리핑암은 N치 50타/100 mm를 경계로 구분한다.,"리핑암과 발파암은 암반의 굴착 특성을 결정하는 불연속면의 발달 빈도 (TCR, RQD)와 탄성파 속도를 기준으로 구분한다.",암반분류가 비교적 명확히 판단될 경우에는 육안 및 현장시험에 의한 암판정 기준을 적용한다.,"간편기준에 의한 암판정은 육안식별, 지질해머 타격, 슈미트 해머의 반발치를 확인하여 전반적인 경향에 따라 암을 분류한다.",간편기준에 의한 암판정을 적용하기 어려운 개소나 상세한 기준을 적용하기 위한 개소는 현장에 적합한 상세기준을 정하고 암반분류를 수행한다.,"상세기준을 적용할 경우에는 국가공인 시험기관(전력연구원 포함)의 시험 결과(탄성파속도, 점하중강도, 일축압축강도시험)를 분석하여 암판정을 시행한다.",런칭거더는 <표 2>의 순서에 의해 추진된다.,"공사전 각 세부 작업별로 위험성 평가를 실시하고, 중점관리대상 위험요인에 대한 예방 대책을 제시하는 안전작업계획을 수립하여야 한다.","관로매설공사 작업 계획은 작업 장소의 제반 여건과 설계도서(설계도면, 시방서 등)를 검토하여 굴착공법 선정 및 안전한 작업 계획을 수립하여야 한다.",관로매설공사에 사용하는 기계․기구 등은 안전보건상의 문제가 없는지를 검토한 후 구체적인 안전작업계획을 수립하여 관리감독자의 승인을 받아야 한다.,"작업계획서에는 관로매설공사 시 근로자 안전보건 공통사항으로서 차량계 하역운반 기계 및 건설기계에 의한 안전·보건 확보계획, 안전표지(금지, 경고, 지시, 안내)부착 계획을 포함하여야 한다.","작업 계획서는 적용할 관로매설공사의 공법에 대한 이해와 경험이 풍부한 자가 수립하여야 하며, 관리감독자는 공사 진행 중 수립된 작업계획서에 따라 작업이 이루어지는지 확인하여야 한다.","그 밖의 사항은 KOSHA GUIDE C-39-2011(굴착공사 안전작업 지침), KOSHA GUIDE C-37-2011(지하매설물 굴착공사 안전작업 지침), 국토 교통부의 토목공사 일반표준시방서에 따른다.","관로 매설공사(유압식 추진공법)의 작업 순서
유압식 추진공법의 작업순서는 공사용 작업 구인 추진․도달 기지 설치, 바닥 콘크리트 타설, 반력벽 설치, 추진 받침대 설치, 유압잭 설치, 선도관․추진관 거치, 추진관 추진, 관 내부 굴착, 추진관 외부 그라우팅, 본관 부설, 본관과 추진관 내부 그라우팅, 작업 완료 및 주변 원상복구의 순으로 시공된다.",작업계획서는 본 공법에 대한 충분한 이해와 경험을 갖춘 자가 수립하여야 하며 시공 중에는 계획서의 내용 이행 여부를 수시로 확인하여야 한다.,"설계도서와 현장 조건이 일치하는지의 여부를 검토하고 이를 고려한 안전한 작업계획을 수립하여야 한다. 설계도서 검토사항은 다음과 같다.
토질 조건(토질, 용수 조건)
설계조건(본관의 제원, 설계 기울기, 추진 거리, 추진․도달 기지 규모, 보조 공법, 장애물․기 매설관 종류, 횡단 대상 구조물의 종류, 하천횡단 유무)
추진․도달 기지와 주변 도로의 상황
현장설비(전원 설비, 굴착․운반 등 잔토처리설비, 그라우팅 설비)
기계 기구(케이블, 호스류, 용접기, 가스절단 설비, 공구류, 금구류)
교통처리 및 토사반출 계획","작업계획 수립 시에는 지질조사 결과와 가스관․통신선로․상수도․하수도․인근 구조물의 기초 등 지하 매설물 조사, 인근 구조물․고압 전선로 등 지상 장애물 조사, 장비의 운행 경로, 횡단 대상 구조물을 운행 중인 차량과 열차의 현황조사 결과를 고려하여 수립하여야 한다.","추진․도달 기지는 매우 협소한 장소에서 복합 공종이 수행됨에 따라 추락, 낙하, 붕괴, 감전, 협착, 충돌 등의 재해를 유발할 수 있으므로 작업계획 수립 시 추진관의 외경과 길이, 반력 벽의 폭과 두께, 기계장치들의 설치 및 작 업공간 등을 고려하여 흙막이 지보공 구조와 단면 규모는 안전하고 충분한 작업 공간을 확보하도록 계획하여야 한다.","도로, 철도, 제방, 하천 등 횡단 대상 구조물과 추진․도달 기지인 흙막이 지보공에는 계측기를 설치하여 침하와 변위 여부를 점검하고 이상발생 시 즉시 조치를 취하여 안정성을 확보하도록 계측 계획을 수립하여야 한다.",강우나 침투되는 지하수 등으로 인하여 횡단 대상 구조물과 작업자의 안전에 영향을 미치지 않도록 배수 및 차수 계획을 수립하여야 한다.,"추진관 내 막장 붕괴로 인하여 기존 도로, 철도, 제방, 하천 등의 함몰로 운행 중인 차량과 열차의 안전에 위험을 초래하므로 토질 및 용수 조건과 같은 제반 현장 여건을 고려하여 파이프 루프(Pipe Roof) 공법이나 그라우팅 (Grouting) 공법과 같은 보조공법을 적용한 지반개량을 필요시 계획하여야 한다.","추진․도달 기지인 흙막이 지보공과 추진 받침대, 유압잭과 같은 추진장치, 반력 벽, 관내 토사 굴착 및 운반기계 등과 같은 주요 설비와 장비에 대해서는 반입하여 사용하기 전에 해당 분야 전문가가 구조적 안전성을 검토하고 부재의 결함․손상 여부를 확인하도록 하여야 한다.","근로자를 위한 음료수, 화장실, 구급약의 비치 등 제반 안전보건 위생시설 계획을 수립하고 인근 주민에게 오염, 악취, 소음, 진동 등의 공해를 주지 않도록 하여야 한다.","막장 붕괴 등의 사고 발생에 대비하여 비상시 연락체계, 피난계획과 구조계획, 응급조치계획 등을 사전에 수립하고 이를 당해 근로자에게 반드시 교육시켜야 하고 정기적으로 훈련하여야 한다.","작업자는 사전에 유압식 추진공법에 대한 기술과 안전교육을 받은 자만이 작업할 수 있고 설치 시에는 안전모, 안전화, 안전장갑 등 당해 작업에 적합한 보호구를 착용하여야 한다.","추진․도달 기지 주변 상부에는 불필요한 토사나 자재, 공구 등이 기지 내부로 낙하하는 일이 없도록 청소나 정리 정돈 등을 철저히 하여 항상 안전하고 청결한 상태를 유지하도록 하여야 한다.",장비와 자재 등의 하역작업은 중량 및 적재 상태 등을 고려하여 안전하고 적절한 하역 방법을 선정하여 작업하여야 한다.,추진․도달 기지에는 근로자의 안전한 출입을 위하여 지면에서 굴착저면까 지 안전한 계단 구조의 승강 통로를 설치하여야 한다.,"지하수 유출, 지반의 이완과 침하, 흙막이 지보공 부재의 변형, 연결부의 풀림 등은 설치된 계측기와 육안을 통하여 수시로 점검하고 이상이 있을 경우에는 그에 따른 안정성을 검토하여 즉시 보호 조치를 강구하여야 한다.","협소한 장소에서 작업이 수행됨에 따라 추락, 낙하, 붕괴, 감전, 협착, 충돌 등의 재해를 유발할 수 있으므로 장비 작업반경 등을 고려하여 작업 구획을 설정하고 관리 감독자를 지정하여 작업을 지휘하도록 하여야 한다.","안전모, 안전대 등 근로자의 개인보호구를 점검하고 작업 전에 보호구의 올바른 착용방법 교육을 실시하고 작업 중에는 착용 여부 및 상태를 확인하여야 한다.","반력벽은 추진관 추진에 필요한 유압잭의 최대압력과 소요의 안전율을 고려한 설계압력에 저항할 수 있는 구조와 규모이어야 하고 다음의 안전성을 검토하여야 한다.
소요 추진력
잭의 용량
반력벽의 제원(폭, 높이, 두께)
반력벽의 전단강도","인공섬을 축도하지 않고 수상에서 RCD 현장타설말 공사의 시공순서는 일반적으로 다음과 같다.
가이드 프레임 설치
케이싱 시공
굴착
철근망 시공
수중 콘크리트 타설
절단 및 두부정리","현수교 및 사장교 주탑 기초에 최근 주로 사용되는 있는 축도(인공섬)후 RCD 현장타설 말뚝공사의 시공순서는 일반적으로 다음과 같다.
지반보강(SCP, CDM)
인공섬 내부에서 말뚝의 저항능력을 향상시키기 위하여 말뚝의 위치에는 SCP(Sand Compaction Pile)로 지반을 보강하여 압밀침하를 조기에 완료시키는 공법을 채택한다.
말뚝 외측에 있는 안벽 콘크리트 블럭의 하부지반에는 CDM(Cement Deep Mixing)공법으로 보강하여 인공섬 전체의 강성을 증대시킨다.
일반적으로 인공섬 내부쪽의 SCP 공사를 완료하고 이후에 외측의 CDM에 의한 지반보강 공사를 순차적으로 진행한다.
축도 시공
현수교, 사장교 주탑 기초는 깊은 수심과 연약한 점토층에 시공하므로 횡방향 저항을 기대할 수 없는 돌출 말뚝 형식이 될 수 밖에 없어 주로 인공섬을 설치한다.
SCP, CDM 공법으로 보강된 지반 위에 사석을 수중으로 투하하여 마운드를 형성한다.
마운드 위에 콘크리트 블록을 쌓아 올려 인공섬의 외측 안벽을 시공한다.
타원형의 콘크리트 블럭식 안벽내부에는 토사를 채워 인공섬을 완성한다.
현장타설말뚝기초 시공
케이싱 제작·반입
케이싱 항타, RCD 천공, 슬라임(Slime) 제거 및 철근망조립
철근망 건입 및 콘크리트 타설, 케이싱 인발, 콘크리트 양생
두부정리
말뚝시공 완료 후 연직 및 수평방향의 재하시험 실시
기초판 시공
기초판 거푸집 및 철근 조립
콘크리트 타설, 양생, 거푸집 해체
기초판 시공완료","RCD 현장타설말뚝 공사 중 발생 가능한 재해의 유형은 다음과 같다.
연약지반 보강 공사 중 기상악화로 인한 해상 작업선, 바지선 넘어짐
수중 구조물, 사석 투하물에 의한 근로자 재해
운항하는 타선박 및 부속선과의 부딪힘
수중 지지물(앵커, 와이어로프)과 걸림
바지선의 적재 초과 및 인양능력 초과로 인한 침몰
이동식 크레인 등 수중인양 기계의 넘어짐
잠수작업용 송기설비의 고장, 호스절단 등으로 산소공급 부족 및 중단으로 인한 재해
개인용 수상복 등 보호구 착용불량에 의한 익사
수중 용접 작업시 감전재해
바지선 외측 안전난간 미설치로 근로자가 해상으로 떨어짐
RCD에 의한 내부굴착 시 안전난간, 승강설비, 케이싱 상부덮개 미설치로 떨어짐
Slime 처리 시 침전조 및 바지선에서 떨어짐
주철근 조립용 원형틀 이동으로 근로자 끼임과 철근 조립 작업대에서 떨어짐","현수교, 사장교 주탑 기초에 주로 사용되는 RCD 현장타설말뚝 작업을 수행할 때에는 다음의 내용을 포함한 안전작업계획서를 작성하여야 한다.
주탑 기초 시공 현장 내외의 입지조건에 관한 사항
지형조건, 기상조건, 작업환경
공사현장 인근 주변상황이나 공사제약조건
공사현장의 풍향, 풍속 등과 같은 기상자료
하역․야적장 현황, 운반 장비 및 방법
조류의 방향과 유속, 조위의 변화(조석간만 차이)
기타 공사현장의 제반여건 등
기초 구조물 깊이, 직경, 형태 등과 같은 제원이나 특성
기초 시공방법, 시공순서, 시공 시 고려할 사항
설계도서에서 정하고 있는 작업단계별 작업방법
현장 내 기초 타설 장비나 인양장비 등에 관한 사항
공사용 장비 사용상의 문제점 검토
최대하중 부재의 인양에 적합한 규격의 크레인 배치
주탑 기초 시공 시 안전작업에 영향을 끼칠 것으로 예상되는 사항
과거 기상 자료 조사
조류, 해류, 하천류 조사
수장물 조사 및 보강 또는 이설 대책
악천후(돌풍, 태풍, 폭우, 폭설, 해일)시 피난대책 및 연락체계
주변의 어장이나 양식장 유무
작업 폐기물, 부유토의 방지대책
대외기관 비상연락체계","잠수작업 시 송기설비의 고장, 호스절단 등으로 산소공급 부족 및 중단으로 인한 재해를 방지하기 위하여 다음의 내용을 포함한 안전작업계획서를 작성하여야 한다.
잠수 전 잠수기구 점검사항
공기압축기 또는 수동 펌프에 의한 공기 송기 잠수작업의 잠수기․송기관 및 신호밧줄
산소통에서 공기를 보내는 잠수작업의 잠수기․송기관․신호밧줄 및 압력조정기
잠수작업자가 산소통을 지니는 경우 잠수기 및 압력조정기
잠수작업시설
엔진, 콤푸레샤, 예비공기조, 공기청정기, 유량계, 공기호스
잠수부 정기 건강진단 : 1회/6개월 이상
잠수시 감시원 배치계획
10미터이상 잠수시 개인장구 지급계획
시계, 칼, 나침반, 수심측정기 등
잠수용 산소병의 실병과 공병의 구분 조치
야간 작업시 잠수작업 표지를 설치하여야 한다.
수중작업 연락체계(수중전화 등) 계획
송기량, 작업시간, 휴식시간 및 잠수 안전수칙과 안전교육 계획
음주 후 4시간 이내, 식사 후 2시간 이내, 공복 시 금지
잠수작업용 보호구 및 비상시 피난을 위한 용구 지급계획","안전작업계획서는 현수교, 사장교 주탑 기초 작업에 풍부한 경험과 지식, 자격을 갖춘 기술자가 작성하여야 하며, 공사 중에는 계획서의 내용을 체계적으로 운용하여야 한다.","현수교, 사장교 기초 시공시에는 돌풍이나 바람 등에 의한 위험을 방지하기 위하여 일기예보를 지속적으로 파악하여 작업을 완료할 수 있도록 안전작업계획서를 작성하여야 한다.","현수교, 사장교 기초 시공은 해상에서 작업이 이루어지는 경우가 많으므로 안전 작업에 영향을 끼칠 것으로 예상되는 다음사항에 대하여 안전작업계획서를 작성하여야 한다.
수상공사를 위하여 공사감독자와 협의하여 확인하기 쉽고 관측하기 쉬운 적절한 장소에 조위표를 설치하여야 한다.
수상공사를 안전하게 추진하기 위해서는 기상·해상 등의 자연조건에 관련된 정보, 선박교통 및 어업 등 사회조건에 관련된 정보들을 잘 관리하고 이용하여야 한다.
수상공사에서는 반드시 항행관리를 하여야 한다. 이러한 항행관리는 공사용 작업선박과 공사 해역부근을 항행하는 일반 항행선박을 구분하여 관리하여야 한다.
크레인, 리프트 등을 사용하여 조립 및 해체작업을 하는 경우 작업방법 및 순서 등이 포함된 중량물 취급 계획을 작성하여야 한다.
가설전선은 전기용량, 사용 장소 등에 맞추어 사용하기 편리하게 배선하고 가설전선은 공사작업에 방해가 되지않도록 설치하여야 하며 염해, 침수, 낙뢰 등에 대한 안전대책을 강구하여야 한다.","시스템비계 설치 순서
편평도 및 다짐 등 지반상태 확인
받침철물(잭베이스) 설치
받침철물(잭베이스)에 수직재 설치
밑둥잡이(수평재) 설치 및 1단부 수평재 설치
1단부 작업발판 설치
바닥과 1단부간 가설계단 설치
1단부 안전난간 및 2단부 수평재 설치
2단부 작업발판 설치
1단부와 2단부간 가설계단 설치
2단부 수직재 설치
2단부 안전난간 및 3단부 수평재 설치
벽이음 설치","무게중심에 의한 분류
A 그룹: 적재화물 무게중심의 수직 투영이 항상 전복선 안에 있는 고소작업대
B 그룹: 적재화물 무게중심의 수직 투영이 전복선 밖에 있을 수 있는 고소작업대","주행 장치에 따른 분류
제1종: 적재위치에서만 주행할 수 있는 고소작업대
제2종: 차대의 제어위치에서 조작하여 작업대를 상승한 상태로 주행하는 고소작업대
제3종: 작업대의 제어위치에서 조작하여 작업대를 상승한 상태로 주행하는 고소작업대","차량탑재형 고소작업대 차량탑재형은 화물자동차에 지브로 작업대를 연결한 형태로서 주행 제어장치가 차량(본체)의 운전석 안에 있는 고소작업대이며 <그림 1>과 같다.
","시저형 고소작업대 작업대가 시저장치에 의해서 수직으로 승강하는 형태이며 <그림 2>와 같다.
","자주식 고소작업대 작업대를 연결하는 지브가 굴절되는 형태이며 <그림 3>과 같다.
",밀폐공간의 작업 여건 및 도면을 검토하여야 한다.,"출입구 구조, 승․하강 설비, 조명 등의 현장조사를 실시하여야 한다.",산소농도 및 유해가스 유무를 확인하기 위해 작업장소의 수직방향 및 수평방향으로 각각 3개소 이상 측정하여야 한다.,방수재료의 구성성분과 물성 및 위험특성 등 물질안전보건자료(MSDS)를 정확히 파악하여 유해성 여부를 확인하여야 한다.,밀폐공간의 방수작업과 관련된 법규를 검토하여야 한다.,작업 중 발생할 수 있는 위험상황에 대처할 수 있도록 감시인 배치 계획 및 작업 모니터링 계획을 수립하여야 한다.,비상상황 발생시 외부와 연락할 수 있는 통신장비 등의 연락체계를 구축 하여야 한다.,"밀폐공간의 방수안전 작업방법, 응급처치 등 안전보건교육 계획을 수립하여야 한다.","대피용 기구의 비치(공기호흡기, 송기마스크, 휴대용랜턴, 무전기) 및 구조훈련 계획을 수립하여야 한다.","작업 전이나 작업 중 유해가스 및 산소 농도의 측정장소, 측정방법 등 계획을 수립하여야 한다.",작업 전 및 작업 중 산소농도를 측정하여 적정한 공기상태로 유지되도록 환기설비 계획을 수립하여야 한다. 환기량은 KOSHA GUIDE W-1-2012 (산업환기설비에 관한 기술지침) <별표1>을 참조하여 적정한 필요 환기량을 산정하여 강제 환기를 실시하여야 한다.,환기관련 전반적인 내용은 KOSHA GUIDE H-80-2012 (밀폐공간 보건작업 프로그램 시행에 관한 기술지침)을 참고한다.,작업 전 및 작업 중 유해가스를 조사하여 유해가스의 처리방법․시기 등의 계획을 수립하여야 한다.,"방수재료, 자재 등 운반 계획을 수립하여야 한다.",공기 호흡기 또는 송기 마스크 등 호흡용 보호구 지급 및 점검계획을 수립하여야 한다.,작업의 높이에 따른 이동식비계 등 작업발판의 설치 계획을 수립하여야 한다.,전기기계․기구 사용을 위한 가설전기의 설치 계획을 수립하여야 한다.,작업장 내 승․하강 설비 설치 계획을 수립하여야 한다.,가스검지기 및 경보기 설치 계획을 수립하여야 한다.,사전 위험성 평가를 실시하여 안전 대책을 수립하여야 한다.,"안전보건작업허가서 작성 작업자는 밀폐공간 방수작업 시 다음과 같은 안전보건작업허가서를 작성하여 관리감독자에게 허가 승인을 받은 후에 작업을 실시하여야 한다.
작업개요
안전담당자 지정 및 감시인 배치 유무
산소농도측정 유무
유해가스 부위별 측정 결과
환기설비 설치 유무
연락설비 구비 유무
개인 보호구 지급 및 점검 유무
방폭용 전기기계․기구의 사용 유무
소화기 비치 유무
호흡용 보호구 비치 유무
사고 발생 시 대응조치 계획
조명 설치 계획
안전교육 실시
안전통로 확보",관로 굴착 후 관로 매설작업 중 토사의 무너짐,관거 연결작업을 진행하던 중 기존에 매립된 상하수도관의 파열로 누수가 발생하여 불안정해진 굴착경사면이 무너짐,되메우기 작업을 위해 후진하던 굴삭기(백호우)에 부딪침,굴삭기로 자재 상차작업 중 버켓에 맞음,맨홀내부 작업중 산소결핍에 의한 질식,관로공사의 시공순서,각 세부공정별로 위험성평가를 실시하고 관리 대상 위험요인에 대한 재해예방 대책을 시행하고 작업하여야 한다.,"위험성평가를 실시할 때에는 설계서, 현장 및 작업 조건, 투입되는 근로자 및 건설장비 등을 종합적으로 검토하여야 하며 허용할 수 없는 위험요인에 대해서는 위험요인의 제거 또는 위험수준을 낮출 수 있도록 재해 예방 대책을 수립하여야 한다.","전체 공정에서 안전한 작업이 될 수 있도록 안전작업계획서를 작성하고 시공하여야 하며, 안전작업계획서에는 다음과 같은 사항이 포함되어야 한다.
작업개요, 공사기간
자재 반입계획
인원 투입계획
장비 투입계획(굴삭기, 이동식크레인, 로울러 등)
지하매설물도 확인 : 상·하수도관, 가스관, 전기통신관 등
흙막이지보공 설치계획
안전 가시설 계획
차량 통행 계획
배수계획
토사 반출 계획
다짐 작업 계획
감전재해 방지계획 : 교류아크용접기, 분전반, 전선관리 등
산소결핍 재해예방계획
근로자 안전보건관리계획
신규채용자교육 등 근로자 교육계획 등
근로자 신체검사 실시계획
안전보호구 착용방법 및 지급계획","굴착위치에 상·하수도관, 가스관, 전기통신관, 고압케이블 등 기존의 지하매설물이 설치되어 있는지의 여부를 관계기관 지하매설물 현황도를 확인하고 줄파기를 통하여 매설물을 노출시켜야 하며 필요시 이설 또는 보호조치를 하여야 한다. 또한 지상의 장애물에 대한 상황을 조사하여 시공에 차질이 없도록 조치하여야 한다.","굴삭기, 이동식크레인, 차량계 건설기계 등을 현장에 반입할 경우에는 해당장비 이력카드를 확인하여 관련 법령에 의한 정기검사 등 이력을 확인하고, 작업 시작 전에 브레이크, 클러치 및 운전장치의 기능 등을 점검하여야 한다.","굴착면의 높이 2m 이상 작업, 맨홀작업, 1톤 이상의 크레인작업 등은 유해․위험공종별 작업지휘자를 지정하고 작업전 특별안전교육을 실시하여야 한다.","안전작업계획서를 활용하여 안전에 만전을 기해야 하며 필요 장소에 안전표지판, 경고등, 차단막 등 안전사고방지를 위한 안전시설물을 설치하여야 한다.","전기 기계․기구의 누전여부, 접지선의 접속 확인, 케이블의 손상여부에 대해서 점검을 실시하고, 와이어로프의 이상유무 확인 등 달기구를 사용하기전에 점검을 실시하여야 한다.","굴착장소의 장해물, 굴착잔토 적치장, 작업구역 내 가설기자재 등의 임시적치상태, 산소결핍과 유해가스의 위험이 있는 장소, 지반의 상태 등 굴착위치를 사전에 확인하여야 한다.","동력장치 곤돌라의 본체로서 모터, 권상드럼, 제동장치, 제어장치 등으로 구성된다. 
","지지대 건물 옥상층이나 건물 중간층 바닥에 설치하여 달기기구와 연결되어 운반구와 동력원을 지지해주는 역할을 하며, 주로 H형강 또는 C형강을 사용하여 제작한다.
","달기기구 달기기구는 와이어로프, 샤클, 시브, 훅 등이 있으며 운반구를 매달거나 지지하는 구성요소이다.
","운반구 작업대 형식으로 제작하여 사람 또는 화물을 싣고 상·하로 이동하는 케이지를 말한다. 운반구는 길이에 따라 2.4 m, 3.6 m 및 4.8 m 를 기본으로 하며 그 외의 규격은 제작사별로 5 m, 6 m, 7 m 등 약간의 차이가 있다. 일반적으로 사용되는 운반구의 자중 및 적재하중은 <표 1>과 같다.
","전동식 전동모터와 와이어로프의 와인더를 이용하여 상·하로 이동시키는 구조로서 컨트롤 박스의 전원을 넣고 상·하 스위치를 조작하여 작동시키는 것을 말한다.
","수동식 수동식 레버와 클램프를 수동으로 조작하여 상·하로 이동시키는 구조로서 운반구에 와이어로프를 삽입하여 로프 풀림레버로 고정한 후에 상·하 레버를 작동시켜 조작하는 방식이다.
","상한 권과방지장치 리밋스위치가 승강 프레임 상단에 부착된 것으로서 작업대의 리밋스위치가 로프 최상단에 부착된 멈춤판에 프레임 레버가 닿으면 자동적으로 전원이 차단되어 작업대를 정지시키는 안전장치이다.
","하한 권과방지장치 리밋스위치가 하부에 부착된 것으로서 리밋스위치의 레버에 체인으로 둥근모양의 추를 매달고 이 추의 중간에 권상로프가 통과하도록 되어 있으며 추가 하부 최단 지상에 도달하면 리밋스위치가 작동하여 자동적으로 전원이 차단되며 작업대를 정지시키는 안전장치이다.
","조속기와 비상정지장치 조속기는 기계 부분의 고장 등에 의하여 곤돌라 작업대의 하강속도가 허용 하강속도를 초과할 경우 제1의 동작으로 스위치를 개방하여 전동기 회로를 차단하고 전자 브레이크를 작동시켜 작업대의 하강을 정지시키는 안전장치이며, 비상정지장치는 조속기의 작동에도 불구하고 작업대가 정지하지 않을 경우 제2의 동작으로 비상정지 장치가 작동하여 가이드레일을 붙잡아 작업대를 정지시키는 안전장치이다.
","블록 스토퍼(Block stopper) 붙잡음 이송 방식의 승강장치를 가진 곤돌라는 동일한 원리를 이용한 소형 붙잡음 장치를 설치하여 곤돌라 작업대가 허용 하강속도를 초과할 때 승강 와이어로프를 붙잡아 작업대의 하강을 정지시키는데 사용한다.
","자동 수평 조절장치(Auto leveling system) 곤돌라 운행 시 운반구의 기울어짐을 센서가 감지하여 경사진 쪽의 구동모터를 일시 정지시키고 수평이 자동 회복된 후 좌·우 구동 모터가 동시에 작동되어 항시 수평상태로 운행토록 하는 장치이다.
","전자식 과전류 계전기(EOCR : Electric over current relay) 곤돌라에 과전류가 흐를 경우 전원을 차단하는 장치로서 과부하방지장치 역할은 할 수는 없다.
","과부하 방지장치 정격하중 이상의 하중이 부하되었을 경우 자동적으로 정지시켜주는 장치로서 과부하방지장치 작동 시 전원이 차단되고 경보음이나 경보등이 작동되며 곤돌라는 움직이지 않아야 한다.
","그밖에 브레이크 기능 장치로서 곤돌라의 승강장치, 기복장치, 신축장치 및 주행장치에 작동을 제동하기 위한 브레이크 장치 등이 있다.",안전보건총괄책임자 또는 안전보건관리책임자는 산업안전보건법 제2장(안전· 보건 관리체제)에 따라 구성된 안전·보건활동 조직의 각 구성원에게 화재예방 및 피해경감을 위한 업무를 부여하고 이의 이행상태를 확인하고 관리하여야 한다.,"안전보건총괄책임자는 다음과 같은 사항이 포함된 화재예방 및 피해경감 계획서를 작성하고 감리자 또는 발주자에게 보고하여야 한다. 이는 산업안 전보건법 제48조의 유해위험방지계획서에 포함하여 작성할 수 있다.
재난 및 안전관리 조직의 구성 및 업무분장
화재종합방재실 설치 계획
공사진행 단계별 피난안전구역 및 피난시설의 설치, 피난유도 계획
공사진행 단계별 소방시설의 설치 및 유지관리 계획
화재경보 및 비상경보 체계 구축 계획
폭발성·인화성·산화성·가연성 등 위험물질의 운반·사용·저장 등의 관리 계획
화재 대비 교육 및 훈련 계획
화재발생 상황 보고, 신고, 전파 등에 관한 사항
화재 유형별 대응체제","토목, 건축, 전기, 기계, 통신 등 각 분야별 관리감독자(각 분야별 팀장으로서 이하 “각 분야별 관리감독자”라 한다)는 각 분야별 불연재료, 준불연재료 및 난연재료 이외의 재료의 현장 투입 현황을 사전에 조사하고 그의 반입예정시기를 목록화하여 안전관리부서장에게 통보하고 안전관리부서장은 이를 취합하여 안전보건총괄책임자에게 보고하여야 한다.","각 분야별 관리감독자는 각 분야별 폭발성·인화성·산화성·가연성 등 위험 물질의 운반·사용·저장 등이 필요한 경우에는 사전에 그 계획을 수립하고 안전관리부서장에게 통보하여야 하며, 안전관리부서장은 이를 취합하여 안전보건총괄책임자에게 보고하고, 안전보건총괄책임자는 이를 감리자 또는 발주자에게 보고하여 승인을 얻어야 한다.",안전보건총괄책임자는 화재종합방재실의 전반적인 운영을 담당할 종합방재 실장을 지정하고 실장으로 하여금 방재설비를 양호한 상태로 유지하도록 관리감독하여야 한다.,"사고사례
본 안전보건작업지침을 적용함에 있어 참고하도록 건설현장의 대표적인 화재·폭발사고 사례 및 화재관련 사진을 정리하면 <별표 2>와 같다.
","작업의자형 달비계 작업 순서
작업의자형 달비계의 작업 순서를 보면 비교적 단순한 편이며 그와 같은 단순작업과정이 지속적으로 반복되는 작업으로 작업순서는 <그림 3>와 같다.","달비계를 지지하는 모든 로프는 최소 22.9kN(2,340 kgf)의 강도를 가진 인조섬유(나일론이나 폴리프로필렌이 적합)이어야 하며, 허용하중을 초과해서 사용하여서는 아니된다.",작업에 사용되는 작업대 및 작업용 기구 등은 떨어지지 않도록 부착하여야한다.,"작업용 로프와 구명줄에는 다음 내용이 표시되거나 내용이 표시된 꼬리표가 부착되어 있어야 한다.
생산자의 상호, 길이/크기, 생산일, 작업 투입일","작업용 로프, 구명줄은 연결하여 사용하지 말아야 한다.","사용 전에 로프의 손상 유․무를 반드시 검사하여야 하며 검사결과 과도하게 닳거나 손상, 변형된 부분이 발견되면 즉시 폐기하여야 한다.",작업용 로프는 사용된 날부터 2년 이상이 되었거나 제조일로부터 3년 이상이 되었을 때에는 사용하지 않아야 한다.,"건물 또는 구조물의 단부, 날카로운 물체를 지나 설치되는 작업용 로프나 구명줄은 절단이나 마모로부터 보호될 수 있도록 별도의 조치를 하여야 한다.",작업용 로프 및 지지설비의 구조에 대한 안전작업 하중은 안전율 10을 적용하여 사용하여야 한다.,"일반적으로 P.P 또는 P.E 로프를 사용하는 경우, 작업용 로프는 직경 22mm 이상, 구명줄 로프는 16mm 이상을 사용하여야 한다.(단, 모든 로프는 최소 22.9kN(2,340kgf)의 강도를 갖고, 허용하중을 초과해서 사용하여서는 아니된다.)","이동식 크레인의 종류
국내 현장에서 주로 사용하는 이동식 크레인의 종류는 다음과 같다.
","트럭 크레인(Truck Crane) 하부 주행체의 주행부에 타이어를 사용한 자주식 크레인이며, 하부 주행체 및 상부 선회체에 각각 운전석을 가지고 있다. 트럭 크레인은 <그림 1>과 같다.
","사업주는 근로자의 위험을 방지하기 위하여 다음의 내용을 포함한 작업계획서를 작성하고 그 계획에 따라 작업을 하도록 하여야 한다.
타워크레인의 종류 및 형식
설치․조립 및 해체순서
작업도구․장비․가설설비 및 방호설비
작업인원의 구성 및 작업근로자의 역할 범위
산업안전보건기준에 관한 규칙 제142조에 따른 지지 방법",사업주는 (1)항에 따라 작성한 작업계획서의 내용을 해당 근로자에게 알려야 한다.,"사업장 일반사항
현장명
현장주소, 전화번호","본사 비상연락망
주소, 대표전화
각 부서별 부서장과 담당자 이름 및 연락처","타워크레인 설치계획표
일정, 시간
작업공정, 작업분담 및 담당근로자",타워크레인 배치도,"종류 및 형식
규격, 형식, Jib 길이, Tip load
자립고, 전기용량, 제작사, 제작년도, 형태","타워크레인 수리․점검․사용 현황
수리․점검이력
사용이력
등록증 사본
운전원 면허증 사본",타워크레인 주요제원 및 하중표,타워크레인 설치 작업도를 작업계획서에 첨부하여야 한다.,타워크레인 설치․조립작업 흐름도를 작성한다. 타워크레인의 설치․조립은 제작회사에서 제공하는 설계도면 또는 설치 메뉴얼을 따르는 것을 원칙으로 한다. 타워크레인 설치․조립작업 흐름도의 예는 <그림 1>과 같다. 타워크레인 설치 협의 → 설치 크레인 위치 및 현장,기초 앵커 도면을 작업계획서에 첨부한다. 기초 앵커 도면에 대한 예는 <그림 2>와 같다.,"타워크레인 설치 작업 시 작업별 공정에 대한 점검․확인사항을 체크리스트[<부록 표 3>의 (4)]로 만들어 작업계획서에 포함한다. 작업별 공정은 다음 각 호와 같다.
기초 앵커 설치
인입전원 가설
베이직 및 일반마스트 설치
텔레스코픽 케이지 설치
운전실, 턴테이블 및 탑 헤드 설치
카운터 지브 설치
메인 지브와 카운터 웨이트 설치
와이어로프 설치","타워크레인 상승 작업 시 다음 각 호의 작업별 공정에 대한 점검․확인사항을 체크리스트[<부록 표 3>의 (5)]로 만들어 작업계획서에 포함한다.
메인 지브와 카운터 웨이트의 균형 유지
텔레스코픽 케이지 설치
가이드레일에 새로운 마스트 상차
마스트 상승
상승 작업 중의 작동 금지
상승 작업 완료 후 조치",타워크레인 해체작업 흐름도를 작업계획서에 작성한다. 타워크레인의 해체는 제작회사에서 제공하는 설계도면 또는 해체 메뉴얼을 따르는 것을 원칙으로 한다. 타워크레인 해체작업 흐름도의 예는 <그림 3>과 같다.,"타워크레인 해체 작업 시 작업별 공정에 대한 점검․확인사항을 체크리스트[<부록 표 4>의 (2)]로 만들어 작업계획서에 포함한다. 작업별 공정은 다음 각 호와 같다.
지브의 균형유지
마스트 해체
카운터 웨이트 및 메인 지브 해체
카운터 지브 해체
탑 헤드 해체, 턴테이블 및 운전실 해체","개인보호구
안전대, 안전모, 안전화
안전장갑, 각반, 보안경 등","작업도구
토크렌치, 체인블럭, 샤클
받침목, 와이어로프 등","운반차량, 이동식크레인 등","방호설비
타워크레인 방호울타리
장비작업반경 접근방지 표지
변압기 손상방지용 선반 등",타워크레인의 설치․조립․해체 시 필요한 작업인원의 구성을 작업계획서에 작성한다. 작업인원 구성의 예는 <그림 4>와 같다.,타워크레인의 설치․조립․해체 시 작업팀장의 책임 하에 각 근로자는 제작회사에서 제공하는 설치․조립 또는 해체 매뉴얼에 제시된 절차를 준수하여야 한다.,"타워크레인의 안전관리계획
현장 조치사항
설치․조립․해체 업체의 조치 및 준비사항",설치․해체용 크레인 통제방안,운반차량 통제방안,"안전교육
작업팀에 대한 교육 내용
작업팀에 대한 현장 확인사항",노후장비에 대한 비파괴검사,타워크레인의 지지방법을 결정한다. 사업주는 타워크레인을 자립고 이상의 높이로 설치하는 경우 건축물 등의 벽체에 지지하도록 하여야 한다.,타워크레인을 벽체에 지지하는 경우의 사업주 준수사항을 체크리스트로 만들어 작업계획서에 포함한다.,"설계변경 업무의 진행과정
가설구조물에 대한 설계변경 업무의 진행과정의 개요를 나타내면 <그림 1>과 같다.
","도급인은 근로자의 안전을 위하여 안전한 가설구조물의 공법이 설계에 반영될 수 있도록 노력하여야 하며, 다음 각 호의 가설구조물은 사용되는 재료, 안전한 작업방법 및 순서를 설계서에 포함하여야 한다.
높이 31미터 이상인 비계
작업발판 일체형 거푸집
높이 6미터 이상인 거푸집동바리
터널지보공
높이 2미터 이상인 흙막이지보공
동력을 이용하여 움직이는 가설구조물","설계변경이 필요한 경우 설계변경의 판단근거는 도급인이 해당공사에 대하여 게시 또는 제공한 다음 각 호의 입찰관련서류로 한다.
설계서(공사시방서, 설계도면, 현장설명서, 물량내역서)
입찰과정의 질의회시 내용
입찰공고문
계약일반조건 및 계약특수조건","설계도면에 가설구조물공사를 구체적으로 명시하고 있지 않다고 하더라도 공사시방서, 현장설명서, 도급인이 제공한 물량내역서가 가설구조물의 설계 조건을 표현하고 있다면 필요한 경우 그것이 설계변경의 근거가 된다.",도급인이 제공한 설계서만으로 가설구조물의 설계조건을 알 수 없는 경우에는 산출내역서에서 정한 내용이 설계변경 근거가 된다,"도급인이 제공한 설계서에서 적용한 공법 등이 서로 다른 경우에는 입찰참가 당시에 도급인에게 그 판단을 질의하여 회신을 받아야 하며, 계약 이후에 발견된 때에도 동일하다. 질의를 받은 도급인은 계약 관련 법령 또는 상 호 계약에서 정한 기간 내에 이를 회신하여야 하며 그러하지 않은 때에는 수급인이 작성한 산출내역서에서 정한 내용이 설계변경 근거가 된다.","도급인이 물량내역서를 제공하지 않는 등 도급인이 제공한 설계서만으로는 가설구조물의 설계조건을 알 수 없는 경우에는 입찰참가자가 도급인에게 가설구조물의 설계조건에 대하여 질의하고 그 회신을 받을 수 있으며, 그러 한 때에는 도급인이 회신한 설계조건이 설계변경 근거가 된다.",수급인은 도급인과 공사계약을 한 때에는 즉시 전체공정에 대하여 설계서와 현장조건의 부합여부를 확인하여야 한다.,수급인은 도급인으로부터 제공받은 설계서(구조계산서 포함) 등을 충분히 검토하여 상호 불일치되는 사항 유무를 확인하여야 한다.,수급인은 각 공종별 그의 하수급인에게 도급을 준 경우에도 하수급인으로 하여금 해당공사에 대하여 설계서의 검토 및 현장조건과의 부합여부를 확인하도록 하여야 한다.,"수급인은 그의 근로자와 하수급인의 근로자로 하여금 단위작업에 대한 안전한 작업방법 및 순서를 결정하게 하고 단위작업 전 과정에 있어서 예상되는 위험요인을 도출하게 하고 위험요인이 허용범위 이내가 되도록 관리하며, 필요한 사항을 지원하여야 한다.",상기 (1) ∼ (4)의 과정에서 설계서와 현장조건이 불일치하거나 설계서 상호간에 불일치되는 사항이 있거나 위험요인을 제거 또는 경감하기 위해 필요한 금액이 계약조건 이외의 사항인 경우에는 즉시 도급인에게 상황을 보고하고 도급인의 판단을 구하여야 한다. 이때 도급인은 특별한 사유가 없는 한 이에 필요한 사항을 지원하여야 한다.,"도급인은 다음 각 호의 경우에는 수급인의 요청에 따라 설계 변경하여야 한다.
설계서에서 정한 가설구조물이 구조적으로 불안전한 경우
현장조건 상 설계서에서 정한 가설구조물을 시공하는 과정에서 대형사고 위험에 노출될 우려가 있는 경우
현장조건 상 설계서에서 정한 가설구조물을 시공할 수 없는 경우
현장조건 상 무너짐 등의 위험성이 매우 높음에도 불구하고 가설구조물의 설계를 누락한 경우","재해발생 위험의 사전검토 결과 가설구조물의 무너짐 등 재해발생이 예상되는 때에는 가설구조물의 안전성을 구체적으로 검토하여야 하며, 가설구조물의 안전성 여부는 “한국산업안전보건공단” 또는 전문가 1인 이상의 의견을 듣고 판단하여야 한다.","전문가의 자격조건은 대상 가설구조물의 안전성을 판단할 수 있는 충분한 기술능력과 국가자격기준을 갖춘 자로 하며, 자격조건별 검토할 수 있는 가설구조물은 다음 각 호와 같다.
건축구조기술사 : 5.1 (1) (가) ∼ (다) 및 (바) (단, 토목공사는 제외)
토목구조기술사 : 5.1 (1) (가) ∼ (바) (단, 토목공사로 한정)
토질 및 기초기술사 : 5.1 (1) (라) 및 (마)의 구조물로 한정
건설기계기술사 : 5.1 (1) (바)의 구조물로 한정",가설구조물의 안전성 판단은 전문가의 안전성 검토의견서 등을 근거로 한다.,불안전한 구조라고 우려되는 가설구조물의 안전성을 검토할 경우에는 설계서에 명기된 가설구조물의 재료·치수·배치간격 등을 사용하여 현장조건의 하중 및 작업 상태를 적용하여 계산하고 그 결과를 관련 기술기준에 따라 판단하여야 한다.,전문가가 가설구조물의 안전성에 대한 검토의견을 제시하는 경우에는 객관적이고 구체적인 의견을 제시하여야 한다.,수급인은 불안전하다고 판단되는 가설구조물을 설계변경하고자 하는 때에는 전문가의 검토의견서와 개략공사비 산출내용을 첨부하여 도급인에게 문서로 설계변경을 요청한다.,도급인은 수급인으로부터 건설공사 설계변경 요청서를 접수한 날로부터 30일 이내에 설계변경을 승인 또는 불승인한다는 의견을 문서로 회신하여야 한다.,"설계변경 대상 부분은 설계변경이 확정되기 전에는 공사를 하여서는 아니 된다. 다만, 공정이행의 지연으로 품질저하가 우려되는 등 긴급하게 공사를 수행하게 할 필요가 있는 때에는 도급인과 협의하여 설계변경의 시기 등을 명확히 정하고, 설계변경을 완료하기 전에 시공할 수 있다.",도급인으로부터 설계변경 승인을 받은 수급인은 계약금액의 조정을 위한 설계변경금액확정요청서를 작성하여 도급인에게 제출하여 승인을 받아야 한다.,"설계변경금액확정요청서를 근거로 계약금액의 조정을 30일 이내에 하여야 한다. 다만, 예산배정의 지연 등 불가피한 사유가 있는 때에는 도급인과 협의하여 조정기한을 연장할 수 있으며, 계약금액을 증액할 수 있는 예산이 없는 때에는 공사량 또는 제조량 등을 조정하여 그 대가를 지급받을 수 있다.","수급인의 요구에 의해 설계변경한 공사량의 단가는 계약단가를 적용한다. 다만, 계약단가가 예정가격단가 보다 높은 경우로서 물량이 증가하게 되는 경우에는 그 증가된 물량에 대해서는 예정가격단가를 적용한다.","수급인의 요구에 의해 설계변경한 것으로서 계약단가가 없는 신규비목(동일한 품목이라도 성능, 규격 등이 다른 경우를 포함)의 단가는 설계변경 당시를 기준으로 하여 산정한 단가에 낙찰률을 곱한 금액으로 한다.","도급인의 요구에 의해 설계변경함으로서 증가된 물량 또는 신규비목의 단가는 설계변경당시를 기준으로 하여 산정한 단가와 그 단가에 낙찰률을 곱한 금액의 범위 안에서 계약당사자간에 협의하여 결정한다. 다만, 계약당사자간에 협의가 이루어지지 아니하는 경우에는 설계변경당시를 기준으로 하 여 산정한 단가와 그 단가에 낙찰률을 곱한 금액을 합한 금액의 평균으로 한다.","수급인의 요구에 의해 새로운 기술·공법 등을 사용함으로써 공사비의 절감, 시공기간의 단축 등의 효과가 현저하다고 인정되어 설계변경을 한 때에는 계약금액의 조정에 있어서 당해절감액의 100분의 30에 해당하는 금액을 감액한다.","도급인은 수급인이 설계변경을 위하여 전문가에게 구조검토를 의뢰하는 등에 소요되는 경비를 설계변경금액에 포함하여야 한다. 다만, 설계변경 불승인 사유로 인하여 불승인하는 경우에는 이의 경비를 지급하지 않는다.",계약금액의 증감분에 대한 일반관리비 및 이윤 등 각종 간접경비의 산출은 수급인이 계약당시에 제출한 산출내역서 상의 요율을 적용한다.,"설계서에서 정한 가설구조물과 관련된 안전성 판단을 요청받은 전문가는 당초의 설계서와 현장조건을 검토하여 구조검토를 하는 등 객관적인 기술 기준을 근거로 설계변경 필요성을 판단하여야 하며, 다음 각 호의 서류를 첨부하여 검토 의견서를 제출하여야 한다.
설계변경이 필요한 기술적 판단근거
설계변경(안)
설계변경(안)에 대한 기술적 안전성 판단 근거",설계변경이 필요한 기술적 판단은 구조계산을 통한 불안전한 상태의 판단 또는 현장에서 적용할 수 없는 구체적인 사유 등을 근거로 하여야 한다.,"수급인이 도급인에게 산업안전보건법 시행규칙 제31조의2제1항에 따라 설계 변경을 요청하는 경우에는 다음의 서류를 첨부하여 문서로 요청하여야 한다.
건설공사 설계변경 요청서(산업안전보건법 시행규칙 별지 제9호의2서식)
설계변경 요청 대상 공사의 도면
당초 설계의 문제점 및 변경요청 이유서
가설구조물의 구조계산서 등 당초 설계의 안전성에 관한 전문가의 검토 의견서 및 그 전문가(전문가가 공단인 경우는 제외)의 자격증 사본
그 밖에 재해발생의 위험이 높아 설계변경이 필요함을 증명할 수 있는 서류","수급인이 도급인에게 산업안전보건법 시행규칙 제31조의2제2항에 따라 설계 변경을 요청하는 경우에는 다음의 서류를 첨부하여 문서로 요청하여야 한다.
건설공사 설계변경 요청서(산업안전보건법 시행규칙 별지 제9호의2서식)
같은 법 시행규칙 제123조제4항에 따라 지방고용노동관서의 장이 명령한 공사착공중지명령 또는 계획변경명령 등의 내용
같은 법 제48조제4항에 따른 유해위험방지계획서 심사결과 통지서
설계변경 요청 대상 공사의 도면
당초 설계의 문제점 및 변경요청 이유서
그 밖에 재해발생의 위험이 높아 설계변경이 필요함을 증명할 수 있는 서류","수급인이 도급인으로부터 설계변경승인을 받은 때에는 다음 각 호의 서류를 첨부한 설계변경금액확정요청서를 작성하여 도급인의 승인을 받아야 한다.
설계변경사유서(전문가의 검토의견서)
설계변경 전후 상세도
수량산출서
단가산출서(물가자료, 품셈, 일위대가, 실적단가 등 비교표)
설계변경 산출내역서",도급인으로부터 승인된 설계변경금액확정서는 공사비의 계약변경 때에 포함하여 변경계약한다.,"도급인은 수급인의 설계변경요청 문서를 검토한 결과 다음 각 호의 사유가 발견되는 경우에는 설계변경하지 않을 수 있다.
당초 설계서 보다 불안전한 구조로 산출내역서를 작성하고 이를 변경하려는 경우
설계서에 대한 수급인의 안전성 평가 과정에서 중대한 오류가 발견된 경우 또는 설계서의 가설구조물로도 충분히 안전함을 입증한 경우
거짓·부당하게 요청하는 경우
수급인이 요청한 설계변경 후의 구조가 지나치게 과다 설계된 경우
수급인이 요청한 설계변경 내용이 기술적으로 적용이 불가능한 것이 명백한 경우","도급인은 상기 (1)의 (나)를 이유로 설계변경을 불승인하는 경우에는 설계자의 추가적인 검토의견을 참고하고, 설계자와 업무상 무관한 전문가의 의견을 듣고 불승인하여야 하며, 설계자와 전문가의 의견은 문서로 갖추어 두어야 한다.",도급인은 상기 (1)의 (다)를 이유로 설계변경을 불승인하는 경우에는 대안을 제시하여 수급인과 협의하거나 대안에 의한 설계변경을 지시하여야 한다.,상기 (3)항의 대안에 의한 설계변경을 하는 경우에는 설계변경에 따른 계약 금액의 조정방법은 수급인이 설계변경을 요청한 경우로 한다.,도급인은 설계변경 불승인과 관련된 서류는 공사준공일 까지 보관하여야 한다.,"콘크리트 옹벽의 종류는 다음과 같다.
중력식 옹벽 옹벽 자체의 무게로 토압 등의 외력을 지지하여 자중으로 토압에 저항하는 형식으로 <그림 4>와 같다.

반중력식 옹벽 반중력식 옹벽은 중력식 옹벽의 벽두께를 얇게 하고 이로 인해 생기는 인장 응력에 저항하기 위해 철근을 배치한 형식으로 <그림 5>와 같다.

캔틸레버(Cantilever)식 옹벽
역T형 옹벽: 옹벽의 배면에 기초 슬래브가 일부 돌출한 모양의 옹벽형식으로 <그림 6>과 같다.
L형 옹벽: L형 옹벽은 한쪽 끝이 고정되고 다른 끝은 받쳐지지 않은 상태로 되어있는 보를 이용해 옹벽의 재료를 절약하는 형식으로 <그림 7>과 같다.
부벽식 옹벽
앞부벽식 옹벽: 외벽면에서 바깥쪽으로 튀어나와 벽체가 쓰러지지 않게 지탱하기 위하여 부벽을 이용하는 형식으로 <그림 8>과 같다.
뒷부벽식 옹벽: 부벽을 2~3미터마다 설치하여 벽체 및 기초의 강성을 증대시키는 형식으로〈그림 9>와 같다.","대상 지반에 대한 지질 조사, 가스관․통신선로․상수관․하수관․인근 구조 물의 기초 등 지하 매설물 조사, 인근 구조물․고압 전선로 등 지상 장애물 조사, 장비의 운행경로 등 현황 조사를 실시하여야 한다.",정착부의 지반에 대한 토질정수를 결정하기 위한 지질조사․토질시험 등을 실시하고 그 결과를 이용한 설계를 하여야 한다.,정착부는 지하 구조물 또는 지표면의 역방향 경사 등으로 인하여 마찰저항이 부족한지의 여부를 판단하고 충분한 설계 정착력이 확보될 수 있도록 설계하여야 한다.,"대상 현장에 대한 현황조사, 구조해석결과, 구조도면, 특기시방 등의 설계도서를 공사 관계자가 판독하기 용이하게 제작하여야 한다.","구조 해석 결과에는 지하수위, 토층의 두께, 토질의 단위중량, 흙의 내부마찰각, 지반의 전단강도 등 토압계산에 반영된 제반 토질 정수를 기록하여야 한다.","구조 도면에는 재료의 종류 및 치수, 배치간격, 시공순서, 시공방법 등을 기록하여야 한다.",네일을 설치하기 위하여 노출되어 있는 굴착면의 높이와 시공성을 고려하여 굴착 단계별 토압으로 인한 붕괴의 위험성 유무를 검토하여야 한다.,"굴착 작업 중 지하수위의 변화, 지반의 변위, 이상토압의 증가 등으로 인한 재해를 예방하기 위하여 필요한 계측항목을 정하여야 한다.",시공자가 특별히 주의하여 시공할 필요가 있는 사항에 대해서는 특기 시방서를 작성하거나 설계도면에 별도로 명기하여 시공자가 안전한 시공을 수행할 수 있도록 하여야 한다.,"설계도서의 내용이 대상 현장의 지형, 지상 및 지하 장애물 등을 반영하였는지 여부에 대하여 판단하여야 하며, 이상여부가 발견된 때에는 설계자에게 질의하여 이를 조정하여야 한다.","시공자로부터 시공 계획서를 제출받아 이를 검토하고 필요한 경우에는 보완 요청 및 시정 지시를 하여야 하며, 지반의 붕괴 또는 토석의 낙하 등으로부터 안전한 시공 계획서일 경우 이를 승인하여야 한다.","시공 중에는 설계도서와 일치 여부를 확인․감독하여야 하며, 현장 조건이 설계도서와 상이하여 설계 내용을 변경하여야 할 경우에는 책임있는 기술자의 의견을 들어 안전한 방법을 선정하고 이를 지시하여야 한다.",설계도서에서 정한 계측의 결과를 검토하여 이상이 발견된 때에는 조치 방안을 강구하고 이를 지시한 후 이행 여부를 확인하여야 한다.,"자재를 반입할 경우에는 설계도서와의 부합 여부를 검수하여야 하며, 검수 도중 불량 자재 및 부적격 자재는 즉시 현장 밖으로 반출하도록 지시하여야 한다.","근로자의 안전을 위하여 작업장의 안전시설의 설치, 근로자의 보호구 착용 상태 등을 점검하고 불안전한 상태를 제거하도록 노력하여야 한다.",작업 시작 전 현장 조건이 설계도서와 일치하는지의 여부를 확인하고 상이 하다고 판단된 때에는 감독 및 감리자에게 이를 보고하고 대처방안을 상호 협의하여야 한다.,"시공 계획서를 작성하여 감독 및 감리자에게 제출하고 그의 승인을 얻은 후 작업을 시행하여야 하며, 시공 계획서에는 다음과 같은 사항을 반드시 포함하여 작성하여야 한다.","네일, 연결 철근, 지압판, 너트 등 사용되는 자재의 종류, 성능(강도), 치수, 제작사","천공장비 등 사용장비의 종류, 성능, 운행 경로","지반의 변위, 정착력의 변화, 지하수위의 변화 등을 확인할 수 있는 계측의 방법 (종류, 위치, 수량, 측정주기, 평가방법 등)","품질시험의 종류, 횟수 및 방법","그라우팅재의 배합설계, 양생 기간 및 뿜어 붙이기 콘크리트 타설 시기 등",뿜어 붙이기 콘크리트(shotcrete)의 강도,기타 안전성 확보를 위하여 필요한 주요사항,작업 시작 전 근로자에게 안전한 작업 방법을 교육하고 이를 지휘하여야 한다.,"설계도서와 시공 계획서에 준하여 시공하여야 하며, 공사 도중 지반 조건이 설계도서와 상이하거나 지하수 유출이 지반의 안전 상에 심대한 영향을 미칠 우려가 있는 때에는 이를 감독 및 감리자에게 보고하고 이에 대한 대처 방안을 협의하여야 한다.","자재를 반입할 경우에는 사전에 설계도서에서 정한 성능 이상의 자재로서 그의 종류, 규격, 수량, 제작사 등을 명기한 자재 승인 요청서를 감독 및 감리자에게 제출하여 이를 승인받은 후 반입하고 반입된 자재는 자체적으로 검수하고 감독 및 감리자의 검수를 받아야 한다. 이때 부적격한 자재는 즉시 현장 밖으로 반출하여야 한다.","자재는 가능한 한 즉시 사용이 가능하도록 필요한 양만큼 순차적으로 반입하되 일정 기간 동안 보관하여야 할 경우에는 양호한 상태로 보관하여야 하며, 부식, 마모, 변형 등이 발생되지 않도록 하여야 한다.","근로자의 안전을 위하여 작업장의 안전시설의 설치, 보호구의 착용 상태 감시, 악천후 시에는 작업의 중지, 관계 근로자 이외의 자의 출입통제 등의 업무를 수행하여야 하며, 붕괴의 위험이 있다고 판단된 경우에는 즉시 근로자를 안전한 장소로 대피시켜야 한다.","감독 및 감리자가 없는 현장인 경우에는 현장 조건이 설계도서와 상이한 경우 책임있는 외부 전문가의 의견을 청취한 후 시행하여야 하며, 작업계획서는 자체적으로 수립하고 이를 보존하여 두어야 한다.",관리감독자가 지휘하는 안전한 작업 방법을 준수하여야 한다.,작업 도중 불안전한 행위를 하여서는 아니 된다.,"작업 중에는 반드시 필요한 보호구를 착용하여야 하며, 작업 후에는 보호구를 양호하게 관리하여야 한다.","작업 중 이상 현상 또는 위험한 요인을 발견한 때에는 즉시 관리감독자에게 이를 알려야 하며, 그의 지시를 받아서 작업하여야 한다.","작업 내용 및 순서
소일네일링공사의 시공순서는 <그림 3> 및 <그림 4>와 같다. ","대상 지반에 대한 지질조사, 가스관․통신 선로․상수관․하수관․인근 구조물의 기초 등 지하 매설물 조사, 인근 구조물․고압 전선로 등 지상 장애물 조사, 장비의 운행경로 등 현황 조사를 실시하여야 한다.",정착부의 지반에 대한 토질 정수를 결정하기 위한 지질 조사․토질 시험 등을 실시하고 그 결과를 이용한 설계를 하여야 한다.,정착부는 지하구조물 또는 지표면의 역방향 경사 등으로 인하여 마찰저항이 부족한지의 여부를 판단하고 충분한 설계 정착력이 확보될 수 있도록 설계하여야 한다.,"대상 현장에 대한 현황조사, 구조해석 결과, 구조도면, 특기 시방 등의 설계도서를 공사 관계자가 판독하기 용이하게 제작하여야 한다.","구조해석 결과에는 지하수위, 토층의 두께, 토질의 단위중량, 흙의 내부마찰각, 지반의 전단강도 등 토압 계산에 반영된 제반 토질 정수를 기록하여야 한다.","구조도면에는 재료의 종류 및 치수, 배치 간격, 시공 순서, 시공방법 등을 기록하여야 한다.","어스 앵커를 설치하기 위하여 노출되어 있는 굴착면의 높이와 시공성을 고려하여 굴착 단계별 토압으로 인한 붕괴의 위험성 유무를 검토하여야 한다. 이때, 제거식 앵커인 경우에는 본 구조물의 시공 단계별 제거 순서를 명기하여 시공자가 판단의 오류로 산업 재해를 유발하지 않도록 하여야 한다.","굴착 작업 중 지하수위의 변화, 지반의 변위, 이상토압의 증가 등으로 인한 재해를 예방하기 위하여 필요한 계측 항목을 정하여야 한다.",시공자가 특별히 주의하여 시공할 필요가 있는 사항에 대해서는 특기 시방서를 작성하거나 설계도면에 별도로 명기하여 시공자가 안전한 시공을 수행할 수 있도록 하여야 한다.,"설계도서의 내용이 대상 현장의 지형, 지상 및 지하 장애물 등을 반영하였는지 여부에 대하여 판단하여야 하며, 이상여부가 발견된 때에는 설계자에게 질의하여 이를 조정하여야 한다.","시공자로부터 시공 계획서를 제출 받아 이를 검토하고 필요한 경우에는 보완 요청 및 시정 지시를 하여야 하며, 지반의 붕괴 또는 토석의 낙하 등으로부터 안전한 시공 계획서일 경우 이를 승인하여야 한다.","시공 중에는 설계도서와 일치 여부를 확인․감독하여야 하며, 현장 조건이 설계도서와 상이하여 설계 내용을 변경하여야 할 경우에는 책임 있는 기술자의 의견을 들어 안전한 방법을 선정하고 이를 지시하여야 한다.",설계도서에서 정한 계측의 결과를 검토하여 이상이 발견된 때에는 조치 방안을 강구하고 이를 지시한 후 이행 여부를 확인하여야 한다.,"자재를 반입할 경우에는 설계도서와의 부합 여부를 검수하여야 하며, 검수 도중 불량 자재 및 부적격 자재는 즉시 현장 밖으로 반출하도록 지시하여야 한다.","근로자의 안전을 위하여 작업장의 안전시설의 설치, 근로자의 보호구 착용 상태 등을 점검하고 불안전한 상태를 제거하도록 노력하여야 한다.",작업 시작 전 현장 조건이 설계도서와 일치하는지의 여부를 확인하고 상이하다고 판단된 때에는 감독 및 감리자에게 이를 보고하고 대처 방안을 상호 협의하여야 한다.,"시공 계획서를 작성하여 감독 및 감리자에게 제출하고 그의 승인을 얻은 후 작업을 시행하여야 하며, 시공 계획서에는 다음과 같은 사항을 반드시 포함하여 작성하여야 한다.
앵커체, 강선, 지압판, 웨지 등 사용되는 자재의 종류, 성능(강도), 치수, 제작사
천공 장비 등 사용 장비의 종류, 성능, 운행 경로
인장에 사용되는 실린더, 유압장치 등의 종류 및 치수
어스 앵커 위치별 설계인 장력에 따른 유압장치의 유압력
지반의 변위, 정착력의 변화, 지하수위의 변화 등을 확인할 수 있는 계측의 방법 (종류, 위치, 수량, 측정주기, 평가방법 등)
지압판 설치 부위 띠장의 국부 좌굴을 방지하기 위한 보강재(stiffener)의 설치방법
인장시험, 인발시험, 확인시험 등 시험의 종류, 횟수 및 방법
모르타르 등 주입재의 배합 설계, 양생 기간 및 인장 시기 등
기타 안전성 확보를 위하여 필요한 주요사항",작업 시작 전 근로자에게 안전한 작업 방법을 교육하고 이를 지휘하여야 한다.,"설계도서와 시공 계획서에 준하여 시공하여야 하며, 공사 도중 지반 조건이 설계 도서와 상이하거나 지하수 유출이 지반의 안전 상에 심대한 영향을 미칠 우려가 있는 때에는 이를 감독 및 감리자에게 보고하고 이에 대한 대처 방안을 협의하여야 한다.","자재를 반입할 경우에는 사전에 설계도서에서 정한 성능 이상의 자재로서 그의 종류, 규격, 수량, 제작사 등을 명기한 자재승인요청서를 감독 및 감리자에게 제출하여 이를 승인 받은 후 반입하고 반입된 자재는 자체적으로 검수하고 감독 및 감리자의 검수를 받아야 한다. 이때 부적격한 자재는 즉시 현장 밖으로 반출하여야 한다.","자재는 가능한 한 즉시 사용이 가능하도록 필요한 양만큼 순차적으로 반입하되 일정기간 동안 보관하여야 할 경우에는 양호한 상태로 보관하여야 하며, 부식, 마모, 변형 등이 발생되지 않도록 하여야 한다.","근로자의 안전을 위하여 작업장의 안전시설의 설치, 보호구의 착용 상태 감시, 악천후 시에는 작업의 중지, 관계 근로자 이외의 자의 출입통제 등의 업무를 수행하여야 하며, 붕괴의 위험이 있다고 판단된 경우에는 즉시 근로자를 안전한 장소로 대피시켜야 한다.","감독 및 감리자가 없는 현장인 경우에는 현장 조건이 설계도서와 상이한 경우 책임 있는 외부 전문 기술자의 의견을 청취한 후 시행하여야 하며, 작업 계획서는 자체적으로 수립하고 이를 보존하여 두어야 한다.",관리감독자가 지휘하는 안전한 작업방법을 준수하여야 한다.,작업 도중 불안전한 행위를 하여서는 아니 된다.,"작업 중에는 반드시 필요한 보호구를 착용하여야 하며, 작업 후에는 보호구를 양호하게 관리하여야 한다.","작업 중 이상 현상 또는 위험한 요인을 발견한 때에는 즉시 관리감독자에게 이를 알려야 하며, 그의 지시를 받아서 작업하여야 한다.","작업 내용 및 순서
이 지침은 흙막이 공사 중 어스 앵커 공법으로 시공하는 경우에 대한 지침이므로 어스 앵커공사 만으로 범위를 정하였으며, 어스 앵커공사의 시공순서는 <그림 2> 와 같다.
","강도
방호선반의 강도 및 시험방법은 자율안전규격의 시험성능기준과 시험방법에 따른다.","대블럭 가설공법은 공장 또는 현장에서 일체로 조립한 거더를 대형 운반기계와 가설기계를 이용하여 일괄적으로 가설하는 공법으로서 적용 및 특징은 다음과 같다.
대블럭 가설공법은 플로팅 크레인 또는 바지선이 가설지점에 진입 가능한 곳에 주로 적용
공기단축이 가능하고 가설 중 구조적으로 불안정하게 되는 기간이 짧아 내풍, 내진 안전성이 높은 장점
최근에 장대 강아치교 특히 해상에 가설하는 경우에는 이 공법이 주류를 이루고 있으며, 국내의 경우 백야대교, 저도연륙교, 통영대교, 서강대교 등의 가설에 본 공법이 적용되었음","벤트공법은 가설공법의 가장 일반적인 경우로 보강형 하부에 상부구조를 지지하는 벤트를 설치하여 보강형을 직접 지지하여 교량을 완성시키는 공법으로서 적용 및 특징은 다음과 같다.
형하고가 낮고 지반이 평평한 경우에 적용하는 것이 경제적
거더가 거의 응력을 받지 않는 상태에서 가설이 가능
곡선교나 사교에서도 적용이 용이하다는 장점","케이블공법은 수심이 깊은 하천, 벤트를 설치할 수 없는 계곡 등에서 많이 사용하는 공법으로 양쪽 교대 또는 교각 위에 철탑을 세워 그 사이에 케이블을 걸쳐 놓고, 이 케이블로부터 로프를 내려 단위부재를 매달아 가설하는 공법이다. 적용 및 특징은 다음과 같다.
단위부재를 운반하거나 조립하기 위해 케이블 크레인을 사용
가설지점의 지형상 벤트를 설치하기 어려운 경우 또는 형하공간이 협소한 경우 가능한 공법으로 국내에는 적용실적이 없음
케이블 공법에는 경사매달기 방식과 수직매달기 방식이 있음
경사매달기 방식은 아치리브를 케이블로 직접 지지하여 시공하는 방식
동일한 지간에 대해 수직매달기 방식과 비교하여 가설재가 적게 들어가는 장점이 있으나 중앙부의 폐합조정을 위한 특별한 조정장치가 필요
수직매달기 방식은 가설용 철탑사이에 현수선을 설치하고 현수선과 아치 리브를 행어로 연결하여 지지하여 가설하는 공법
경사매달기와 비교하면 가설재는 약간 많이 드는 편이나 중앙의 폐합작업은 경사매달기 공법보다 용이하다는 장점","회전공법은 주로 가설 교량하부에 도로가 있고 교통통제가 불가능하여 벤트를 설치할 수 없는 경우에 사용되는 공법으로서 적용 및 특징은 다음과 같다.
케이블공법에 비해 가설이 쉽고 단기간에 시공할 수 있는 공법
교량 상부구조를 일괄 제작하여 한 지지점을 축으로 회전 이동시켜 거치하며, 회전시 지지점의 변화가 없어 별도의 시공 단계별 구조 검토 없이 시공 가능하다는 장점
경부고속전철상의 모암고가교에 이 공법이 적용되었음",압출공법은 아치교 전체나 일부를 제작하여 윈치 등을 이용하여 교축방향으로 압출시켜 거치하는 공법으로서 수상에서 바지선을 이용한 압출방식과 보강형을 먼저 압출하고 압출완료 후 아치를 제작하는 방법 등이 있다.,"강아치교 상부구조(벤트가설공법)의 시공순서는 일반적으로 다음과 같다.
하부벤트 가설
교량 거더와 가로보 등 보강형 가설
상부 벤트 설치 및 아치리브 가설
행어 가설 완료후 하부와 상부 벤트 제거
슬래브 타설 및 포장 시공",공사현장의 제반여건과 설계도서에서 정하고 있는 작업단계별 작업방법이 부합하고 공사용 장비 사용상의 문제가 없는지 검토한 후 구체적인 작업계획서를 작성하고 그 계획에 따라야 한다.,"작업계획서는 강아치교 작업에 풍부한 경험과 지식을 갖춘 사람이 수립하여야 하며, 공사중에는 계획서의 내용이 제대로 이행되는지의 여부를 정기적으로 확인할 수 있도록 하여야 한다.",본 공법에 사용되는 장비 및 가설 구조물 등은 반입해서 사용하기 전에 전문가가 구조적 안전성 및 부재의 결함·손상 여부를 확인하여야 한다.,"벤트의 설치, 이동, 해체작업 단계별 작업방법과 순서, 안전작업 매뉴얼, 근로자와 장비에 대한 안전조치 사항 등이 포함된 작업계획을 수립하여야 한다.",크레인을 사용하여 장비의 조립 및 해체작업을 하는 경우에는 작업방법 및 순서 등이 포함된 중량물 취급 작업계획을 수립하고 이를 당해 근로자에게 주지시켜야 한다.,시공자는 강아치교 시공의 안전한 작업을 위하여 사전에 설계도서 등에 명시된 안전관리 부분의 요구사항을 검토 및 확인하여야 한다.,추락방호망은 한국산업표준(KS F 8082) 또는 고용노동부고시 “방호장치 안전인증 고시”에서 정하는 기준에 적합한 것을 사용하여야 한다.,"추락방호망의 구조는 <그림 1>과 같이 방망, 테두리로프, 달기로프, 재봉사로 구성된다. 다만, 재봉사는 필요에 따라 생략할 수 있다.",그물코 : 방망의 그물코는 사각 또는 마름모 등의 형상으로서 한 변의 길이 (매듭의 중심간 거리)는 10cm이하 이어야 한다.,테두리로프 : 방망의 각 그물코를 통하는 방법으로 방망과 결합시키고 적당한 간격마다 로프와 방망을 재봉사 등으로 묶어 고정하여야 한다.,"달기로프 : 길이는 2m이상으로 한다. 다만, 1개의 지지점에 2개의 달기로프로 체결하는 경우 각각의 길이는 1m이상이어야 한다.","방망의 종류는 그물코의 편성방법에 따라 구분하며, <그림 2> 이외에도 다각형 구조 등 여러 형태가 있을 수 있다.",초고층 공사 완료에 소요되는 시간의 장기화로 금융비용 절감 또는 사업성 확보를 위한 공기단축이 요구된다.,높이가 증가함에 따라 풍속의 영향을 많이 받기 때문에 가설재의 설치 및 자재의 보관 등에 있어 특별관리가 필요하다.,높이가 증가함에 따라 온도가 낮아지므로 상승식 자재인 경우에는 온도변화 에 따른 수축을 고려하여야 한다.,높이가 증가함에 따라 공기밀도가 감소되어 구조체가 팽창할 수 있다.,고소작업이므로 자재의 인양 및 근로자의 이동 등에 소요되는 시간을 단축시키기 위하여 다량의 고속양중장비 설치가 요구된다.,고소작업 위치까지 콘크리트를 압송하기 위한 고성능 압출장비의 운용이 요구된다.,높이가 증가함에 따라 그 자중에 의하여 하부 구조물은 압축변위를 고려할 필요가 있다.,동일 수직선상에 동시작업이 수행되어 한정된 양중장비로 효율적인 작업이 이루어질 수 있도록 철저한 양중 계획 및 관리가 요구된다.,작업공간이 높아지면서 고소작업 및 개구부가 증가되어 위험개소가 많아질 수 있다.,한정된 대지 공간에서 많은 인원 및 자재가 투입되므로 협소한 작업공간으로 효율적인 공간운영계획이 필요하다.,화재가 발생할 경우 피난이 어렵다,"리프트, 크레인 등의 가설높이, 속도, 존치기간 등을 고려하지 않을 경우 장비 관련 사고가 발생할 수 있다.","이동식 거푸집(ACS 등), 인양장비, 콘크리트 타설 장비(CPB 등) 등의 고장 또는 붕괴 등의 사고가 발생할 경우에는 중대사고로 이어질 가능성이 높다.",한정된 공간에서 많은 장비들이 운영되어야 하므로 장비간 충돌 또는 전도 사고가 발생할 가능성이 높다.,자재 등의 낙하로 인한 맞음 재해 발생 범위가 광범위하게 분포될 수 있다.,무리한 공기단축을 강행할 경우에는 빈번한 야간작업으로 근로자의 피로도가 누적되거나 콘크리트 양생부족으로 인한 붕괴 등의 사고발생 가능성이 높다.,발주자는 건설공사 발주 시 돌관 작업을 하지 않고도 계획된 공사기간 내에 준공할 수 있도록 적정한 공사기간을 보장하여야 한다.,돌관작업을 추진하게 하는 경우에는 공사품질 및 근로자의 안전보건을 확보하기 위한 적정한 공사비 또는 산업안전보건관리비를 추가로 산정하여 공사금액에 반영하여야 한다.,건설 업체로부터 돌관작업 계획서를 제출받아 작업계획에 따라 시공하는지를 수시로 확인하여야 한다.,일일 작업계획이 품질 및 안전․보건을 확보하기 위해 적정하게 수립․이행되는지 확인한다.,"돌관작업으로 안전보건 조치가 불량하여 중대한 사고 발생 위험이 있는 경우 공사를 중단하도록 하고, 해당 위험에 대한 안전보건조치가 완료된 후 공사를 재개하여야 한다.","돌관공사 전 작업계획을 수립하여야 하며 계획 수립 시 아래 사항을 고려하여야 한다.
근로자 투입 및 근무시간의 적정 배분 계획
미숙련 근로자에 대한 안전․보건교육 실시 계획
근로자 휴게시설 확보 계획
관리감독자 및 안전 보건관리자의 운용 계획
작업장에 동시 투입 가능 장비의 수량 및 운용 계획
가설재 및 안전시설물 확보 및 설치 계획
여러 공종의 다수 근로자 동시 투입에 따른 가설전기․가설용수 등의 확충 계획
다수의 공종이 동일 장소에서 동시 작업으로 인한 간섭의 최소화 계획
동시 작업에 의한 위험성 평가 및 대책
작업장 내 근로자 및 장비의 동선 계획 및 정리정돈 계획
화재 폭발 예방 및 대피계획
재해 발생 시 구조 및 응급처치 계획","일일 작업계획을 수립하여 위험요인을 사전에 제거하도록 노력하여야 한다.
위험성 평가를 통한 사전 대책 수립
대형사고의 위험이 있는 고위험 작업에 대한 안전 작업계획 수립","다수 공종의 작업이 동시에 진행됨에 따라 발생할 수 있는 위험을 최소화할 수 있도록 공정회의 또는 협의체 회의를 통해 작업 상황과 유해 위험요인 및 예방대책을 공유하고 이행하여야 하며, 반드시 근로자에게 주지시켜야 한다.",산업재해예방을 위해 관련 법규 및 안전보건기준을 준수하여야 한다.,산업재해예방을 위해 사업주 및 관련 단체에서 실시하는 산업재해 방지 조치를 따라야 한다.,"충분한 휴식과 수면, 과도한 음주 절제 등 건강관리를 위해 스스로 노력하여야 한다.",급박한 위험이 있는 경우 즉시 작업을 중단하고 안전한 장소로 대피하여 관리감 독자에 보고하여야 한다.,근로자 동원 계획 수립 시 근로기준법에서 정한 근로시간을 초과하지 않도록 한다.,"교대 근무 편성 등으로 충분한 휴식시간을 확보한다.
근로시간이 4시간 이상인 경우에는 30분 이상, 8시간인 경우에는 1시간 이상의 휴게시간을 근로시간 도중에 주어야 한다.",동일 장소에서 다수의 공종․공정이 동시 작업을 실시할 경우 발생 가능성이 있는 사고의 잠재된 유해 위험요인에 대한 위험성 평가를 실시하여 공종 공정간 간섭과 영향이 최소화되도록 작업 계획을 수립한다.,"위험성 평가에는 동일 장소에 다수의 건설장비 운용 시 충돌 협착 위험, 인화성물질․가연성가스 사용과 용접 용단 등 화기사용 작업 시 화재․폭발 위험, 구조물 또는 흙막이 공사 시 붕괴 위험, 상․하 동시 작업에 따른 낙하 위험 등에 대한 평가가 포함되어야 한다.","근로자 추가 투입에 따른 관련 대책을 수립한다.
현장 출입 근로자의 출․퇴근 관리 계획
미숙련 근로자 및 신규 근로자에 대한 안전교육 실시 계획
근로자 증가에 따른 교육 시설 확충 방안
근로자 휴게시설 확보계획
관리감독자 및 안전․보건관리자 증원 등 운영계획","야간작업 시 아래 사항을 포함한다.
근로자 식별이 용이하도록 야광 반사조끼 지급 및 착용 계획
야간작업 시 근로자 휴식시설 설치 계획",작업장에 동시 투입할 수 있는 장비의 적정 수량을 산출한다.,장비 투입 전 사전점검 및 정기점검 계획을 수립한다.,장비의 동선이 서로 간섭되지 않도록 계획을 수립한다.,신호수 또는 유도자 배치계획을 수립한다.,"야간작업 시 아래 사항을 계획에 포함한다.
장비 전락 방지를 위한 가설 설도로 조명 및 점멸등 설치 계획
안전 표지판 설치 위치 및 식별을 위한 조명 설치 계획
장비 식별을 위한 경광등 및 반사테이프를 부착 계획",공사 물량 증가에 따른 가설재 및 안전시설물 수급 계획을 수립한다.,"빠르게 진척되는 공정에 따라 사전에 비계, 거푸집 동바리 구조검토 및 조립도를 작성하고 근로자에게 그 내용을 교육하도록 계획한다.","야간작업 시 아래 사항을 포함한다.
차량 및 장비의 충돌 등 재해방지 계획
작업발판의 끝단의 식별을 용이하게 하기 위한 계획",일일 또는 주간 단위로 단위작업 및 동시에 진행되는 타 공종의 작업의 영향을 포함하여 위험성 평가 실시 계획을 수립한다.,매일 작업 전 TBM(Tool Box Meeting)․위험 예지활동 및 안전시설물 등에 대한 안전 점검 등 구체적인 안전 활동 실시 계획을 수립한다.,작업장까지 안전하게 이동하기 위한 안전통로 설치 계획을 수립한다.,현장 내 각종 자재 반입 및 야적장 설치 등 정리 정돈 계획을 수립한다.,조명시설 설치,"근로자 이동통로 및 가설도로의 조명 설치 계획
정전 발생 시 전력 복구 또는 공급 계획
한국전력 등 유관기관 비상 연락망 구축
비상발전기 수량 및 설치 계획",현장 임의 출입을 방지하기 위한 조치를 한다.,근로자의 과로를 방지하기 위해 근로자별로 일일 작업시간을 기록한다.,"공종별 또는 교대 근무조 별로 식별이 용이하도록 작업복, 안전모의 색을 달리하여 착용하도록 한다.",미숙련 근로자는 단독 작업에 투입하지 않는다.,신규채용 근로자에 대한 안전교육을 철저히 실시한다.,근로자가 피로를 회복할 수 있도록 충분한 휴게시설을 마련한다.,"야간작업 시 아래 사항을 추가로 포함한다.
야간작업 개시와 종료 시에는 관리감독자에게 보고하도록 한다.
야간에 식별이 용이하도록 근로자의 안전모, 안전화, 작업복에 부착된 반사물의 부착상태를 확인한다.
기온이 내려갈 우려가 있는 경우 근로자의 체온을 유지 될 수 있는 복장을 착용하도록 하고, 임의로 불을 피우지 않도록 관리한다.
근로자에게 소화기, 비상조명기기 및 전원 스위치의 위치를 알려주어야 한다.","동시 작업으로 발생할 수 있는 위험요인을 최소화하도록 관리한다.
일일 공정회의를 통해 작업 장소 및 작업의 위험성 등을 공유한다.
자재의 낙하, 화재․폭발 등의 위험이 발생하지 않도록 장소 또는 시간적으로 작업을 적절히 분리한다.
인화성 물질을 사용하는 작업과 용접 등 화기를 사용하는 작업은 작업 장소를 철저히 분리하여 작업한다.
상.하부 동시 작업으로 낙하 및 추락의 위험이 발생하지 않도록 작업을 배치한다.
작업 위치별로 작업공종과 위험요인을 알리는 안내표지를 설치한다.","근로자와 장비의 동선이 겹치지 않도록 한다.
동선이 겹치는 곳에는 울타리 방호울 등을 설치하여 구분한다.
공사차량 및 장비 등의 진출입로에는 경광등을 설치한다",화재예방을 위해 소화기를 충분히 비치고 그 위치를 쉽게 알 수 있도록 표지를 부착한다.,"신호의 불일치, 인식의 오류에 의한 재해를 예방하기 위해 각 작업공종 간 신호체계를 확립하고 근로자에게 주지시킨다.","야간작업 시 아래사항을 추가로 포함한다.
야간작업 일지를 기록하고 다음 작업반과 인계인수를 철저히 하도록 한다.
야간작업 시 작업장의 최소 조도는 <표. 1>의 조도기준을 준수한다.
개구부 주변에는 별도의 조명을 설치한다.
가급적 단독 작업은 금하고, 2인 이상이 함께 작업하도록 관리한다.
비상 전원 공급 장치, 비상 조명등의 이상 유무를 확인한다.","작업 물량의 급증으로 불량 가설재의 반입을 차단하기 위한 대책을 마련한다.
안전 인증을 받지 않는 가설재는 현장에 반입되지 않도록 관리감독자로 하여금 자재 검수를 철저히 하도록 한다.
안전 인증을 받지 않은 가설재 반입 시 현장 외부로 즉시 반출한다.",비계 조립도 작성하고 조립도에 따라 설치하도록 근로자에게 특별안전교육을 실시한다.,거푸집 동바리 구조검토 및 조립도를 작성하고 조립도에 따라 시공되는지를 확인한다.,"야간작업 시 아래 사항을 추가로 포함한다.
차량 및 근로자의 충돌을 방지하기 위한 반사테이프 등 식별표지를 부착한다.
야간에 작업발판 및 구조물의 단부에 반사테이프를 부착한다.
특히 위험한 장소에는 조명을 설치한다.","사전에 인가되지 않은 장비는 현장에 반입되지 않도록 한다.
방호장치가 부착되지 않은 장비는 사용할 수 없다.
운전원의 자격 유무를 확인하고 무자격자의 운전을 금지한다.",장비의 일일점검 등 정기적인 점검을 실시한다.,"장비 작업 시 또는 이동 시 반드시 신호수 또는 유도자를 배치하고, 그 유도에 따라 작업한다.",차량 및 건설장비에는 전조등 및 후진 시 경고음의 정상 작동을 확인하여야 한다.,"야간작업 시 아래 사항을 추가로 포함한다.
장비 운전원의 과로를 방지하기 위해 일일 근무시간, 건강상태를 확인하고 작업에 투입한다.
장비에는 전조등, 경광등을 부착하여 식별이 쉽도록 한다.","전기 기계 기구의 현장 반입 시 안전장치 부착, 절연상태 등을 사전에 점검하고 점검 필증을 붙여서 관리한다.",사전점검을 받지 않은 기계 기구의 사용을 금지한다.,"동시 작업으로 인한 전력 수요의 증가를 수용할 수 있도록 가설 전기의 용량을 증설한다.
전기 기계 기구류의 수량 및 용량을 고려하여 가설분전함 및 전선 용량을 증설한다.
가설 분전함의 전원 인출 회로에 작업 경종을 알 수 있는 명패를 부착하고, 임의 조작을 금지하기 위해 가설분전함은 잠금장치를 한다.
감전재해 방지를 위해 접지 및 누전 차단기의 설치 상태를 일일 점검한다.",가설분전함 주위에는 충분한 밝기의 조명을 설치한다.,돌관작업 계획에 명기된 휴게시간의 준수 여부를 확인한다.,작업 중 수시로 휴식을 할 수 있는 간이 휴게시설을 충분히 마련하여야 한다.,작업 시작 전 근로자의 건강 상태 및 피로도를 확인하여 투입 여부를 결정하여야 한다.,"혈압계, 간이 혈당계 등 간이 건강검진 장비와 비상약품을 현장에 비치하고 근로자의 건강관리를 지원하여야 한다.","정기적으로 근로자 건강검진을 실시하고, 건강 이상자는 위험 작업에 투입을 금지한다.","화재 붕괴 등의 비상시에 대비하여 연락체계, 대피 경로 및 유도자 배치, 대피 장소 등이 포함된 비상시 피난계획을 수립․시행하여야 한다.
비상시에 대피경로를 쉽게 알 수 있도록 안내표지를 설치한다.
정전 시를 대비하여 비상 조명등, 유도등, 손전등을 설치한다.
비상시에 사용할 수 있는 경보 설비를 설치한다.",비상시를 대비해 근로자를 대상으로 대피 훈련을 실시한다.,"응급조치 시설, 구난장비 등을 비치하고 성능을 유지하여야 한다.","사업주는 다음에 해당하는 경우 작업을 금지시켜야 한다.
작업에 필요한 가시설 및 안전시설물이 적정하게 확보되지 않은 경우
정전이 예고된 경우의 야간작업
강풍, 강우, 강설, 혹한 시 옥외작업
안전보건조치가 미흡하여 재해 발생 위험이 높은 경우
중대재해가 발생하였을 때","근로자는 산업재해가 발생할 급박한 위험이 있는 경우 작업을 중지하고 대피하였을 때에는 그 사실을 바로 위 상급자에게 보고하고, 바로 위 상급자는 이에 대한 적절한 조치를 하여야 한다.",낙하물 방지망은 한국산업표준(KS F 8083) 또는 고용노동부고시 “방호장치 안전인증 고시”에서 정하는 기준에 적합한 것을 사용하여야 한다.,그물코의 크기는 2cm 이하로 하여야 한다.,"방망의 종류는 그물코의 편성방법에 따라 구분하며, <그림 1> 이외에도 다각형 구조 등 여러 형태가 있을 수 있다.","방망사, 테두리 로프, 재봉사의 재료는 나일론, 폴리에스텔 등의 합성섬유를 사용한다. 다만, 그물코가 작아 합성섬유로 된 테두리로프를 사용하기 곤란한 경우에는 와이어로프로 할 수 있다.","공사 수행에 대한 도급계약을 체결할 경우, 발주자는 근로자들이 작업하는 공정에서의 화학물질 및 취급설비에 대한 유해․위험정보(가스누출·화재 또는 폭발의 위험성 등) 및 비상조치계획 등의 정보를 도급업체에 미리 제공 하여야 한다.","도급업체 선정 시 재해율, 안전작업 수행능력 등 안전보건 분야에 대한 평가를 실시하여 공사에 적합한 업체를 선정하여야 한다.","다수의 도급업체 작업이 혼재되어 수행되는 경우, 단위 작업에 대한 위험은 물론 각 작업이 다른 작업에 어떤 위험을 미칠 수 있는지 검토하여 위험요소를 관리하여야 한다.","근로자가 공정 시설에 대한 개․보수 등의 작업을 할 때 필요한 위험물질 등의 제거, 격리 등의 조치가 완료된 후에 다음과 같이 안전작업허가서를 발급하여야 한다.
안전작업허가서는 발주자가 관리하는 안전보건관리 책임자가 승인한 후 발급한다.
안전작업허가서를 발급받아야 할 주요 고위험 작업 대상은 아래와 같으며, 안전작업허가 절차의 “예”는 <부록 2>를 참조한다.
화기작업
밀폐공간 작업
정전작업이 필요한 작업
설비 해체 및 설치작업
발주자는 안전작업허가서 발급에 앞서 기술자료 및 도면과 현장 확인을 통해 안전작업에 필요한 조치사항이 완료되었는지 확인․점검하여야 한다.
그 외의 안전작업허가와 관련된 사항은 KOSHA GUIDE P-94-2013(안전 작업허가 지침)을 참조하여야 한다.","화기작업, 밀폐공간 작업 등 도급업체 근로자가 작업하는 고위험 작업에 대해 주기적으로 점검하고, 문제점이 발견되면 도급업체 사업주에게 통보․개선토록 하여야 한다.","화기작업, 밀폐공간 작업 등 고위험 작업에 대한 소속 근로자 안전보건교육, 해당 작업에 대한 작업표준 작성 및 작업 공정에 대한 위험성평가를 실시 하여야 한다.",근로자에게 작업환경에 따른 유해ㆍ위험요인별로 <표 1>과 같은 보호구를 지급․착용하도록 하고 소방․구호장비를 구비하여야 한다.,"화학물질을 취급해야 하는 경우, 물질안전보건자료(MSDS)를 화학물질 취급 작업장 내에 비치하여야 하며, 저장용기에 경고표시를 하고 취급하는 근로자에 대한 교육을 실시하여야 한다.","소속 근로자에게 플랜트 개․보수 공사 시 발생할 수 있는 화재․폭발, 질식, 감전 등의 위험성과 비상 시 조치 사항에 대해 주지시키고 충분히 알고 있는지 확인하여야 한다.",현장에서 수행되는 주요 고위험 작업에 대해서 발주자로부터 안전작업허가서를 발급 받은 후 작업하여야 한다.,"화기작업 시 폭발성․발화성․인화성 물질의 농도를 측정하고, 밀폐공간 작업 시에는 산소 및 유해가스 농도를 측정하여야 한다.","플랜트 개․보수 공사를 위한 작업계획 수립 시 관련 법령(산업안전보건 법령, 동 고시 및 안전보건공단 지침 등)을 반영하고 각 작업의 특성을 고려하여야 한다.","정기보수, 일반보수, 긴급보수 계획 수립 시 <표 2>와 같이 위험요인의 특성을 반영하여야 한다.","작업별 특성에 따라 다음의 사항을 고려하여 작업계획을 수립해야 한다.
유해·위험 설비에 대한 정비․수리 작업 등을 도급 시 발주자는 위험요소 및 화학물질 정보의 공유, 적정한 안전보건조치, 사고 발생 시 신속한 대응 등을 위한 관리체계 및 비상연락망을 구축하여야 한다.
여러 개의 작업이 동시에 시행될 때
모든 단위 작업에 대한 위험성 평가를 실시하여야 한다.
각 작업이 다른 작업에 어떤 요인(위험)으로 작용할 수 있는지 충분히 검토하여 작업 간 연계된 위험요소를 파악하고 이를 근로자에게 주지시켜야 한다.","도급업체의 하도급 시 다음 사항을 고려하여 작업계획을 수립하여야 한다.
도급업체는 하도급업체 근로자에게 화학물질 및 취급설비에 대한 유해· 위험정보를 미리 제공하여야 한다.
도급업체는 하도급업체 근로자에게 화기작업 등 고위험 작업의 위험요소 및 안전대책을 주지시키고 이에 관한 안전교육을 실시하여야 한다.
도급업체의 안전관리자 또는 관리감독자가 상주하여 위험요소를 사전에 확인·제거하여 안전이 확보된 상태에서 작업이 진행되도록 하여야 한다.","해당 플랜트의 기존 개․보수 공사 내용 및 각 설비별 보수 이력(설계사양 및 데이터, 정비내용 등)을 반영하여야 한다.","작업계획, 공정 및 화학물질 취급 계획 등은 작업환경 및 근로자의 안전을 고려하여야 한다.","환기시설, 가스측정기, 감지기(경보기), 소방설비 및 비상발전기 등 비상조치에 필요한 각종 장비 구비 및 점검에 관한 사항을 반영하여야 한다.",화재·폭발 및 독성물질 누출에 대한 비상조치 계획의 수립은 가장 심각한 상황을 기반으로 하여야 한다.,"신속한 상황 판단과 의사 결정을 위한 비상 연락망을 구축하고, 비상사태를 주변 사업장 또는 인근 지역에 전파할 수 있는 경보․안내 체계를 갖출 수 있도록 계획하여야 한다.","화기작업, 밀폐공간 작업 등 고위험 작업 중심으로 근로자 안전보건 교육 실시 계획을 수립하여야 한다.","공정안전보고서(PSM)대상 사업장의 경우 화재․폭발 및 위험물질 누출 예방 중심으로 공정안전자료, 공정위험성평가서, 안전운전계획, 비상조치 계획을 작성하여야 한다.","강박스 거더 교량공사 작업절차
강박스 거더를 현장에서 설치하는 시공순서는 <그림 6>과 같다.
","지하연속벽 공법의 시공순서
지하연속벽 공법의 시공순서는 <그림 6>과 같으며 각 공정별 시공사진은 <그림 7>과 같다.
","설계 시 가정한 지반조건과 토질정수가 실제 현장 조건과 정확히 일치하기는 어려우며, 설계 단계에서 상세한 시공과정을 모두 고려할 수 없으므로 주위 지반 및 기존 구조물의 정확한 거동을 예측하는 것은 불가능하다.","공사 중 사고를 방지하기 위해서는 설계 및 시공방법 등의 수정과 보완이 필요하며, 주요 근거자료는 계측값이다. 즉, 계측 자료를 통해 시공 중 굴착 공사의 안전성을 지속적으로 확인할 수 있으며, 관리기준치나 계측값을 활용하여 굴착공사 현장의 지반상태 등의 변화에 대하여 사전대책을 수립하여 안전성을 확보할 수 있다.",지반에 대한 제한된 정보에 근거한 설계 시 제시된 가정조건을 보완하여 굴착공사가 지반에 미치는 영향과 지반의 변화가 가설 구조물에 미치는 영향을 예측하여 시공 안전성을 확보하기 위해 계측관리를 수행한다.,굴착공사에 설치된 계측자료의 경향을 파악하여 사전에 위험요소를 찾아내기 위해 계측관리를 수행한다.,"굴착공사로 인한 인접 건물 및 구조물에 변화를 계측하고 계측된 자료를 수집, 정리 및 분석하고 자료를 축적하여 시공 중과 시공 후에 안전성을 도모하기 위해 계측관리를 수행한다.",계측관리는 공사 중 발생될 수 있는 문제에 포함된 모든 값이 정확하게 측정될 수 있도록 이해하기 쉽고 신중하게 계획되어야 한다.,"현장 여건 등의 자료조사를 기반으로 계측 항목을 결정하고, 계측 기기의 선정, 계측 위치 및 계측 빈도, 관리기준 등을 사전에 계획하여야 한다. 일반적인 계측 계획의 수립 절차는 <그림 1>과 같다. 계측관리 담당자는 계측기 설치 전 사전교육 및 설치 후에도 수시로 전문가로부터 보수교육을 통하여 측정, 분석, 평가에 차질이 없도록 하여야 한다.",굴착공사에 따른 측정 위치별 계측기 종류와 측정 목적은 <표 1>에 따른다.,사업주는 중량물 취급 작업을 하는 경우에는 그 작업에 따른 떨어짐․넘어짐․뒤집힘․깔림․부딪힘․맞음․무너짐․끼임 등의 위험을 예방할 수 있는 안전대책에 관한 작업계획서를 작성하고 그 계획에 따라 작업을 하도록 하여야 한다.,사업주는 (1)항에 따라 작성한 작업계획서의 내용을 해당 근로자에게 알려야 한다.,사업주는 (1)항의 작업계획서를 작성한 경우 작업지휘자를 지정하여 작업계획서에 따라 작업을 지휘하도록 하여야 한다.,사업주는 이동식 크레인을 이용하여 중량물을 운반하거나 취급하는 작업을 할 경우에는 일정한 신호방법을 정하여 신호하도록 하여야 한다.,"작업계획서는 다음 각 목에 해당하는 경우에 작성하여야 한다.
중량물 취급 작업이 시작되기 전
일상작업은 최초 작업개시 전
작업 위치 또는 작업 경로가 변경되었을 경우 작업 전
이동식 크레인의 기종이 변경되었을 경우 작업 전",작성된 작업계획서는 중량물 취급 작업이 시작되기 전에 안전보건관리책임자 또는 현장소장의 승인을 받아야 한다.,작업 참여자는 당해 작업이 시작되기 전에 작성된 작업계획서 내용을 확인하여야 한다.,"중량물 취급 작업 회사 현황
회사명, 주소
전화번호, 현장소장","이동식 크레인 현황
기종/모델명
성능
크레인 소유 회사명
운전원명
운전원 자격
검사유효기간",작업일시,작업장소,작업내용,"작업 참여자 성명
관리감독자
작업지휘자
이동식 크레인 운전원(조종원)
줄걸이 작업자
줄걸이 보조자
신호수",신호방법,필요 작업 반경,인양물의 크기,인양물의 하중,인양 높이,작업 가능 반경,붐 또는 지브의 길이,가능 작업 반경 및 붐(지브)의 길이를 고려한 정격 하중,"줄걸이용 와이어로프
직경
안전계수
안전하중
길이 및 수량","줄걸이용 기타 슬링
안전계수
안전하중
길이 및 수량","인양러그 및 샤클 등(위치별 개별 검토)
안전계수
안전하중",이동식 크레인 설치 위치의 지형,이동식 크레인 설치 위치의 지반 강도,"이동식 크레인 설치 위치의 지내력 검토 및 보강 방법
필요 지내력
설치 위치의 지내력
지반 보강 방법",이동식 크레인의 아웃트리거 최대 펼침 가능 여부 및 대책,위험반경내 출입금지 방안,가공전선 접근 여부 및 대책,풍속에 따른 작업중지 기준,이동식 크레인 운전원(조종원) 확인 사항,떨어짐․넘어짐․뒤집힘․깔림․부딪힘․맞음․무너짐․끼임 등의 위험을 예방할 수 있는 안전대책,이동식 크레인 사용작업의 전도 및 침하에 대한 안정성 검토 내역 및 결과,작업계획도를 도면으로 작성하여 작업계획서에 포함하여야 한다.,작업계획도는 해당 이동식 크레인의 운전원(조종원)과 작업계획서 작성자가 공동으로 협의하여 작성한다.,작업계획도는 평면도와 단면도를 구분하여 작성한다.,"평면도에는 다음 각 목의 내용을 확인할 수 있도록 하여야 한다.
이동식 크레인 설치 위치
이동식 크레인 작업 반경 및 선회 방향
출입금지 구역
가공전선 및 매설물 등 지장물 위치
기타 건설 장비 및 인양물 적재 위치
작업지휘자, 줄걸이 작업자, 줄걸이 보조자, 신호수 위치","단면도에는 이동식 크레인을 이용한 양중 방법(줄걸이 방법 포함)을 도식화하여, 붐의 최대길이, 경사각도, 인양높이를 기입하고, 가공전선 등의 지장물 및 장애물을 표시하여 작업 안전성을 확인할 수 있도록 하여야 한다.",발주자․설계자․건설사업관리자는 건설공사를 계획하고 설계함에 있어 근로자의 안전 보건 확보가 가능한 작업환경이 되도록 설계에 반영한다.,"현장 주변의 기존 철도(지상 및 지하), 도로 등 교통환경","전기, 통신, 가스, 난방, 상.하수도 등의 지하 매설물과 전기 통신 등의 가공선로 등 지장물 상황",굴착공사와 관련된 지하수 유출여부,인접 건물 구조물 시설물 등 시공중 상호 영향 여부,"가설구조물 설치 및 건설기계 운용과 관련한 지반지지력, 공간확보 여부",현장 내 설비나 장비설치의 장애요인 등에 관한 사항,도시가스사업이 허가된 지역에서 굴착공사를 하는 경우 굴착공사전「도시 가스사업법」제30조의3에 의거 도시가스배관 매설상황에 관한 사항,"발주자․설계자․건설사업관리자는 시공자가 공사일정 수립 시 안전.보건 대책 수립과 활동이 원활히 수행될 수 있도록 공종․공정 단계별 고려할 유해․위험요인을 표시, 기재 등의 방법으로 설계에 반영한다.",제거(계획 또는 시공법 변경을 통한 유해․위험요인의 제거),차단(유해․위험요인과 근로자와 차단),"격리(유해․위험요인을 근로자로부터 격리, 공종 간 간섭 회피)",방호(유해․위험요인에 대한 방호조치),보호(유해․위험요인에 대한 조치 곤란시 근로자에 대한 예방조치),발주자․설계자․건설사업관리자는 공사 목적물의 건설공사에서 발생하는 유해 위험요인이 제거 또는 최소화할 수 있는 공사방법이 적용될 수 있도록 설계에 반영한다.,"발주자․설계자․건설사업관리자는 공사 목적물의 완성을 위하여 임시 또는 일정기간 사용하는 흙막이 지보공, 거푸집 동바리, 비계 등 가설 구조물의 안전한 설치․해체․유지를 위하여 설계단계에 안전성 검토와 시공방법, 조립도 등을 설계에 반영한다.",설계 시 유해․위험요인이 제거 또는 최소화할 수 있는 시공법 및 작업방법을 반영한다.,현장제작에 따른 위험요인을 최소화하기 위해 기성품 또는 공장제작 자재 선정을 반영한다.,석면 및 석면이 함유된 자재사용이 설계에 반영되지 않도록 유의한다.,"사용 중 파손, 절단 등 손상 발생으로 인한 재해예방을 위하여 자재 선정에 유의한다.",인력으로 운반이나 취급이 어려운 무거운 자재는 가능한 기계화 작업방법으로 시공할 수 있도록 설계에 반영한다.,"시설물의 유지관리가 용이하도록 개․보수 및 청소를 위한 전용통로, 설비의 설치 및 제거가 용이한 반입구 등을 설계에 반영한다.","장마철, 해빙기에 굴착공사를 수행할 경우에 대비하여 빗물유입, 지반연약화 등 붕괴위험 요인을 고려하여 안전성검토를 실시한다.","해체 및 개․보수 공사 시에는 기존 구조물의 균열, 붕괴사고 예방을 고려한 시공법을 검토하여 설계에 반영한다.",설계자는 산업안전보건법령 및 KOSHA GUIDE 등을 활용하여 공사수행 과정에서 유해․위험 요인을 최소화할 수 있도록 설계한다.,근로자의 안전․보건 확보를 위한 전문성이 부족한 경우 건설안전 전문가의 자문이나 참여를 통하여 설계단계에서 유해․위험요인을 제거하거나 최소화할 수 있도록 한다.,발주자는 공종별 설계의 불일치 또는 간섭을 최소화하기 위하여 건설공사의 설계기준을 공종별 설계자에게 전달한다.,여러 공종이 복합된 건설공사의 경우 각 공종별 설계자는 공사 중 간섭 또는 중첩요인을 파악하여 공사 시작 전 사전 협의를 통하여 수정 또는 보완되어야 한다.,설계과정 중에 실시한 건설 안전ㆍ보건에 관한 위험성 평가결과에 관한 사항,설계과정 중에 도출된 유해․위험요인과 안전대책에 관한 사항,설계에 반영된 시공법과 절차에 관한 사항,설계단계에 제거하지 못한 유해․위험요인 관련 사항,시공 시 유의사항 및 유해․위험요인에 대한 대처방안 등,설계자는 산업안전보건법 제48조에 따라 시공자가 작성하여야 하는 유해․위험방지계획서에 설계도서상 기 반영한 유해․위험요인 및 안전대책이 포함될 수 있도록 한다.,시공자는 건설공사 중에 가설구조물의 붕괴 등 재해발생 위험이 높다고 판단되는 경우에는 전문가의 의견을 들어 건설공사 발주자에게 설계변경을 요청할 수 있다.,"설계변경 요청 대상 가설구조물은 다음과 같다.
높이 31미터 이상인 비계(飛階)
작업발판 일체형 거푸집 또는 높이 6미터 이상인 거푸집 동바리
터널의 지보공(支保工) 또는 높이 2미터 이상인 흙막이 지보공
동력을 이용하여 움직이는 가설구조물","설계변경 요청시 의견을 들어야 하는 전문가의 범위는 산업안전보건법 시행령 제26조의5, 설계변경 요청 방법 및 절차에 관한 세부적인 사항은 산업안전보건법 시행규칙 제31조의2에 따른다.","설계자는 건설현장 관리, 주변 지역민원(소음, 분진 등) 및 외부인 출입 통제 등을 고려하여 가설울타리 종류 및 규격을 설계에 반영한다.","가설울타리 설치 시 집중호우, 강풍 등 악천후 영향을 고려하여 자재 및 규격을 선정하고 안전성이 확보될 수 있도록 설계에 반영한다.",설계자는 수전설비에서 사용 예정인 전기 기계․기구 등의 사용 용량과 위치를 감안하여 감전재해 예방을 위한 가설전선 경로 및 거치계획 등을 설계도서에 반영한다.,설계자는 가설전기 접지시설은 사용전력별 기준 접지저항이 지속적으로 유지 가능하도록 설치계획을 설계에 반영한다.,설계자는 사전 현장조사를 실시하여 굴착공사를 수행하여야 할 장소 주변의 시설물과 지하매설물 등 공사 수행 시 장해요인을 파악하여 붕괴․훼손 등 위험을 예방하기 위한 조치를 설계에 반영한다.,"설계 시 지장물에 대한 대책은 위험요인이 근원적으로 제거될 수 있는 방법을 우선 반영하고 곤란하거나 불가능할 경우 방호, 보호 조치 등 차선책을 반영한다.","굴착공사 시 주변 건축물 또는 시설물, 지반조건 등 사전조사 내용을 충분히 검토하여 물적피해 또는 민원발생을 방지하거나 최소화할 수 있는 공법을 설계에 반영한다.",굴착공사에 흙막이 지보공이 설계되어 있는 경우 흙막이 지보공의 안전성 확보와 더불어 시공 중 근로자의 안전 보건을 저해하지 않는 시공방법을 설계에 반영한다.,합벽구조를 제외한 흙막이 지보공 설계 시 지하구조물의 안전한 시공성 확보를 위하여 흙막이 지보공과 구조물간 이격거리를 확보할 수 있도록 설계에 반영한다.,향후 매립되는 구조물 시공을 위한 굴착공사 시 토질조건별 안전한 경사면 기울기를 설계에 반영하거나 곤란한 경우 흙막이 지보공을 설계에 반영한다.,굴착공사와 되메우기 공사를 설계에 반영할 경우 설계수량을 최소화하기 위하여 시공 중 안전․보건을 저해하는 설계조건이 포함되지 않도록 한다.,"공사과정에서 초래할 수 있는 과굴착, 주요 구조용 부재 지연설치, 구조용 부재 위에 자재적치, 노후 또는 불량 자재 사용 등 불안정 요인을 고려하여 설계에 충분한 안전율을 확보하거나 설계조건에 상기 요인들이 발생하지 않도록 금지하는 내용을 설계도서에 반영한다.",흙막이 지보공 시공순서를 설계도서에 반영하여 시공자의 임의 판단에 의한 시공이 발생하지 않도록 한다.,"관로 굴착공사 설계 시 굴착대상 도로여건과 토질조건, 지하수위, 굴착 깊이 등 설계 조건을 반영하여 붕괴사고를 방지할 수 있는 굴착 경사면 기울기를 반영한다.","관로 굴착공사중 굴착 토사를 굴착구간 배면상부에 가적치할 경우 토압 증가, 토사 흘러내림 등 붕괴 가중요인을 고려하여 설계에 반영한다.",관로 굴착공사중 굴삭기 등 건설기계 사용에 따라 굴착면에 반복적으로 재하되는 작업하중을 굴착공사 안전성 검토 시 반드시 반영한다.,도로사용 등 현장 여건상 충분한 굴착 경사면 기울기 준수가 곤란한 경우 또는 기존 상․하수도관이 노출되거나 파손되어 불시 용수가 우려되는 경우에 붕괴위험 등을 고려하여 (간이)흙막이지보공을 설계에 반영한다.,"지하에 매설된 가스관, 난방배관, 상․하수도관, 전기․통신선로 등의 파손, 절단, 유실 등에 따른 재해를 방지하기 위한 방호 또는 보호대책을 설계에 반영한다.",철근콘크리트 구조를 시공하기 위하여 거푸집동바리를 설계하는 경우 구조검토를 통하여 안전성을 확보하여야 하며 동바리 설치높이가 4m를 초과하는 경우 가능한 지주형식 동바리(시스템동바리) 등으로 설계에 반영한다.,"갱폼(Gang Form), RCS(Rail Climbing System), ACS(Auto Climbing System) 등 작업발판 일체형 거푸집을 설계에 반영할 경우 안전성 검토를 실시하여야 하며 안전성 검토는 고정 조건뿐만 아니라 이동 중 또는 상승․이동․운반과 같은 미고정 상태의 조건 등 지지력 확보가 충분하지 않은 상황을 모두 포함하여 검토한다.",설계에 반영된 가설구조가 시공 중 일부 또는 전부의 변경이 발생할 경우 변경구조의 안정성 검토 관련사항을 설계에 명기한다.,"가설구조에 대한 설계 조건을 설계도서에 상세하게 명기하여 시공자가 적용하여야 하는 공사 조건이 정확하게 전달될 수 있도록 한다. 특히, 파이프서포트 등 동바리 구조에 대하여 설계수량만 반영하여 2단 구조의 동바리가 설계되지 않도록 유의한다.",설계자․건설사업관리자는 설계조건과 다른 시공법으로 변경되는 경우를 고려하여 설계변경 시 유의사항을 설계도서에 반영한다.,구조물 설계단계에서 시공 가능하고 안전한 공법을 고려하여 설계에 반영한다.,"구조물 설계에는 시공 중 설치하여야 하는 비계, 곤돌라 등 가설구조물의 설치, 지지, 고정, 이동, 운반 등 시공안전성을 고려하여 앵커(Anchor), 고리, 슬리브(Sleeve) 등을 설계에 반영한다.","설계자는 시공 난이도가 높은 디자인, 구조 등으로 설계하는 경우 공사과정에서 근로자의 안전 보건에 미치는 유해․위험 요인을 고려하여 설계에 반영한다.","구조물 시공을 위하여 설치되는 흙막이 지보공, 거푸집동바리, 비계 등 가설구조물에 대한 안전성 검토와 근로자의 안전 보건을 위한 안전시설이 설치될 수 있도록 설계도서에 반영한다.",구조물 공사 중 동시에 발생하는 다른 공종간의 중첩 또는 간섭으로 인한 위험요인을 고려하여 시공순서를 설계도서에 반영한다.,"강구조물 설계 시 부재의 운반, 거치, 가조립 및 본조립 등 작업 절차상 위험요인을 고려하여 안전한 방법으로 작업이 이루어질 수 있도록 예방대책을 설계도서에 반영한다.","강구조물 부재의 운반, 거치, 가조립 작업용 러그(Lug), 볼트(Bolt) 등은 줄걸이 및 안전시설 설치 등을 고려하여 부재의 강성과 품질의 손상을 최소화하면서 줄걸이와 안전시설을 설치할 수 있도록 설계 시 반영한다.",강구조물 부재의 가조립 단계에서 안전시설 및 작업대 등을 선행하여 설치하는 작업방법을 설계에 반영하기 곤란한 경우 근로자 추락 방지를 위한 추락 및 낙하물방지망 설치 등 2차 안전대책을 고려하여 설계에 반영한다.,설계자는 마감공사 진행 단계에서 여러 공정이 동시에 진행됨에 따라 공종 또는 공정 간 간섭 및 중첩되는 사항을 설계도서에 명시한다.,"마감공사 진행 단계에서 공종 간 간섭이 발생하는 위치(또는 구간)의 시공 절차, 방법 등을 제시하여 시공단계의 위험요인을 최소화하도록 설계도서에 제시한다.","마감공사에 사용되는 도료, 유기용제, 방수제, 접착제, 보온·보냉재 등 물질 안전보건자료[MSDS(Material Safety Data Sheet)]를 참고하여 근로자의 안전 보건에 영향을 미칠 수 있는 물질의 사용을 지양하고 사용이 불가피한 경우 사용물질에 대한 유해 위험성에 대한 예방조치에 대한 안내 경고사항을 설계도서에 반영한다.","마감공종 또는 시공 중에 사용하는 인화성, 발화성물질 사용에 따른 화재 폭발위험 요인에 대한 예방대책을 설계에 반영한다. 특히, 용접․용단 작업이 수반되는 공종․공정의 경우 인화성․발화성․가연성 물질을 사용하였거나 사용 예정인 작업과 근접하여 작업하는지 여부를 설계도서에 명확하게 명시하여야 한다.","외부 마감공사를 위하여 비계, 곤돌라 등 설치가 필요한 경우 가설시설물 설치에 필요한 지지, 고정 설비 설치 및 사용 후 마감계획을 설계에 반영한다.","유지․보수공사 설계 시 기존 구조물, 시설물에 적용하는 공법 또는 작업방법에 따라 상호 미치는 영향을 사전에 조사 및 검토하여 화재․폭발, 붕괴 등 재해 위험에 대한 대책을 설계에 반영한다.",환기 또는 통풍이 원활하지 않은 밀폐공간 또는 유사한 구조의 내부에서 수행하는 유지 보수공사에 대한 설계 시 유해가스 또는 산소결핍에 따른 중독 또는 질식재해 예방을 위한 대책을 설계에 반영한다.,"유지․보수공사 대상 시설물에 보관 또는 사용 중이거나 공사를 위하여 사용하고자 하는 물질, 자재 등의 독성, 유해성 여부를 파악하여 근로자 건강장해를 유발할 수 있는 물질, 자재 등이 설계에 포함되지 않도록 한다.",기존 구조물 또는 시설물의 해체공사 시 대상 구조물의 사전 안전성 검토를 통하여 붕괴위험을 최소화할 수 있도록 해체 부재 또는 위치별 작업 순서를 설계에 반영한다.,노후 구조물 또는 시설물의 해체공사 중 불시 붕괴사고의 위험이 높으므로 사전 안전성 검토를 통하여 작업방법을 선정하되 인력작업을 지양하고 기계화 작업을 설계에 반영한다.,"해체공사 시 주변 시설물 또는 구조물에 미치는 영향을 검토하여 기존 시설물 또는 구조물의 붕괴, 손상 등 피해를 방지하기 위한 방호, 보강 대책을 설계에 반영한다.",경량철골 천장공사 중 M-BAR 석고보드공법의 시공순서는〈그림4>와 같다.,시공 전 관리사항,시공 중 관리 사항,"작업계획은 작업장의 제반 여건과 설계도서(설계도면, 시방서 등)에서 정하고 있는 작업별 작업방법 및 절차에 부합하여야 한다.",설치작업 전 세부 작업공종 단위별 위험성평가를 실시하여 작업계획서를 작성하고 이에 따라 작업하여야 한다.,"운반경로, 운반물량, 차량 적재 및 결속방법, 상·하차 시 안전작업, 부재 적재장소 확보 등이 포함된 중량물의 취급작업계획, 차량계 하역운반기계작업계획",작업층으로의 양중계획 및 층 내부 소운반 계획,근로자 동원 및 작업반 구성 등 공종별 인원투입계획,"종류, 규격, 성능, 사용방법, 방호장치설치계획 등의 기계·기구 사용계획","공종별 안전가시설물 사용 및 설치계획(작업발판, 안전난간, 안전통로, 덮개, 사다리 등)",근골격계질환 예방계획,"감전재해 방지계획(소요전기용량 산정, 가설전선 배선계획, 접지 및 누전차단기 설치계획, 자동전격방지장치 부착 등)","보호구 지급계획 (안전모, 안전화, 안전대, 방진마스크, 보안경 등)","해체 시 해체방법·순서, 보강방법, 기계·공구의 선정, 해체물 반출 경로 선정을 포함한 해체계획 또는 폐자재 처리계획",작업계획서는 공사에 대한 이해와 경험을 갖춘 자가 수립하여야 하며 공사 중에는 작업책임자가 계획서의 내용에 의한 안전시공 실시 여부를 확인하여야 한다.,기타 경량철골 천장공사에 따른 품질 및 시공 등 전반에 관한 사항은 국토 해양부의 건축공사 표준시방서에 준한다.,"하대 개방방식에 의한 구분 덤프트럭은 하대 개방방식에 따라 후면과 하면 및 측면 개방식으로 분류한다.

후면개방식(Rear Dump): 적재물을 <그림 1>과 같이 뒷쪽으로 내릴 수 있는 구조의 덤프트럭으로 건설현장에서 주로 사용한다.
하면개방식(Bottom Dump): 적재물을 <그림 2>와 같이 아래로 내릴 수 있는 구조의 덤프트럭 이다.
측면개방식(Side Dump): 적재물을 <그림 3>과 같이 옆으로 내릴 수 있는 구조의 덤프트럭 이다.","구동 방식에 의한 구분 덤프트럭은 엔진의 동력을 전달하는 방식에 따라 후륜․전륜․4륜 구동방식으로 분류한다.

후륜 구동식(Rear Wheel Drive): 동력이 <그림 4>와 같이 후륜으로 전달되어 구동되는 방식이다.
전륜 구동식(Front Wheel Drive): 동력이 <그림 5>와 같이 전륜으로 전달되어 구동되는 방식이다.
4륜 구동식(Four Wheel Drive): 동력이 <그림 6>과 같이 전륜과 후륜으로 전달되어 구동되는 방식이다.","차축수에 의한 구분 덤프트럭은 차축수에 따라 2축, 3축, 다축식으로 분류한다.

2축식: 휠(Wheel)을 회전시키는 축대(Axle)가 2개인 <그림 7>과 같은 덤프트럭을 말한다.
3축식: 휠(Wheel)을 회전시키는 축대(Axle)가 3개인 <그림 8>과 같은 덤프트럭을 말한다.
다축식: 휠(Wheel)을 회전시키는 축대(Axle)가 4개 이상인 <그림 9>와 같은 덤프트럭으로 건설현장에서 가장 많이 사용하고 있다.","최대 적재중량에 따른 분류
소형: 최대 적재중량이 1톤 이하인 것으로서, 총중량이 3.5톤 이하인 <그림 10>과 같은 화물자동차를 말한다.
중형: 최대 적재중량이 1톤 초과 5톤 미만이거나, 총중량이 3.5톤 초과 10톤 미만인 <그림 11>과 같은 화물자동차를 말한다.
대형: 최대 적재중량이 5톤 이상이거나, 총 중량이 10톤 이상인 <그림 12>와 같은 화물자동차를 말한다.","유형에 따른 분류
일반형: 보통의 화물운송용인 자동차를 말한다.
덤프형: 적재함을 원동기의 힘으로 기울여 적재물을 자체적으로 내릴 수 있는 <그림 12>와 같은 화물운송용 자동차를 말한다.
밴형: 지붕구조의 덮개가 있는<그림 13>과 같은 화물운송용인 자동차를 말한다.
특수용도형: 특정한 용도를 위하여 특수한 구조 이거나 기구를 장치한 것으로서 특정 화물운송용인 자동차를 말한다.
운송형: 차량 등의 운송을 전용으로 하는 <그림 14>과 같은 구조의 화물자동차를 말한다.
구난 및 견인형: 고장 및 사고 등으로 운행이 곤란한 자동차를 구난 및 견인 할 수 있는 <그림 15>과 같은 구조의 화물자동차를 말한다.","업종에 따른 분류(지방세법 시행령 제122조)
영업용(일반, 개별, 용달): 「여객자동차 운수사업법」 또는 「화물자동차 운수 사업법」에 따라 면허(등록을 포함한다)를 받거나 「건설기계관리법」에 따라 건설기계대여업으로 등록하고 일반의 수요에 제공하는 것
비영업용: 개인 또는 법인이 영업용 외의 용도에 제공하거나 국가 또는 지방공공단체가 공용으로 제공하는 것","현재 국내에서 적용되고 있는 철탑 조립 작업 공법은 조립봉 공법, 이동식 크레인 공법, 철탑 크레인 공법, 헬기공법 등 4가지 방식이 주로 사용되고 있다.
조립봉 공법
철탑의 주주 1각(Single Pier)에 목재 혹은 강재 조립봉을 부착하고 부재를 들어 올려 조립하는 공법으로서 비교적 소형 철탑에 적합
이동식 크레인 공법
이동 가능한 트럭 크레인, 크롤러 크레인을 사용하여 철탑을 조립하는 공법
철탑 크레인 공법
철탑 중심부에 철주를 구축하고 그 꼭대기에 360° 선회가 가능한 철탑크 레인을 장착하여 철탑을 조립하는 공법
헬기 조립 공법
지상 조립한 부재를 헬기를 이용해서 조립하는 공법","가공 송전선로공사의 종류와 내용은 일반적으로 다음과 같다.
철탑 기초 공사
역T형 기초
심형 기초
파일 기초
우물통 기초
Rock anchor기초
철탑조립 공사
조립 공통공사
조립 준비 작업, 볼트채움 및 조임작업, 철탑 도장 작업, 항공 장애등 작업, 마무리 작업
조립봉 공법
시공계획 작성, 조립봉 설치작업, 철탑 조립작업, 암 조립작업, 안전장치 작업, 조립봉 철거작업, 대변재, 대각재 부착작업, 부속설비 작업
이동식 크레인 공법
시공계획 작성, 이동식크레인 설치작업, 철탑 조립작업, 암 조립작업, 안전장치 작업
철탑 크레인 공법
시공계획 작성, 철탑 크레인 설치작업, 철탑 조립작업, 암 조립작업, 철탑 크레인 해체작업, 대각재 부착작업, 부속설비 작업
헬기 공법
시공계획 작성, 헬기의 철탑 조립작업
전선설치공사(가선공사)
전선설치 공통공사
드럼장 및 엔진장 설치작업, 방호 발받침 작업, 철탑 보강작업, 활차의 설치작업, 통신설비의 설치작업, 감시․유도방지대책 작업
전선 펴기작업(연선작업)
와이어 펴기 작업, 전력선 펴기 작업, 조금차 공법, 가공지선․전력선의 가접속 작업, 가공지선․전력선의 본접속 작업, 조인트 프로텍터의 부착 작업
전선 당기기작업(긴선작업)
애자장치 설치 작업, 이도자 부착 및 전선처짐 측정작업, 가공지선의 당기기 작업, 전력선의 당기기 작업, 스페이서 및 스페이서댐퍼 설치작업, 점퍼(Jumper)장치 부착작업, 부속품 부착작업
프리패브(Prefab) 가선공법
전선설치 준비작업, 전선 펴기 작업, 전선 당기기 작업","철탑기초공사
기초공사를 위한 진입로 공사
철탑 부지조성공사
철탑 기초 굴착공사(각입작업 포함)
철탑 기초 콘크리트 타설","철탑 조립 공사
바디(Body) 및 커먼(Common) 조립
휴게소, 사다리통로, 통로 조립
암 조립
내부 보조재 부착",전선설치공사(가선공사),전선긴선공사(전선 당기기공사),"트럭 크레인(Truck Crane) 하부 주행체의 주행부에 타이어를 사용한 자주식 크레인이며, 하부 주행체및 상부 선회체에 각각 운전석 혹은 한 개의 운전석을 가지고 있다. 일반적으로 트럭 크레인 종류에는 ① 트럭 탑재형 크레인 ② 험지형 크레인 ③ 전지형 크레인이 있다.

트럭 탑재형 크레인(Cago crane)
카고 트럭 화물적재함에 소형 크레인을 설치한 것으로서 화물의 적재, 하역, 운송이 가능한 크레인을 말한다.
험지형 크레인(R/T Crane: Rough Terrain Crane)
주행과 크레인 작업이 한 개의 운전실에서 수행되며, 선회반경이 매우 작아서 협소 공간 및 지형이 험한 곳의 작업에 매우 용이하다.
전지형 크레인(A/T Crane: ALL Terrain Crane)
트럭 크레인의 고속주행성과 험지형 크레인의 적은 회전반경의 장점을 취합한 크레인으로서 작업성이 우수하며 모든 차축이 자유롭게 조향이 가능한 것이 특징이다.","크롤러 크레인(Crawler Crane)
하부 주행체의 주행부에 무한궤도 벨트를 사용한 자주식 크레인이며, 인양효율이 좋아 대규모 현장에서 많이 사용된다.","이동식 크레인의 선정 시에는 작업장 조건, 기상조건(풍향, 풍속, 기온 등), 지형, 작업반경을 고려한 이용가능 면적, 기계가 위치하는 지반 지지력, 취급물의 중량, 형상, 크기, 인양높이 또는 거리, 이동속도, 이동회수, 작업량등을 고려하여 선정하여야 한다.","이동식크레인의 작업반경과 인양높이, 인양하중과의 상관관계를 고려하여야 한다.
이동식크레인의 작업반경이 커지면 인양하중은 작아지고, 작업반경이 작아지면 인양하중은 커진다.
수평면에 대한 붐의 각도가 커질수록 인양하중은 커지고, 붐의 각도가 작아질수록 인양하중은 작아진다.
지브를 사용하면 인양하중은 현저히 작아진다.",크레인 붐의 각도가 작으면 하중을 들어 올릴 수 있는 능력이 떨어지고 각도가 너무 큰 경우는 선회 시 요동이 심하거나 붐이 뒤로 넘어지는 일이 발생하므로 붐의 각도는 기본 붐의 최대허용각도 이내에서 사용토록 하여야 한다. 일반적으로 55°～78° 범위가 적당하다.,"임계하중 상태에서는 좌우로 회전할 경우 크레인이 넘어질 우려가 있으므로 임계하중은 다음과 같이 산정하여야 한다.
아웃트리거가 장착되어 있는 트럭크레인의 작업하중은 임계하중의 85% 이내로 하고, 크롤러크레인(무한궤도크레인)의 작업하중은 임계하중의 75% 이내로 하여야 한다.
위험지역의 작업하중은 인양물을 높이 끌어 올리거나 깊은 굴착장소에 인양물을 반입시킬 때 와이어로프에 걸리는 스프링효과 때문에 실제의 중량보다 큰 중량을 이겨내야 되므로, 이를 고려하여 임계하중의 50% 이내로 하여야 한다.
단면이 넓은 인양물(형강류, 철골 트러스, 패널류 등)의 작업하중은 바람에 의한 하중의 급격한 변화, 자중에 의한 힘, 크레인의 수평선회에 따른 관성선회, 매어다는 부속설비에 의한 중량의 증가, 중심위치의 설정 등의 문제점 때문에 취급할 때에는 작업하중을 적게 책정하여 안전을 확보하도록 하여야 한다.","이동식 크레인 양중작업의 안정성 검토는 인양화물에 대한 인양능력 검토와 지반 지지력을 검토하여야 한다.
인양화물에 대한 인양능력의 적정여부를 판단하여 넘어짐 방지조치를 하여야 한다.
인양물의 크기, 중량, 붐 길이, 작업반경 등을 고려하여야 한다.
인양하중에 의한 인양능력은 이동식크레인 작업반경별 허용인양 하중표를 검토하여 기종을 선정한다.
연약지반, 경사지반에 이동식 크레인을 설치 시에는 지반 지내력 검토를 통하여 부판․철판 설치 등의 침하방지 조치와 넘어짐 방지조치를 취하여야 한다.
이동식 크레인의 화물 인양작업 시 크레인 전도를 방지하기 위한 과경사방지장치와 과 모멘트 방지장치 등을 사용한다.",정확한 기종이 선정되지 않았다면 절차에 따라 재검토를 하여야 한다.,"도로, 철도 등 운행선 인접공사에는 반드시 장비신호수를 배치하여야 한다.","크레인 제작사의 인양하중표 등이 제시되어 있는 것은 제작사의 기준에 따르고, 없는 것은 계산하여 사용하도록 하여야 한다.",인양능력에 대한 안정성 검토 순서는 아래 <그림 8>과 같다.,"다음 사항을 기준으로 인양물의 규격, 중량을 확인하여야 한다.
인양물의 형태에 따라 규격(폭, 높이, 길이, 지름 등)을 확인하여야 한다.
중량은 달기기구가 필요한 경우에는 부가하중을 포함하여야 한다.","다음 사항을 기준으로 이동식 크레인의 수직높이, 수평거리 등 설치위치를 확인하여야 한다.
수직높이는 설치높이에 인양물의 높이 또는 지름을 더하고 달기기구가 필요한 경우에는 그 높이를 더하여야 한다.
크레인이 작업할 부지에서 인양물과의 수평거리를 확인하여야 한다.",최대인양하중을 고려하여 사용할 예정인 이동식 크레인의 장비제원표를 확보하여야 한다.,인양하중이 인양물의 중량이상인 기종을 선정하여야 한다.,"인양물의 작업위치에 따라 수평거리를 확인하고 예상기종의 장비제원표를 확인하여 이동식 크레인의 선회중심으로부터의 작업반경을 다음 사항을 기준으로 결정하여야 한다.
작업반경의 결정은 인양물의 설치위치에 의한 수평거리에 이동식크레인의 외형도를 보고 작업반경에 대한 거리를 더하여야 한다.
델레스코픽형 크레인의 붐 신장은 기본붐→1단붐→2단붐→3단붐→4단붐→5단붐의 순서로 하는 것으로 가정하여야 한다. 즉 역붐 사용을 억제하여야 한다.(기본붐→1단붐→4단붐 등)","인양물의 작업위치에 따라 지상높이를 확인하고 인양하중범위 내에서의 작업반경에 따른 붐 길이 및 격자식 붐의 조합을 다음 사항을 기준으로 검토하여야 한다.
붐 조합도, 작업 범위도, 인양하중표를 보고 수직높이와 작업반경을 결정하여야 한다.
인양하중표를 보고 작업반경에서 인양하중을 찾고, 붐 조합도를 보고 수직높이를 고려하여 붐 조합을 결정하여 크레인의 인양능력을 확인하여야 한다.(아웃트리거 최대폭을 신장한 경우를 기준으로 함)
아래의 인양하중표에 따라 아웃트리거 최대폭 7.3m를 신장하였을 경우에 작업반경은 7m이고, 붐길이가 16m일 때 정격총하중은 20.9ton을 의미한다. 다만, 정격총하중은 정하중 기준이므로 양중속도에 미치는 동하중의 영향은 추가 검토가 필요하다.
인양물 중량과 크레인 인양능력을 비교하여 다음 사항을 고려하여 크레인 인양능력이 인양물 중량보다 크게 되도록 하여야 한다.
인양하중표에서는 아웃트리거를 최대한 펼친 것을 기준으로 정격 총하중을 제시하고 있지만, 아웃트리거를 미확장하거나 타이어가 지면과 접촉되었을 경우에는 위험하므로 이때 인양 작업을 해서는 안 된다.
바람, 편평도, 스윙 등에 따른 충격이나 관성력 작용에 따른 충격하중을 고려하여야 한다.
인양물의 무게와 붐의 길이에 따라 붐에 변위가 발생되어 실제 작업시반경이 이론치보다 커지게 되므로 이를 고려하여야 한다.
장비 설치시 수평오차(경사) 발생에 따라 작업반경이 증가하여 양중능력이 감소하게 되므로 이를 고려하여야 한다.
인양조건은 바람의 영향이 없고, 지면이 수평된 상태에서 가만히 들고 내리는 조건이므로 실제 작업 시에는 아래사항을 고려하여야 한다.
실제 인양작업 시에는 작업장 지면이 1% 기울면 인양하중표에서 20%를 감하여야 하고 2% 이상 기울면 작업중지를 하여야 한다.
바람이 초속 5~10미터 이상 불면 인양하중표에서 20%를 감하여야 하고, 바람이 초속 18미터 이상은 작업중지를 하여야 한다.
인양물을 들고 주행할 경우는 인양하중표에서 20%를 감하여야 하고, 인양물를 들고 회전할 경우에도 인양하중표에서 20% 를 감하여야 한다.","공정, 공기 등과의 관련성, 경제성, 안정성 등을 고려하여 이동식크레인의 규격 및 기종을 결정하여야 한다.",크레인 규격보다 인양물의 중량이 적다하더라도 아웃트리거를 충분히 펼칠 수 없는 때에는 작업하중이 달라질 수 있으므로 작업하중 등을 재검토하여야 한다.,"선정된 이동식크레인의 외형도를 보고 진입로 및 작업반경 내의 부지 면적을 확보하고, 필요시 지반보강을 검토하여야 한다.","지반의 지지력 확보에 대한 안정성 검토는 다음과 같은 순서로 하여야 한다.
이동식 크레인의 작용하중, 최대접지하중 산정
지지지반의 평가
지지지반의 보강 검토","지반 보강을 위한 검토 순서는 아래 <그림 11>과 같다.
작용하중은 하이드로 방식 크레인의 아웃트리거에 작용하는 하중을 산정하여야 한다.
작용하중은 동일한 이동식 크레인일 경우라도 붐의 길이 등 기계의 사양이나 인양하는 물건의 중량, 작업반경 등 작업조건에 따라 변화하므로, 실제 사용조건에서 이동식 크레인에 작용하는 하중에 기초하여 지지지반의 보강을 검토하여야 한다.
지반조사시 현장관입시험외에 추가로 실내 압축시험을 수행하여 지지력을 비교 검토하여 지지력계산의 정확도를 높이도록 하여야 한다.",이동식 크레인의 작용하중은 동일한 이동식 크레인이라도 사양이나 작업조건에 따라 변화하기 때문에 안정성 검토 시에는 최대 접지하중(Pmax)을 사용하여야 한다.,"다음의 3가지 값(가, 나, 다) 중에서 가장 큰 최대값을 최대접지하중(Pmax)으로 결정하여야 한다. 만약, 제작사별 장비 사용서에 제시된 최대접지하중(Pmax)은 계산된 값과 비교․검토하여 사용하여야 한다.
크롤러 크레인 차체의 중량(W)과 인양물의 중량(W1)을 고려하여 최대접지하중(Pmax)을 계산하는 방법 [방법 1]
크롤러 크레인의 경우는 무한궤도로 접지하므로, 주행시 하중은 크롤러 크레인의 자중이 무한궤도에 등분포하는 것으로 하고, 여기에 충격력(30%)을 가한 것으로 한다. 충격하중 고려 시에는 충격하중계수 1.3을 고려하여 크롤러 크레인의 작용하중을 계산하여야 한다.
작업 시 하중은 <그림 12(a)>와 같이 붐이 무한궤도 방향과 직교하고 있을 때는 붐측 무한궤도가 전체하중의 80%, 붐과 반대측 무한궤도에 20%로 하여야 한다. 붐이 무한궤도와 같은 방향일 때는 접지압은 <그림12(b)>와 같이 좌우 무한궤도 모두 같은 값의 부분등변분포 하중으로 된다.
붐이 기울기가 45도 방향에 있을 때의 접지압은 <그림 12(c)>와 같이 붐측의 무한궤도가 전체하중의 70%, 붐과 반대측의 무한궤도가 30%를 분담하고 각기 부분등변분포하중으로 된다.
따라서, 일반적으로 크롤러 크레인에 작용하는 최대접지하중은 다음과 같이 계산하여야 한다.
아래 <그림 13>과 같이 트럭 크레인 붐의 위치에 따라 최대접지하중(Pmax)을 계산하는 방법 [방법 2]
트럭 크레인은 작업 시에는 아웃트리거를 인출하여 지면에 내려놓으므로 작업하중은 모두 아웃트리거에 가해지며, 또한 붐의 방향에 따라서 달라진다.
<그림 13>과 같이 붐이 트럭의 전방 또는 후방 또는 측방에 있을 때는 붐측 2개의 아웃트리거에 각각 전체하중의 40%, 붐과 반대측 2개의 아웃트리거에 각각 10%로 한다.
<그림 13>과 같이 붐이 기울기 45도 방향에 있을 때는 붐측에 있는 1개의 아웃트리거에 전체하중의 70%, 중앙에 있는 대각선 방향의 2개의 아웃트리거에 각각 15%, 후방 1개의 아웃트리거는 0%로 한다.
아웃트리거 접지부의 크기는 기종에 따라서 결정되지만 아래에는 철판(두께 22 mm 이상) 등을 설치하는 경우가 많으며, 통상 500 × (500～600)mm 정도이지만, 지반이 연약한 경우는 좀 더 큰 것을 사용하여야 한다.
주작업 위치인 붐이 기울기 45도 방향에 있을 때를 최대반력으로 간주하고 붐이 회전하는 것을 고려하여 최대반력에 50%를 증가시켜야 한다. 이때, <그림 14>에서 보는 것처럼 붐 기울기가 45도 방향에 있는 크롤러 크레인의 경우 접지전면 최대하중은 0.85W, 접지후면 최대하중은 0.15W이다. 따라서, 일반적으로 트럭 크레인에 작용하는 최대접지하중은 다음과 계산하여야 한다.
작용점이 아웃트리거 간 거리의 중심에 위치하며 최대반력은 약축인 경우로 아웃트리거 한 본이 모두 지지할 경우로 가정하여 최대접지하중(Pmax)을 계산하는 방법 [방법 3]
단, 충격 때의 하중과 모멘트 중심 대각선의 길이의 1/2를 정하여 아웃트리거에 작용하는 최대작용 하중을 계산하여야 한다.",작업지반에서 이동식 크레인의 하중이 안전하게 지지되기 위하여 장비의 반입 전 지반조사를 통하여 지반지지력을 평가해 두어야 한다. 이때 지반의 지지력 측정이 곤란한 경우에는 지반의 종류에 따라 지지력을 추정하기 위하여 「건축물의 구조기준에 관한 규칙 제 18조 및 별표 8」을 적용할 수도 있다.,"현장작업 지반의 지형도, 보링 주상도 등의 기존자료와 현지답사를 통하여 작업지반의 지지력을 개략적으로 조사하여야 한다. 이때, 지반 지지력의 조사는 이동식 크레인 반입 전에 실시하여야 하고, 반입로, 이동경로, 작업지반은 다수지점을 조사토록 하여야 한다.","다음의 4가지 방법으로 지지지반의 지지력을 조사하여야 한다.
지반조사(관입시험)로 지지력을 추정하는 방법
표준관입시험, 동적관입시험, 정적관입시험 등
지지력식에 의한 방법
점성토층의 흐트러지지 않은 시료를 채취하여 삼축압축시험실시
상기 (가)항의 관입시험으로 얻어진 N치 또는 단기허용지지력(qc) 등으로 점착력을 추정
경험적 지지력 방법(Building Code, 외국사례)
평판재하시험으로 직접 확인하는 방법","토질 및 기초 기술사 등 토질분야 기술자는 이동식 크레인의 작업하중으로 발생하는 침하량을 산출하여 지지력 침하량에 대하여 지지지반이 충분히 지지할 수 있는지 여부를 판정하여야 한다.
침하량 산정
하중을 받고 있는 기초의 침하는 탄성침하와 압밀침하로 대별되며, 압밀침하는 포화점성토 지반에서 주로 발생하고, 사질토나 암반지반에서는 주로 탄성침하가 문제가 된다.
탄성침하량의 크기는 상재하중의 크기, 지반의 종류, 하부지반의 강성, 기초의 형상, 그리고 하부지반의 상대적인 강성의 크기 등에 따라 달라진다.
침하량 산정 절차는 아래와 같다.
지하수위를 포함한 지층 구성을 파악하고, 심도별 응력을 계산한다.
시공단계 및 완공 후 운영단계에서의 기초에 가해지는 하중의 크기 및 시간에 따른 재하율을 파악한다.
하중에 의한 지중응력 증가량을 구한다. 하중 재하폭이 검토대상 지층 두께에 비해 상당히 넓은 경우 1차원 압축거동으로 응력 증가량을 작용하중으로 볼 수 있다.
반면, 얕은 기초와 같이 일반적으로 재하폭이 검토대상 지층 두께 이하인 경우 지중응력 증가량은 탄성이론, 경험식, 수치해석 등으로 구한다.
선행압밀하중을 파악하여 지반이 정규압밀 거동인지 과압밀 거동인지 파악한다.
압밀침하량을 계산한다.
2차 압밀침하량을 구한다.
탄성론에 근거한 즉시 침하량의 계산
침하량산정 방법 중 실무에서 가장 많이 쓰이는 일반적인 방법으로 기초형상, 하중조건 및 지반조건을 고려한 Schmertmann 방법(사질토에서의 탄성침하량)
기초판 크기와 지지력 산정
크레인은 안정을 위해 기초판 크기와 지지력은 다음 각호에 적합하여야 한다.
기초판 크기는 다음 식으로 결정한다.
지지력은 다음 식으로 검토한다.","현지답사 및 지반조사 결과에 기초하여 이동식 크레인의 작용하중에 대한 지반지지력 및 침하량을 검토하여 지지지반을 평가하여야 한다.
작업을 실시하고자 하는 지반에 사전 굴착 되메우기 등이 실시된 경우에는 굴착 및 되메우기 등이 실시된 시기 등을 고려하여 지지지반을 평가하여야 한다.
이동식 크레인에 동하중, 풍하중이 작용할 경우에는 동해석을 통한 검토를 실시하여야 한다.
지반조사 결과를 바탕으로 지반지지력을 추정하여 지지지반을 평가하여야 한다.
경사지 또는 요철지반 등과 같이 주의를 요하는 지반에서는 별도의 현장여건을 고려한 상세한 검토를 실시하여야 한다.
경사지 또는 요철지반
지하매설물 바로 위의 지반
포장구성이 얇은 포장노면 혹은 부석 포장도로
경사부나 공사현장 터파기 부근
조성지 성토부 및 절 성토 경계 부근
매립지의 점성토가 날려 쌓인 부분
지주 장해물 철거 혹은 말뚝 시공 후에 되메기 한 지반
크레인 주행 등에 의한 교반으로 강도가 저하되기 쉬운 지반
강우가 고이기 쉬운 지반","지반조사의 결과 지반지지력이 이동식 크레인의 작용하중 보다 작은 경우에는 크레인의 넘어짐 등을 방지하기 위하여 지지지반에 대한 보강을 아래와 같이 실시하여야 한다.
지지지반의 보강방법은 다음과 같은 방법으로 실시하여야 한다.
철판 등으로 이동식 크레인의 하중을 분산하는 방법
지반개량의 방법
두가지 방법을 동시에 적용하는 방법
지하매설물에 대한 사전 확인후 보호조치를 취하여야 한다.
아웃트리거 하부 지반보강 시 고임목(Timber mats)이나 철판(Steel plates)을 사용하여 크레인 하중을 분산시켜야 한다. 이때 아웃트리거는 지면과 90°를 유지하여야 하고 전면에 걸쳐서 설치하여야 한다.","지지지반 보강에 대한 검토방법은 다음과 같이 실시하여야 한다.
지지철판을 설치하였을 때의 지지력을 검토하여 이동식 크레인 아웃트리거에 작용하는 최대접지 하중과 비교하여야 한다.
보강 지지철판의 선정과 안정성 검토를 위하여, 아웃트리거에 작용하는 최대접지하중(Pmax)에 대한 지지력(q)은 다음과 같은 식에 의하여 계산하여야 한다. 이때, 계산된 지지력(q)는 허용지지력 보다 작아야 안정하게 된다.","보강부재의 휨검토 방법은 다음과 같이 실시하여야 한다.
지지철판의 휨모멘트 및 단변, 장변방향의 휨응력을 검토하여야 한다.
단변 및 장변방향 부재의 휨응력은 각부재의 허용휨응력 보다 작아야 하고, 다음과 같은 식에 의하여 계산하여야 한다.","보강부재의 전단검토 방법은 다음과 같이 실시하여야 한다.
지지철판이 아웃트리거의 하중을 담당하므로 뚫림(펀칭)에 대한 안정성 검토를 위하여, 단변 및 장변방향의 전단검토를 실시하여야 한다.
각각의 전단력은 부재의 허용전단응력 보다 작아 부재의 안정성이 확보될 수 있도록 지지철판이 설계되도록 하여야 한다.",재료의 반입 시기와 방법 및 적치장소(임시보관소 포함) 등을 확인하여야 한다.,"크레인 등의 운전자, 형틀공, 철근공, 도장공 등 관련 직종 기능공과 작업방법 등에 관하여 협의하여야 한다.","트러스교의 주요 특징은 다음과 같다.
트러스교의 높이를 임의로 정할 수 있어 상당히 큰 휨모멘트에도 저항할 수 있다. 따라서 거더교보다 장지간의 교량에 사용할 수 있다. 도로교에서는 지간장 100미터 이상에서 철도교에서는 지간장 80미터 이상에서 트러스교가 경제적이다. 최대 지간장의 트러스교는 1918년에 완성된 캐나다의 Quebec교로 지간이 549미터이다.
구성부재를 개별적으로 운반하여 현장에서 조립이 가능하므로 부재운반이 곤란한 산악지역에 적합한 구조형식이다.
트러스의 상하에 바닥판의 설치가 가능하므로 2층 구조의 교량형식으로 사용할 수 있다.
트러스구조는 내풍성이 좋고 강성확보가 용이하여 장대교량의 보강형(Stiffening girder)으로 적합하다.
트러스교는 거더교에 비해 부재수가 많아 제작상 불리하다.","트러스교의 각종 형식에 따른 종류는 다음과 같다.
와렌 트러스(Warren truss) : 바닥판이 위에 있는 상로(上路)의 단지간에 사용하기 좋고, 바닥판이 아래에 있는 하로교(下路橋)에 사용할 때 에는 횡형의 부착을 용이하게 하기 위하여 부수직재를 넣어 격간을 분 할하는 경우가 많다. 지간 60미터까지 적용 가능하고 현재 트러스교로서 가장 널리 사용되는 형식이다.
하우 트러스(Howe truss) : 사재의 방향이 지간 중심선에 대하여 위에서 아래로 바깥으로 향한 트러스이며, 사재는 일반적으로 압축재, 수직재는 인장재가 되며, 강교에서는 보통 쓰이지 않고 목교에서 많이 쓰이는 형식이다.
프랫 트러스(Pratt truss) : 사재의 방향이 하우 트러스와 반대로 된 트러스이며, 이 때 사재는 인장재, 수직재는 제일 외측에 있는 것을 제외하고 압축재가 되고, 압축력을 받는 상현재가 하우 트러스의 상현재보다 큰 압축력을 받게 되는 단점도 있다.
분격 트러스 : 지간이 길어지면 트러스 높이가 높아지고, 사재의 경사 각도 커지는 관계로 격간 길이가 길어져 압축재로서 불리하게 되고 가로보도 길어져 비경제적으로 되기 때문에 격간을 나눈 트러스를 말한다.",공사현장의 제반여건과 설계도서에서 정하고 있는 작업단계별 작업방법이 부합하고 공사용 장비 적용상의 문제가 없는지 검토한 후 구체적인 작업계획을 수립하여야 한다.,작업계획서는 본 공법에 대한 이해와 경험을 갖춘 자가 수립하여야 하며 공사중에는 계획서의 내용 이행여부를 수시로 확인하여야 한다.,공장에서 제작된 트러스구성 부재 등을 반입해서 사용하기 전에 유자격의 전문가가 구조적 안전성 및 부재의 결함·손상여부를 확인하여야 한다.,"크레인을 사용하여 장비의 반입·반출, 부재의 조립 및 해체작업을 하는 경우에는 작업방법 및 순서 등이 포함된 중량물 취급 작업계획을 수립하여야 한다.",크레인을 이용하여 트러스거더를 인양 설치하는 시공순서는 다음과 같다.,"본 작업지침은 필요시 가설벤트를 설치하고 지상에서 크레인으로 트러스 세그먼트를 인양 조립하여 시공하는 공법에 대한 내용이며, 해상에서의 크레인공법에 대한 경우에는 관련 해당 작업지침을 참고하고, 압출공법에 대한 경우에는 KOSHA GUIDE C-10-2011(교량공사(I.L.M공법) 안전보건작업 지침)에 따른다.","트럭 탑재형 크레인의 구조
다음은 국내 현장에서 주로 사용하는 직진식 붐 트럭 탑재형 크레인의 종류로 주요명칭은 <그림 1>과 같다.
","“권과방지장치”라 함은 인양용 와이어로프의 일정한계 이상 감기게 되면 자동적으로 동력을 차단하고 작동을 정지시킴으로서 훅이 상부에 부딪히는 것을 방지하는 장치이며, 훅이 최상부에 도달하기 전에 경보음과 함께 작동이 정지되는지 점검하여야 한다.","“과부하방지장치”라 함은 정격하중 1.1배 이상의 권상하중이 부하되었을 때 경보와 함께 자동적으로 상승이 정지되는 장치이며, 안전인증기준에 의한 안전인증(구 검정기관)을 받은 제품 인지의 여부를 확인하여야 한다.","“비상정지장치”라 함은 비상시 동력을 차단하여 크레인을 정지시키는 장치이며, 버튼을 누르면 트럭 탑재형 크레인의 동력이 차단되는지 점검하여야 한다.","“훅해지장치”라 함은 훅으로 부터 줄걸이 로프의 이탈을 방지하기 위해 훅에 설치된 개폐 장치이며, 훅해지가 원활하게 작동하는지 점검하여야 한다.",“하중지시계”라 함은 붐의 최하단에 부착된 경사지시계로 붐의 인출 길이와 각도에 따라 허용하중을 확인할 수 있는 지시장치이다.,“붐 회전방지장치”라 함은 주행 시 크레인 상부 회전체를 회전하지 못하도록 고정하는 장치이다.,"“아웃트리거”라 함은 전도 사고를 방지하기 위하여 장비의 좌우에 부착하여 전도 모멘트를 효과적으로 지탱할 수 있도록 하는 장치이며, 아웃트리거 용접부의 균열 및 실린더 작동이 원활하게 작동되는지 점검하여야 한다.","공사현장의 제반 여건과 터널 형상을 파악한 후 가시설물 설치계획, 수직터널 및 수평 보조 터널 등 세부작업 단계별 안전작업 방법과 순서, 장비에 대한 안전조치 사항 등이 포함된 작업계획을 수립하여야 한다.",작업계획서는 본 공법에 풍부한 경험과 지식을 갖춘 자가 수립하여야 하며 공사 중 계획서의 내용이 제대로 이행되는지의 여부를 수시로 확인할 수 있도록 하여야 한다.,공사 위치에 대한 지질조사 및 주변 지장물 조사를 실시하고 공사에 필요한 가설전기 설치위치 선정 등의 사항에 대한 사전 검토를 철저히 하여야 한다.,"Shield-T.B.M 장비는 전문 시공업체의 주기적인 검사를 실시하여야 하며 작업대차 이동 중 충돌사고 예방을 위한 대피장소 지정 및 장비 사용으로 인한 매연, 분진 발생에 따른 환기설비 설치 등 근로자 건강보호대책을 수립 후 시행하여야 한다.","장비 반입·반출 등 크레인을 사용하여 조립, 해체 공정을 진행할 때에는 작업방법 및 순서 등이 포함된 중량물 취급 작업계획을 수립하여야 한다.",이동식 거푸집 인양순서는 <그림 5>와 같다.,주탑 정착부 가이드 파이프는 <그림 6>과 같다.,"주탑 정착부 P/T를 위한 강봉 배치도는 <그림 7>과 같다.
시스템폼은 기본적으로 2개 이상의 브라켓 유니트로 이루어져 있다. 상부 작업대(0레벨) 중간작업대(-1레벨), 하부작업대(-2레벨), 거푸집 및 콘크리트 타설용 발판(+1레벨)로 구성되어 있다.
상부작업대(0레벨)은 거푸집 아래에 있는 작업발판이고 클라이밍 시스템의 메인 크로스빔이 있는 0레벨 발판이며 거푸집 해체·설치가 이루어진다.
중간작업대(-1레벨)는 거푸집의 인양작업 발판이고 하부작업대(-2레벨)는 거푸집 인양 후 슈(Shoe) 제거작업, 마감작업 등을 위한 발판이고 +1레벨 발판을 통상적으로 콘크리트 타설용으로 거푸집에 설치되어 있다.
RCS 레일은 보통 2개 이상의 클라이밍 레일로 이루어져 있고 각각의 레일은 클라이밍 레일 커플링으로 연결되어 -1레벨의 헤비 듀티 스핀들을 이용해서 거푸집 인양을 위한 각도를 조절할 수 있다.
모든 브라켓유니트가 연결된 클라이밍 레일은 M20볼트에 의해 클라이밍 슈 걸림쇠에 지지되며 클라이밍 슈는 월슈 또는 슬라브슈에 연결되어 하중 을 전달하고 월슈 및 슬라브슈는 M24볼트나 M30볼트로 콘크리트 타설시 미리 매립되어 있는 클라이밍 콘과 타이로드, 앵커플레이트에 연결되어 하중을 구조체로 전달한다.
시스템폼의 모든 구성 부재 및 부속품은 제작사의 정품을 사용하고 안전성을 확인 하여야 한다.","앵커의 종류
관통형
월 앵커
슬래브 앵커
매립형: 스크류온콘 타입
월 또는 슬래브 단부 앵커
슬래브 앵커
매립형: 클라이밍 콘 타입
월 또는 슬래브 단부 앵커","유압의 구성 부재(예시)
유압 실린더(유압잭)
유압 호스
유압 펌프
유압 펌프 상세
유압 연결 개요","시스템폼 제작 순서
제작에 필요한 자재들을 조립장소 인근에 작업순서별로 정리 및 적재한다.
레일 상하단에 받침 각재를 놓고 레일을 커플러로 고정하고 크로스 빔과 레일을 볼트로 고정한다.
시스템폼이 넘어지지 않도록 양방향 각재로 고정하고 상단에 거더를 연결 한 다음 레일과 레일을 단관파이프로 고정한다.
2개의 상이한 부재를 크로스 빔과 플랫트폼은 레일을 연결하고 스핀들과 레일링 포스트를 연결한다.
시스템폼 트레일링 플랫폼 빔을 볼트로 고정하고 상단에서 하단까지 거더를 조립하고 크로스 빔 옆에서부터 판재를 고정한다.
판재 고정 시는 바닥면에서 5～7cm 거리를 두고 고정하고 시스템폼 제작이 완료되고 월슈가 설치되면 타워크레인으로 인양한다.
클라이밍 슈의 팔을 클라이밍 레일의 홈에 맞게 핀을 내려서 닫힘 상태로 고정시키고 이때 안전을 위하여 하부 슈가 잠김 상태(LOCK)인지 확인한 후 크레인의 인양 줄걸이를 떼어낸다.
스트롱백과 헤비듀티스핀들을 타워크레인으로 인양하여 캐리지에 설치하고 캐리지를 사용하여 스트롱백을 후진한 후 거푸집과 연결한다.","슈를 열어 놓은 상태로 클라이밍 콘에 볼트로 연결하고(상부 슈는 풀림, 하부 슈는 잠금상태) 크레인으로 거푸집발판을 슈에 걸어서 설치하여야 한다. 이때 거푸집 슈는 개폐식이라서 거푸집 발판을 수평으로 이동하여 설치 하기 때문에 거푸집을 해체할 필요는 없다.",클라이밍 슈의 좌우 핀을 상부로 들어 올리고 클라이밍 슈의 좌우 날개를 클라이밍 레일의 홈에 꼭 맞게 닫은 후 좌우 핀을 내려서 닫힌 상태를 고 정시켜야 한다. 이때 수직하중이 하부 슈에 걸리는 것을 반드시 확인한 다음 크레인의 인양고리를 제거하고 그 다음 0레벨의 안전난간대를 설치하여 야 한다.,일반적으로 스트롱백과 헤비듀티스핀들 등의 거푸집 상부자재는 크레인으로 따로 인양하여 거푸집 발판 위의 캐리지 위에 올려서 연결한 다음 캐리지를 벽체방향으로 이동하여 거푸집과 스트롱백을 고정하여야 한다. 이때 현장 여건상 거푸집 상부자재를 그림과 같이 분리하여 설치하는 경우도 있지만 상부 자재까지 한 번에 제작하여 설치할 수도 있다.,"수직이동 인양작업순서
콘크리트를 타설한다.
캐리지를 이용하여 거푸집을 탈형하고 콘크리트 타설층에 슈를 설치하고 상부작업대(0레벨)의 슈(Shoe)를 잠금(Lock)상태로 전환하고 중간작업대(-1 레벨) 슈에 실린더를 설치한다. 이때 월 슈와 클라이밍 콘 연결 시 벽체와 유격이 없도록 확실히 조여야 한다.
클라이밍 레일 앞쪽 M24볼트의 스틸튜브에 실린더 헤드가 걸릴 때까지 실린더를 늘리고 하부 슈(콘크리트 타설 아래 슈)가 클라이밍 레일 메인볼트 에 걸릴 때까지 실린더를 늘리면서 발판 인양작업을 진행한다.
슈가 메인볼트에 걸리는지 확인되면 실린더를 줄이고 클라이밍 레일이 상부 슈(콘크리트 타설층 슈)에 진입 직전까지 4～6단계를 반복하여 발판을 인양한다.
클라이밍 레일이 상부 슈에 진입하기 전에 레일슈가 평행한지 확인하고 시스템폼이 거푸집 기준 위치보다 더 높이 올라가도록 실린더를 늘려 거푸집을 인양한다.
중간 슈가 잠금(Lock)상태를 재확인하고 하부 슈가 풀린(Unlock)살태로 전환하고 중간 슈에 기준 볼트가 걸려서 시스템폼 발판이 기준 위치에 올 때 까지 실린더를 줄여서 안착시킨다.
레일캡 스패너를 이용하여 시스템폼 하부의 클라이밍 레일과 구조체 사이 공간을 만들어 주고 실린더 및 클라이밍 슈 제거, 월 슈와 클라이밍 콘을 제거하고 거푸집에 매립 앵커를 설치하고 (1)번 단계부터 반복 작업을 한다. 이때 클라이밍 콘을 제거할 때 하부(-2레벨) 슈 인지 반드시 확인을 하여야 한다.","수평이동 인양작업 순서
인양할 작업발판에 클라이밍 실린더를 설치하고 유압펌프를 다음 단계에서 인양할 중간 작업발판(-1레벨)에 위치시키고 유압호스로 유압펌프와 실린더를 연결한다.
실린더를 사용하여 작업발판을 인양하고 마지막 발판이 남을 때까지 반복 작업 한다. 이때 유압호스의 암․수 커플러를 결합한 채로 이동해야 이물질이 들어가지 않는다.
인양할 마지막 작업발판에 실린더를 설치하고 유압펌프를 인양할 발판의 -1레벨에 위치시키고 유압호스로 유압펌프와 실린더를 연결시킨다. 이때 인양된 발판의 -2레벨과 인양되지 않은 발판의 -1레벨이 단차가 발생할 수 있어 수평이동시 추락하지 않도록 주의하여야 한다.
실린더를 사용하여 작업발판을 인양하고 마지막 발판의 인양작업이 완료되면 실린더를 -1레벨에서 해체한다. 이때 인양이 완료되면 모든 낙하방지용 덮개를 바로 덮어야 한다.","해체 작업 순서
거푸집과 스트롱백 체결 자재를 제거한 다음 크레인으로 스트롱백과 헤비 듀티스핀들을 먼저 해체한다.
거푸집을 해체한다.
제1작업자는 먼저 크레인 인양고리를 0레벨의 지정된 위치에 M20볼트를 사용하여 고정하고 크레인으로 살짝 인양해서 시스템폼 발판이 안전하게 고정된 것을 확실히 확인되면 제2작업자는 -2레벨과 0레벨의 슈 및 클라이밍 콘을 제거한다.
마지막으로 수직하중을 직접받고 있는 -1레벨 슈와 클라이밍 콘를 제거하고 낙하 위험이 없는 안전한 곳으로 옮겨 둔다. 슬라브 타입 앵커로 설치 된 발판은 (3), (4)과정없이 크레인을 사용하여 시스템폼을 위로 올려 슈에서 빼내듯이 해체한다.","현수교 주탑 시공순서는 일반적으로 다음과 같다.
기초 완료 후 주·탑 하부 거푸집 시공
슬립폼, Auto Climbing Form 등
Erection Truss 거치 후 중간 가로보 시공
슬립폼 Lot별 시공
내풍안전가설 Strut 설치
Erection Truss 설치 후 상단 가로보 시공
탑정부 시공","가로보 일괄 인양(Heavy Lifting공법) 순서는 일반적으로 다음과 같다.
가로보 1차 반단면 시공
가설 높이에서 슬립폼 조정후 Leg 시공
Heavy Lifting 장비 설치
1차 반단면 인상
상부 반단면부 조인트부 콘크리트 타설
Heavy Lifting 장비 해체
2차 반단면부 콘크리트 타설
가설 브레이싱 해체","현수교 콘크리트 주탑 시공 시 발생 가능한 재해유형은 다음과 같다.
슬립폼, Erection Truss, 가로보, 탑정 새들 단부 개구부에서 실족에 의한 떨어짐
상·하부 승강용 통로, 작업발판 미설치로 떨어짐
악천후시 작업 강행에 따른 장비, 기계 등의 넘어짐
크레인, 리프트, 콘크리트 압송관 등
상부에서 떨어지는 자재나 공구류에 맞음
중량물 인양중 부딪힘
콘크리트 주탑 가설시 주탑 넘어짐, 무너짐
슬립폼 유압상태 및 전용볼트 체결 불량 등에 의한 무너짐 등","현수교 콘크리트 주탑 시공을 위한 가설구조물의 설계조건을 검토하여 안전작업계획서를 작성하여야 한다.
시공조건 등을 고려한 슬립폼, 가로보 일괄 인양(Heavy Lifting공법), 가설 브레이싱 등의 단면설계 및 구조적 강성 확보 여부
콘크리트 타설 시 슬립폼의 무너짐에 대한 안전성 확보 여부
크레인, 리프트 등 장비 및 기계·기구 등의 구조적 안전성과 부재의 결함·손상 여부
설계도서 등에 명시된 안전관리 부분의 요구사항 등
기타 주탑 구조물 안전과 관련되는 사항
풍하중을 고려한 주탑 독립시의 안정성 검토
현수교 주탑시공 중 가설의 정확성과 가설하중의 영향 분석
주탑의 구조적 안전을 판단하기 위한 정·동적 거동 변화, 지진 및 풍향, 풍속과 구조물 진동, 기상영향 등을 계측시스템
주탑형상이 경사진 변단면이면 시공단계에서 두 주탑 Leg의 안쪽으로 변위가 발생하게 되므로 가설중 발생하는 수평변위에 대한 Camber 관리 및 가설 브레이싱 설치 여부 검토","현수교 콘크리트 주탑 시공조건을 고려하여 안전작업계획서를 작성하여야 한다.
주탑 시공 현장 내외의 입지조건에 관한 사항
가설지점의 지형조건, 기상조건, 작업환경
공사현장 인근 주변상황이나 공사제약조건
공사현장의 풍향, 풍속 등과 같은 기상자료
하역․야적장 현황, 운반 장비 및 방법
기타 현수교 주탑 공사현장의 제반여건 등
주탑 구조물 높이, 폭, 형태 등과 같은 제원이나 특성
주탑 시공방법, 시공순서, 시공 시 고려할 사항
설계도서에서 정하고 있는 작업단계별 작업방법
현장 내 콘크리트 타설 장비나 인양장비 등에 관한 사항
공사용 장비 사용상의 문제점 검토
주탑 시공시 작업안전에 영향을 끼칠 것으로 예상되는 사항","안전작업계획서는 현수교 주탑 작업에 풍부한 경험과 지식, 자격을 갖춘 기술자가 작성하여야 하며, 공사 중에는 계획서의 내용을 체계적으로 운용하여야 한다.",현수교 주탑 시공시에는 비교적 풍압을 받기 쉬운 특징을 가지고 있기 때문에 돌풍이나 바람 등에 의한 위험을 방지하기 위하여 일기예보를 수시로 파악하여 작업을 완료할 수 있도록 안전작업계획서를 작성하여야 한다.,"현수교 주탑 시공은 고소에서 작업이 이루어지는 경우가 많으므로 작업안전에 영향을 끼칠 것으로 예상되는 다음 사항에 대하여 안전작업계획서를 작성하여야 한다.
안전난간, 안전방망, 안전대 부착설비, 안전한 작업발판 등과 같은 떨어짐 방지대책
자재나 공구류의 맞음에 대한 재해를 예방할 수 있도록 출입금지구역 설정, 틈이 없는 바닥판 구조, 수직보호망, 방호선반 등과 같은 맞음 방지대책
크레인, 리프트 등을 사용하여 조립 및 해체작업을 하는 경우 작업방법 및 순서 등이 포함된 중량물 취급 계획",공사현장의 제반 여건과 교량 상부구조물의 형상을 파악하여 이동식 비계의 형식을 선정하여야 한다.,이동식 비계는 이동식 비계에 작용하는 하중을 고려하여 안전성 여부를 검토하여야 한다.,"이동식 비계의 설치, 이동, 해체작업 단계별 작업방법과 순서, 안전작업 매뉴얼, 근로자와 장비에 대한 안전조치 사항 등이 포함된 작업계획서를 수립하여야 한다.","작업계획서는 이동식 비계작업에 풍부한 경험과 지식을 갖춘 사람이 수립하여야 하며, 공사중에는 계획서의 내용이 제대로 이행되는지의 여부를 정기적으로 확인할 수 있도록 하여야 한다.",구조물의 형상을 파악하여 거푸집 동바리의 종류 및 설치방법 등을 결정하여야 한다.,"거푸집 동바리 설계는 콘크리트 자중, 측압, 작업하중, 충격하중, 풍하중 등을 검토하여 거푸집 동바리의 구조도면 및 조립도를 작성하고 안전성 여부를 검토하여야 한다.","거푸집 동바리의 구조도면 및 조립도에는 부재의 재질, 단면규격, 설치간격, 작업순서, 작업방법 등을 기재하여야 한다.","거푸집 동바리에 사용되는 재료는 강도, 내구성, 작업성, 경제성 등을 고려하여 선정하여야 한다.",작업을 수행하기 전에 관리감독자를 선임하여야 한다.,거치식 우물통기초공법의 시공순서는 다음과 같다.,침강식 우물통기초공법의 시공순서는 다음과 같다.,"SCW 공법의 시공순서
SCW 공법의 시공순서는 <그림 3>와 같다.
","천공장비는 굴착 깊이, 지층 및 지하수 상태 등을 종합적으로 고려하여 당해 현장에 적합한 장비를 선택하여야 한다.","내장공사 작업단계별로 위험성평가를 실시하여, 유해·위험요인을 파악하고 해당 유해·위험요인에 의한 부상 또는 질병의 발생가능성(빈도)과 중대성(강도)을 추정·결정하고 감소대책을 수립하여야 한다",작업의 높이에 따른 작업발판의 설치 계획을 수립하여야 한다.,전기기계·기구 사용을 위한 가설전기의 설치 계획을 수립하여야 한다.,배전반 및 분전반의 접지 및 누전차단기 설치 계획을 수립하여야 한다.,자재운반을 위한 양중 작업 및 소운반 작업에 대하여 안전대책을 수립하여야 한다.,"각 작업 단위별 필요한 안전시설물 설치순서와 방법, 시기 등을 정하여야 한다.","안전보호구 지급계획(안전모, 안전대, 안전화, 방진마스크, 보안면, 귀마개 등)을 수립하여야 한다.",근골격계질환 예방을 위한 2시간 연속 작업이 이루어지지 않도록 적합한 휴식시간 계획을 수립하여야 한다.,"도면 및 시방서를 검토하고, 마감 재료에 따른 유해·위험성을 검토하여 안전대책을 수립하여야 한다.","공사현장의 제반 여건과 구조물의 형상을 파악한 후 슬립폼의 설치, 슬립업, 해체작업 등 단계별 안전작업 방법과 순서, 장비에 대한 안전조치 사항 등이 포함된 작업계획을 수립하여야 한다.","슬립폼에 작용하는 하중을 고려하여 슬립폼의 안전성 여부를 검토하여야 하며, 로드(Rod)와 유압잭은 거푸집 자중, 작업하중, 장비 등에 충분한 강도를 갖도록 그 수량 및 용량을 결정하여야 한다.",작업계획서는 슬립폼 공법에 풍부한 경험과 지식을 갖춘 사람이 수립하여야 하며 공사 중 계획서의 내용이 제대로 이행되는지의 여부를 수시로 확인할 수 있도록 하여야 한다.,공사 목적구조물의 위치에 대한 지질조사 및 주변 지장물 조사를 실시하고 슬립폼 조립에 필요한 가설전기 설치위치와 연약지반일 경우 기초 가 시설 설치 등의 사항에 대한 사전 검토를 철저히 하여야 한다.,"구조물의 평면 배치에 따른 양중기 설치 위치를 우선 선정하고, 이에 따른 타워크레인 등의 설치계획 수립과 건설용 리프트의 설치 대수, 위치 설정 계획 등을 포함하여 수립하여야 한다.",이동식 크레인을 사용하여 설치․해체 등을 하는 때에는 이동식 크레인의 전도를 방지하기 위하여 충분한 넓이와 지내력이 확보된 작업장을 형성하여야 한다.,"철근 조립, 콘크리트 타설, 슬립업 등 작업공종별 투입인원 및 시기 등을 반영한 작업계획을 수립하여야 한다.",가설전기 시설은 정전을 대비하여 비상발전 계획을 수립하여야 한다.,공사 전에 반드시 안전작업 계획을 수립하여야 하며 계획에 포함하여야 할 사항은 다음과 같다.,"지반형상, 지층상태, 지하수위 등 사전조사 결과를 바탕으로 굴착공법 및 순서, 토사반출 방법",공사물량에 따른 소요인원 및 장비 투입 운영계획,"굴착예정지의 주변 및 지하매설물 조사결과에 따라 작업에 지장을 주는 가스관, 상․하수도관, 통신케이블 등 장애물이 있는 경우 이설․제거․거치 보전 대책","우수 및 용출수에 대비한 배수(배수장비, 배수경로)처리","굴착기계, 운반기계 등의 운전자와 작업자 또는 책임자 상호간 수기신호, 무선통신 등의 연락 신호체계",흙막이지보공 설치 시 계측 종류를 포함한 계측 계획,굴착장비별 사용 시 안전대책,굴착작업 과정에서 발생되는 작업자 재해요인별 안전시설물 설치 방법,유해가스가 발생될 수 있는 굴착 작업장소인 경우 유해가스 측정 및 환기계획,토사반출을 목적으로 복공구조의 시설을 필요로 할 경우 적재하중 조건을 고려하여 구조계산에 의한 복공판 설치계획,"작업개요
세그먼트(Segement) 길이 2~3배(1개 스판 50%)의 평탄하고 견고한 지반 위에 가설 교각, 압출 장비 등을 설치하여야 한다","작업개요
교량 상부 구조물 압출 작업 시 선형성 유지, 이탈 방지를 위하여 교각 측면에 횡 방향 가이드를 설치하여야 한다","작업 개요
부 모우멘트와 처짐 방지를 위하여 선단부에 세그멘트(Segmen) 길이의 60~ 70%를 조립하여 연결하는 철골 트러스이며 선단부에 유압잭을 설치하여 압출 선단의 처짐량을 조정하여야 한다","굴착기의 주행을 위한 하부장치에 따른 분류는 다음과 같다.
무한궤도식 굴착기(Crawler Type) 하부장치의 주행부에 무한궤도 벨트를 장착한 <그림 1>과 같은 자주식굴착기로서, 견인력이 크고 습지, 모래지반, 경사지 및 채석장 등 험난한작업장 등에서 작업능률이 높은 장비이다.

타이어식 굴착기(Wheel Type) 하부장치의 주행부에 타이어를 장착한 <그림 2>와 같은 자주식 굴착기로서, 주행속도가 30-40㎞/hr 정도로 기동성이 좋아서 이동거리가 긴 작업장에서는 무한궤도식 굴착기보다 작업 능률이 높은 장비이다.
","굴착기의 선택작업장치에 따른 분류는 다음과 같다.
굴착버킷(Hoe Bucket) 굴착기에 장착되는 기본적인 작업장치로 토사의 굴착 및 상차에 이용되는 <그림 3>과 같은 버킷을 말한다.

클램쉘 버킷(Clamshell Bucket) 암과 유압실린더의 링크에 장착되어 수직방향으로 굴착 또는 클램쉘 작업을 하는 <그림 4>와 같은 조개모양의 버킷을 말한다.

셔블버킷(Shovel Bucket) 장비의 진행방향으로 굴착을 하는 작업장치로서 토사를 퍼올리는 형태의 <그림 5>와 같은 버킷을 말한다.

브레이커(Breaker) 콘크리트, 암석 등의 파쇄, 소할에 이용되는 <그림 6>과 같은 작업장치를 말한다.

퀵커플러(Quick Coupler) 암과 유압실린더의 링크에 장착되어 버킷, 브레이커 등의 작업장치를 신속하게 장착하거나 분리하는데 사용하는 <그림 7>과 같은 연결장치를 말한다.

블레이드(Blade) 도랑(배수구, 측구)을 메우거나 소량의 평탄화 작업에 사용하는 <그림 8>과 같이 주행 하부장치에 장착된 작업장치를 말한다.
","관리감독자의 직무
사업주는 공사시 관리감독자로 하여금 다음의 사항을 이행하도록 하여야 한다. 
",안전한 작업방법을 결정하고 작업을 지휘하는 일,"재료, 기구의 결함 유무를 점검하고 불량품을 제거하는 일",작업중 안전대 및 안전모 등 보호구 착용상황을 감시하는 일,작업전 작업내용에 부합한 안전교육 및 비상시 대피요령을 근로자에게 주지시키는 일,"작업전 조명시설, 환기시설, 작업발판 및 안전통로 등을 점검하는 일",필요시 유관기관과의 협조사항을 협의․이행하는 일,작업전 근로자의 심신상태에 대한 적합성여부를 점검하여 작업장 투입여부를 결정하는 일,"기타 공사장 주변에 영향을 줄 수 있는 소음진동, 비산먼지 등에 대하여 조치하는 일","냉동·냉장 물류창고 구조형식에는 조립식 철골 판넬 구조형식, 철근콘크리트 슬래브 구조형식, 우레탄 판넬 구조형식 등이 있다.",조립식 철골 판넬 구조형식의 특징은 다음과 같다.,철골 구조에 샌드위치 판넬 시공 후 우레탄을 발포하고 철판으로 마무리하는 형식이다. 시공이 간단하며 공사 기간이 짧아 가장 많이 선호하는 형식이다.,"일반적인 공사 방법은 기초공사 위에 철구조물을 세우고 샌드위치 판넬을 설치한 후, 내부에 우레탄 단열재를 발포 시공한다.",철근콘크리트 슬래브 구조형식의 특징은 다음과 같다.,철근콘크리트 구조인 건축물 내벽에 단열 시공을 하고 냉동기를 설치하여 물품의 온도에 맞도록 각층별로 사용하는 형식이다.,철근콘크리트 슬래브 구조형식은 여러 층으로 시공하는 경우나 창고 위에 주택을 짓거나 다용도로 사용 시에 적용된다.,우레탄 판넬 구조형식의 특징은 다음과 같다.,"우레탄 판넬로 공간을 만들고 냉동기를 설치한 소형창고 형식이다. 일반 적으로 소형 냉동창고, 저온저장고 등에 많이 사용된다.","식당, 정육점, 슈퍼용, 주방용 등으로 장소가 협소한 곳에서 설치하며 저 장 기간이 짧거나 온도에 민감하지 않은 물품 등을 저장할 때 사용된다.","냉동·냉장 물류창고의 외부벽체는 콘크리트와 같은 불연재 벽체로 이루어져야 한다. 그러나, 조립식 자재인 샌드위치 판넬로 칸막이 벽체를 형성하고 우레탄폼으로 샌드위치 판넬 벽체의 함석표면을 일정두께로 덧대는 방법을 일반적으로 적용한다. 덧대는 우레탄폼 단열재의 두께는 냉동실, 냉장실 내부표면인 경우에는 50~100mm, 천장의 경우에는 50~150mm 두께가 일반적이다.",단열재로 사용하는 우레탄폼은 작업현장에서 반응 혼합물에 발포제를 혼합하여 제조한다. 혼합과정의 특성상 열기와 휘발성 유기화합물의 사용으로 인하여 작업장에는 독성과 인화성이 강한 유증기가 발생(정체)한다. 가연성 제품인 단열재와 유증기에 착화 시 화염확산이 매우 빠르게 일어나 폭열성을 가지면서 연소하게 된다.,"우레탄폼은 가연성 제품으로서 연소가 시작되면 소화하기가 매우 어렵게 된다. 또한 함석판이 휘거나 녹아내리면 벽체가 쉽게 무너져 버리기 때문에 화염이 급속히 확산되는 상황을 초래하게 되고, 스티로폼이나 우레탄폼이 연소하면서 발생하는 유독가스로 인하여 인체에 치명적인 피해를 초래한다.","우레탄폼 연소 시 발생하는 연기에는 염화수소, 황화수소, 이산화질소, 일산화탄소, 이산화황, 시안화수소 등의 유독 가스가 포함되어 있다. 이러한 유독가스를 흡입한 근로자들은 화재현상에서 중독 또는 질식으로 쓰러지게 되고 2차로 화상을 입어 결국 사망하게 된다.","시안화수소는 질소성분을 가지고 있는 합성수지 등의 섬유가 불완전 연소 시 발생하는 맹독성 가스로 0.3%농도에서 즉시 사망한다. 일명 청산가스라 고도 하며, 100g 우레탄이 연소될 때 치명적 독가스인 시안화수소는 420ppm이 발생한다. 이 농도는 5분 내에 질식해 의식을 잃거나 사망하는 수치이다.","냉동·냉장 물류창고 단열공사의 주요 화재 발생요인은 용접 작업 등 화기 사용작업의 불꽃, 고온 작업, 담배꽁초 및 쓰레기 소각 등의 부주의, 전기적인 요인 등으로 화재가 발생한다.",전기와 관련된 화재의 원인은 다음과 같다.,누전,"합선(단락)
전선피복 손상으로 인한 접촉 스파크
전동기계기구, 조명, 송풍기 등의 합선",전기시설 콘센트 정격용량 초과,"과열
접촉된 금속체 발열 뒤 인화물질에 연소
전동기계기구 전선, 콘센트 과열",가설전등과 같은 가설전기 관리 소홀,접촉 불량,기타 관리소홀로 인한 불꽃 또는 열 발생,"용접, 용단, 연마, 드릴, 땜 작업 시 인화성 물질이 존재하는 경우 고온의 불꽃, 불티의 비산, 높은 마찰열, 스파크 등이 점화원으로 작용하여 화재를 일으킬 위험이 있다. 인화성 물질의 종류는 아래와 같다.",용접·용단 작업 시 발생되는 비산불티의 특성은 다음과 같다.,용접·용단 작업 시 수천 개의 불티가 발생하고 비산된다.,"비산불티는 풍향, 풍속에 따라 비산거리가 달라진다.","용접 비산불티는 3,000℃이상의 고온체이다.",발화원이 될 수 있는 비산불티의 크기는 최소 직경은 0.3~3㎜ 정도이다.,"가스 용접시의 산소 압력, 절단속도 및 절단방향에 따라 비산불티의 양과 크기가 달라질 수 있다.",비산된 후 상당시간 경과 후에도 축열에 의하여 화재를 일으키는 경향이 있다.,"라멘교의 주요 특징은 다음과 같다.
신축이음(Expansion joint)장치나 교량받침 없이 가설 가능
유지관리면에서 같은 지간의 단순교에 비해 유리
상부의 두께를 줄일 수 있어 교량의 미관이 수려
하부의 교대나 교각이 상대적으로 두꺼움.
처짐 및 진동이 적고 내진저항성이 우수
형하고가 낮아 통수단면 확보에 유리",라멘교 공사의 시공순서는 다음과 같다.,작업전 관리감독자는 위험성 평가를 실시하여 유해 위험요소를 확인하고 작업 중에도 관리감독을 철저히 하여 재해예방을 하여야 한다.,가설통로 및 작업발판은 안전기준에 적합하게 설치하여야 한다.,자재 인양 시 인양작업계획서에 따라 안전작업절차를 준수하여야 한다.,"항타 작업 시 소음, 진동에 대한 영향을 확인하여 환경기준을 준수토록 하여야 한다.",항타지점과 기준점 및 중심선의 설정에 필요한 측점측량을 정확히 실시하여야 한다.,모든 반입자재는 관리감독자의 승인을 득한 후 사용하여야 한다.,슬래브 거푸집 동바리 작업 시에는 사전에 설계된 거푸집 동바리의 구조도면 및 조립도를 준수하여야 한다.,철근조립은 조립도에 따라 견고하게 조립하여야 한다.,콘크리트 타설은 계획된 타설순서 및 타설속도로 실시하여야 한다.,"사업주는 근로자의 위험을 방지하기 위하여 다음의 내용을 포함한 작업계획서를 작성하고 그 계획에 따라 작업을 하도록 하여야 한다.
사용하는 차량계 건설기계의 종류 및 성능
차량계 건설기계의 운행경로
차량계 건설기계에 의한 작업방법",사업주는 (1)항에 따라 작성한 작업계획서의 내용을 해당 근로자에게 알려야 한다.,"사업장 일반사항
회사명, 현장명
현장주소, 현장 연락처
협력업체 소장, 협력업체명(항타기·항발기 사용업체명)
협력업체 주소, 협력업체 연락처","작업개요
공종, 작업장소
작업기간
총 작업량, 장비 제한속도
작업지휘자, 신호방법
유도자 위치, 운행경로
개인보호구 지급품목
지반강도, 지반보강 방법
작업방법 및 순서
특기사항(사전조사 결과 등)","종류 및 성능 등(<부록 표 3> 참조)
장비명, 제작연도
제조사, 모델명
장비능력
장비 폭
주용도
작업높이, 작업반경, 소요지내력, 작업장소 지내력
운전자의 성명, 면허번호
신호수의 성명 및 신호방법","기계 등 대여자의 조치사항(<부록 표 4> 참조)
해당기계 등의 능력 및 방호조치의 내용
해당기계 등의 특성 및 사용 시의 주의사항
해당기계 등의 수리・보수 및 점검내역과 주요 부품의 제조일",기계 등 대여사항 기록부(<부록 표 5> 참조),"항타기, 항발기의 작업계획도(<부록 표 6> 참조)를 작업계획서에 첨부하여야 한다.","항타기, 항발기의 작업계획도에는 장비위치 및 작업진행 방향, 운반경로, 운반로 주요사항(노폭, 경사 등), 넘어짐 방지대책, 신호수와 근로자 위치, 지장물 (가공전선 등) 위치, 타 근로자 이동로 및 근로자 통제 구역 등을 포함하여야 한다.","항타기, 항발기의 작업장소 지형 및 지반상태도(<부록 표 7> 참조)를 작업계획서에 첨부하여야 한다.","항타기, 항발기의 작업장소 지형 및 지반상태도에는 다음 각 호의 내용을 포함한다.
작업위치
작업장 경사도, 작업가능 경사도, 등반가능 경사도
지형도(평면도, 단면도)
지반의 종류 및 강도
지반보강방법
소요지내력, 작업장 지내력
배수상태","항타기, 항발기 조립 작업 상세 흐름도를 작성한다. 항타기, 항발기의 조립은 제작회사에서 제공하는 설계도면 또는 설치 메뉴얼을 따르는 것을 원칙으로 한다.","항타기, 항발기 조립 작업 시 점검․확인사항을 체크리스트[<부록 표8>]로 만들어 작업계획서에 포함한다. 작업별 공정은 다음 각 호와 같다.
본체의 연결부의 풀림 또는 손상의 유무
권상용 와이어로프, 드럼 및 도르래의 부착상태
권상장치의 브레이크 및 쐐기 장치 기능의 이상유무
권상기의 설치상태의 이상유무
버팀의 방법 및 고정상태의 이상유무
기타 안전장치의 정상 작동 유무","항타기, 항발기 해체 작업 상세 흐름도를 작성한다. 항타기, 항발기의 해체는 제작회사에서 제공하는 설계도면 또는 해체 메뉴얼을 따르는 것을 원칙으로 한다.","항타기, 항발기 해체 시 점검․확인사항을 체크리스트[<부록 표9>]로 만들어 작업계획서에 포함한다. 작업별 공정은 다음 각 호와 같다.
하부실린더를 접은 상태로 작업수행의 유무
리더 분리 작업 시 리더 하부에 안전지주 또는 안전블록 사용 유무
산소 LPG 절단기 사용의 경우 용접불꽃 비산방지조치 여부
해체 작업자의 떨어짐 방지조치 실시 여부
파일 낙하방지조치 실시 여부","항타기, 항발기 사용 전에 다음 각 호의 점검․확인사항을 체크리스트[<부록 표 10>의 (1)]로 만들어 작업계획서에 포함한다.
운전자의 엔진 시동 전 점검사항
운전자의 유자격 및 건강상태
설치된 트랩, 사다리 등을 이용한 운전대로의 승강 확인
엔진 시동 후 유의사항 확인
작업일보 작성 비치
작업일보의 기계 이력 기록","항타기, 항발기 안전장치에 대한 다음 각 호의 점검․확인사항을 체크리스트[<부록 표 10>의 (2)]로 만들어 작업계획서에 포함한다.
전조등
경보장치
헤드가드 등 안전장치","항타기, 항발기 작업 시에는 다음 각 호의 점검․확인사항을 체크리스트[<부록 표 10>의 (3)]로 만들어 작업계획서에 포함한다.
리더 조립의 적정 여부
호이스트 와이어로프(Hoist wire rope)의 폐기기준 도달여부 및 적정 설치여부
트랙(Track) 폭 확장 여부
철판설치 등 지반보강 적정 실시 여부
드롭해머 고정 홀(Hole) 과다 마모·변형 여부
권과 방지장치 등 각종 안전장치 적정 설치 및 정상 작동여부","항타기, 항발기 이동 시에는 다음 각 호의 점검․확인사항을 체크리스트[<부록 표 11>의 (1)]로 만들어 작업계획서에 포함한다.
주행로의 지형, 지반 등에 의한 미끄러질 위험
이상소음, 누수, 누유 등에 이상이 있는 경우
주행속도
언덕을 내려올 때
부하 및 주행속도를 줄이는 경우
방향 전환 시
고속선회 또는 암반과 점토 위에서의 급선회 시
내리막 경사면에서 방향전환 할 때
기계 작업범위 내의 근로자 출입
주행 중 상부몸체의 선회
기계가 전선 밑을 통과할 경우
급하강 시 방향 전환
장애물을 넘어갈 때
연약지반 통과 시
경사면에서 잠시 정지할 때","항타기, 항발기 작업종료 후 정차 시에는 다음 각 호의 점검․확인사항을 체크리스트[<부록 표 11>의 (2)]로 만들어 작업계획서에 포함한다.
정차장소
경사면에 세울 경우
잠금장치
엔진 정지 중","항타기, 항발기 수송 시에는 다음 각 호의 점검․확인사항을 체크리스트[<부록 표 11>의 (3)]로 만들어 작업계획서에 포함한다.
기계를 수송할 경우 일반적인 주의사항
운반기계에 건설기계를 적재할 경우 주의사항
운반기계에 적재한 후 주의사항
작업장치의 장착 및 취급의 경우 주의사항","항타기, 항발기의 위험방지에 관한 일반사항
항타기, 항발기 사용 작업 전에는 산업안전보건기준에 관한 규칙 제207조(조립시 점검)에서 제221조(가스배관 등의 손상방지)에 따라 점검하고, 필요시 수리·교체후 그 결과를 작업계획서의 특기사항에 기록한다.","침매공법의 주요 특징은 다음과 같다.
균질하며 수밀한 터널건설이 가능하다.
연약지반에서도 시공이 가능하다
단면현상 및 크기에 제약이 없다.
쉴드(Shield)나 케이슨(Caisson)공법처럼 압기작업이 필요하지가 않다.
함체 제작공사(Element)와 현장 함체침설 병행이 가능하다.","침매공법의 주요 시공방식은 다음과 같다.
강각 방식
강재의 쉘을 조선소나 안벽 등에서 제작
가격벽으로 막고 바다에 진수
쉘 내부에 콘크리트 타설
침설 현장으로 함체 운송
침설
드라이독 방식
드라이독에서 함체 제작
가격벽으로 막고 드라이독에 물 주수
침설 현장으로 함체 운송
침설","침매공법에 적용되는 기초공법은 다음과 같이 분류할 수 있다.
모래 분사(Sand jetting) 공법
채움작업을 위해 함체를 임시로 지지할 수 있는 가기초가 필요(가기초의 규격은 높이 0.6～1.2미터, 폭 10～40미터 정도)
바지선에 설치된 펌핑 기지와 함체 상단에 설치한 이동식 갠트리로부터 함체와 준설면 사이로 3개 파이프를 설치
모래-물 혼합물은 중앙파이프를 통하여 배출되고, 동시에 다른 파이프에서는 물을 흡입
파이프 시스템을 이동시켜 기존 모래 채움 층을 일부 잠식해 들어가면서 전체 틈을 채우고, 흡입수에 포함된 모래가 중앙파이프를 통하여 배출되는 모래와 유사시 작업종료
모래 포설(Sand flow) 공법
함체 제작시 함체 하부 슬래브에 분사노즐을 설치하여 모래-물 혼합 물을 주입
모래는 수직 파이프를 통해 배출되어 원형 형태가 되며, 점차 배출 높이가 증가하여 터널 하부 슬래브 하단까지 포설
골재 포설(Screended gravel) 공법
골재층 기초는 0.5∼0.9미터 정도의 두께로 입도가 양호한 골재 사용
허용오차 이내로 평탄성을 확보하여 터널 함체보다 1미터 정도 넓게 포설","관 측면부를 절단하여, 강관과 강관 사이에 철판으로 용접해 이어주므로 구조체 전체의 방수가 확실하다.","수평 및 수직으로 연결된 연속 강관내에서 구조물의 슬래브 또는 라이닝이 형성되므로, 지하 구조물의 벽면이 미려하게 형성된다.","지상의 제반 문제점 (차량 및 시민의 통행 제한, 지하 구조물 이설, 도로 노면 침하, 지하 매설물 손상 등)이 줄어들 수 있다.","시공시 소음 및 진동이 없으므로 도심 지하구조물(터널, 지하상가 등) 구축에 적합하다.",NATM공법 등 타공법과의 단면 연결 시에도 이질감이 없다.,"대형강관 내에서 작업이 시행되므로, 토사 붕괴 등에 따른 작업자의 위험성이 적다.",선도관 조정장치에 의해 방향이 조절되며 곡선 선형이 가능하다.,시공 길이에 제한을 받는 견인식 공법과는 달리 발진부에서 시작된 강관은 소정의 지점까지 길이에 대한 제한을 받지 않는다.,"대형 강관 내에서 작업하므로 내부굴착, 잔토 반출 및 공사용 자재 운반이 비교적 용이하다.",굴진 시 자갈이나 호박돌을 만나더라도 직접적인 인력굴착에 의한 처리가 가능하다.,"기상 조건 등 외부조건에 관계없이 시공되므로 공사 기간이 단축되며, 연·경암부일 경우 다소 시간이 요구되나 조절발파 및 소할발파에 의하여 굴착이 가능하다.","강관 선단부의 굴착 단면적이 일반 터널공사의 전단면보다 매우 작으므로 연약지반, 붕괴성 토질, 지하수 유입과 같은 문제성 지반에 대한 대책 적용이 용이하다.","강관 내 콘크리트 타설 단면이 타 공법에 비하여 줄어들고, 구조물 자체 단면의 활용성이 뛰어나다.",NTR공법의 시공순서를 다음과 같다.,"기능별 종류
비자항식 바지선 : 예인선에 의하여 운행되는 바지선
자항식 바지선 : 비자항식 바지선 이외의 바지선으로 자체 항해가 가능한 바지선
SEP(Self Elevating Platform) 바지선 : 바지선에 고정용 장치(Leg)를 부착하여 수중의 견고한 지반에 고정할 수 있는 바지선","용도별 종류
일반 바지선 : 건설공사용 바지선, 모래 운반용 바지선, 철강재 운반용 바지선 등
유조 바지선 : 석유제품 운반용 부선, 원유 운반용 부선, 액체 화학품 운반용 바지선, 액화가스용 부선 등
폐기물 운반 바지선 : 폐기물 운반용 바지선, 분뇨 운반용 바지선 등
토운 바지선 : 준설토 운반용 바지선 등
해저 조망 바지선 : 해저 잠수 조망용 바지선 등","승선 요원 유무에 따른 분류
유인 바지선 : 선루 또는 갑판실에 거주할 수 있는 거주 설비를 갖춘 바지선
무인 바지선 : 거주 설비가 없는 바지선","띠장 긴장 공법의 시공흐름도
띠장 긴장 공법의 시공흐름도는 <그림 2>와 같다.
","줄파기 작업은 작업계획서에 따라 공사가 안전하게 진행될 수 있도록 장비, 기계․기구, 자재 및 가설재를 준비하여야 한다.","가설 계단의 재료는 한국산업규격 “KS F 8012 작업발판“의 규정에 적합한 것이어야 하며, 다음의 규정에 적합하거나 이와 동등한 이상의 기계적 성질을 가진 것으로 사용하고, 주위 환경에 의해 발생되는 부식에 대해 저항성이 있어야 한다.",계단의 재료는 충분한 강도를 유지하여야 하며 사용 중에 안전성이 있어야 한다.,"발판을 구멍이 있는 재료로 만들 때에는 렌치, 기타 공구 등이 낙하할 위험이 없는 구조로 하여야 한다.","발판은 이동 시의 추락, 전도, 미끄러짐 등으로 인한 재해를 예방할 수 있는 구조로 설치되어야 한다.",발판 끝부분과 계단참의 표면은 미끄럼방지 조치를 하여야 한다.,계단 위와 주변에는 통행에 유해한 돌출된 못이나 철선 등이 없어야 한다.,계단에는 자재나 공구 등을 적재하여서는 안된다.,"계단의 설계는 “가설공사 표준시방서”에서 정하고 있는 허용응력 설계 법을 활용하고, 강재 또는 알루미늄 재 등과 같이 비교적 재사용이 많은 부 재는 장기 허용응력을 적용하여야 한다.",계단 및 계단참은 한국산업규격 “KS F 8012 작업발판“에서 규정하고 있는 통로의 역할을 하는 비계에 관한 하중을 적용하여 125㎏/㎡이상으로 하여야 한다.,계단 발판 및 지지대의 처짐량 및 휨 하중에 관한 성능은 한국산업규격 “KS F 8012 작업발판“에서 규정하고 있는 다음과 같은 기준을 적용한다.,발판의 폭(L)은 35cm 이상으로 하여야 한다.,"발판의 너비(g)는 18cm 이상으로 하고, 각각의 너비가 같은 크기이어야 한다.","발판의 높이는 24cm 이하 이어야 하고, 동일한 계단에서의 발판 높이는 모두 일정하여야 한다. 단, 이 높이를 일정하게 하는 것이 불가능할 경우에는 출발 지점 위치에서 첫 번째 발판에 국한하여 그 높이를 줄이거나 늘려야 한다.","계단을 설치하려는 현장의 여건에 따라 발판의 폭, 너비 또는 높이를 변경하고자 하는 경우에는 다음의 기준을 참고하여 응용하도록 한다.
비계를 설치한 곳에 조립형 계단을 설치하는 경우에는 참고자료에 제시한 영국 규격 “BS EN 12811-1 : 2003”을 응용하도록 한다.
기계 · 탱크 · 설비의 내·외부 계단이나 마루 · 난간 · 피트에 연결된 고정계단을 설치하는 경우에는 참고자료에 제시한 미국 규격 “ OSHA 1910.24(e)”를 응용하도록 한다.","발판의 겹침(r)은 평면상의 발판일 때는 0 이상(r≧0cm)이어야 하며, 판 모양의 발판일 때는 “r≧1cm""이상이 되어야 한다.",높이가 3m를 초과하는 계단에는 높이 3m 이내마다 너비 1.2m 이상의 계단참을 설치하여야 한다.,계단을 설치하는 때에는 각각의 발판으로부터 높이 2m이내의 머리 공간에 장애물이 없도록 하여야 한다.,"최상부의 발판은 계단참에 접하거나, 상부 발판과 계단참의 격차가 발판 높이와 같게 하여야 한다.",높이 1m 이상인 계단의 개방된 측면에는 안전 난간을 설치하여야 한다.,계단과 인접 구조물과의 사이가 20cm 이내인 경우와 안전 난간과 동등한 구조의 보호조치가 있는 경우에는 안전 난간을 설치하지 않아도 된다.,계단과 인접 구조물과의 사이가 3cm 이상일 때에는 발끝 막이 판을 설치하여야 한다.,계단 발판에서 상부 난간대까지의 높이(H)는 0.9m 이상 1.2m 이하이어야 한다.,"중간 난간대는 상부 난간대와 발판의 중간지점에 설치하며, 그 공간의 폭(B)은 60cm 이하이어야 한다.","발끝 막이 판은 난간 바닥의 물체가 낙하하는 것을 예방하기 위하여 계단 바닥면으로부터 10cm 이상의 높이(h)를 유지토록 하고, 바닥면과의 틈새 가 없도록 하여야 한다.",계단 발판의 측면이 개방되어 있는 경우에는 폭 20cm 이상의 측면 보강재(w)를 설치하여야 한다.,"난간기둥 사이의 간격은 2m 이내 이어야 하며, 만약 이 간격 이상이 되면 난간기둥을 보강하거나 고정 장치를 설치하여 임의의 방향으로 움직이는 100kg 이상의 하중에 견딜 수 있도록 하여야 한다.","지지대는 2본이 있어야 하며, 또한 각각 양 끝단에 걸침 고리를 가지고 있어야 한다.","발판 폭은 35cm 이상으로 하고, 또한 그 바닥면은 미끄러짐 방지 기능을 가지고 있어야 한다.","발판 너비는 18cm 이상으로 하고, 또한 각각의 너비가 같은 크기이어야 한다.","발판 높이는 24cm 이하이어야 하고, 일정한 간격으로 부착 고정된 구조 이어야 한다.",가설계단의 경사각은 30°～60°를 유지하여 설치하도록 하여야 한다.,"발판 너비는 23cm 이상으로 하고, 또한 그 바닥면은 미끄러짐 방지 기능을 가지고 있어야 한다.","발판 높이는 23cm 이하이어야 하고, 일정한 간격으로 설치하여야 한다.",단관비계와 크램프는 가설기자재 안전인증에 합격한 제품을 사용하여야한다.,"당해 작업의 관리감독자는 근로자에게 작업장소의 상황과 작업순서 등을 가능한 그림 등을 사용하여 정확하게 지시하여야 하며, 작업 중 예상되는 위험요인과 안전수칙을 충분히 설명하고 그 이행여부를 감독하여야 한다.","근로자는 당해 작업에 적합한 개인 보호구를 착용하여야 하며, 안전한 작업을 수행하도록 안전수칙을 준수하여야 한다.",작업의 안전한 진행을 위하여 근로자의 경험 및 숙련여부를 고려하여 작업에 배치되도록 하여야 한다.,작업구역 내에는 관계 근로자 외의 자의 출입을 금지시켜야 한다.,"출입금지 장소에는 울타리 · 로프 · 표지 등을 설치하여 작업장소에 접근할 수 없도록 하고, 필요에 따라 감시자를 배치하여야 한다.",사용하는 기기 · 공구 등은 정상적으로 작동할 수 있도록 작업전에 점검하고 불량공구는 사용을 금지하거나 정비한 다음에 사용하여야 한다.,가설 계단의 설치를 완료하면 설치 상태를 점검한 후에 사용하도록 하여야 한다.,재료가 규격에 적합한지 아닌지를 확인하여야 한다.,"재료에 녹, 변형 또는 손상 등에 의한 결함이 없는 지를 확인하여야 한다.",발판이 설치기준에 따라 적합하게 되었는지를 확인하여야 한다.,발판과 지지대의 접속이나 연결부의 이상 유무를 확인하여야 한다.,발판의 변형 부식 또는 손상 유무를 확인하여야 한다.,발판위에 떨어져있는 자재나 공구 등의 유무를 확인하여야 한다.,"PCT거더교의 주요 특징은 다음과 같다.
종단 및 평면선형에 제약을 받지 않는다.
적용가능한 경간장의 범위가 넓다.(단경간 : 30미터∼130미터, 연속교 : 30미터∼150미터)
현장 가설여건에 따라 다양한 가설공법의 적용이 가능하다.(크레인, ILM, 가설벤트, FCM, MSS 등)
다중 거더 적용시 낮은 형고비가 가능하다.
개발형 단면구조로 조망 투과율이 높고, 풍하중에 대한 영향을 적게 받는다.","PCT거더교의 주요 가설공법은 다음과 같다.
크레인공법
경간장에 맞게 PCT거더를 지상에서 미리 조립 및 제작
인양용 와이어로프를 연직재의 중심축선상에 위치한 상연재에 부착된 연결고리에 고정
두 대의 크레인을 이용하여 양 단부를 동시에 인양하여 거치
상현재 거푸집 설치, 철근배근, 콘크리트 타설
압출공법
제작장에서 1세그먼트의 PCT거더 조립 및 제작
추진코(Nose) 제작 및 부착
압출하여 거치
상현재 거푸집 설치, 철근배근, 콘크리트 타설
가설벤트공법
소정의 길이로 PCT거더를 지상에서 미리 조립 및 제작
가설벤트 조립 및 설치
크레인을 이용하여 PCT거더 인양 거치
상현재 거푸집 설치, 철근배근, 콘크리트 타설","본 안전보건작업 지침은 PCT거더 주요 가설공법중 지상에서의 크레인공법 및 압출공법에 대한 주요 내용이며, 해상에서의 작업 및 타 가설공법을 적용하는 경우에는 해당 작업지침을 참고하여야 한다.",안전보건총괄책임자는 각 세부공정별로 위험성평가를 실시하고 위험등급에 따른 관리대상 공정을 정하여 재해예방대책을 수립하고 작업하여야 한다.,공사현장의 제반여건과 설계도서에서 정하고 있는 작업단계별 작업방법이 부합하고 공사용 장비 적용상의 문제가 없는지 검토한 후 구체적인 작업계획을 수립하여야 한다.,작업계획서는 본 공법에 대한 이해와 경험을 갖춘 자가 수립하여야 한다.,"기 제작된 PCT거더 구성부재, 추진코(Nose) 및 강제 거푸집 등은 반입해서 사용하기 전에 구조 전문가가 구조적 안전성 및 부재의 결함·손상여부를 확인하여야 한다.","크레인을 사용하여 장비의 반입·반출, 부재의 조립 및 해체작업을 하는 경우에는 작업방법 및 순서 등이 포함된 중량물 취급 작업계획을 수립하여야 한다.","타일공사 작업계획은 타일공사 작업장의 제반 여건과 설계도서(설계도면, 시방서 등)에서 정하고 있는 작업별 작업 방법 및 절차에 부합하여야 한다.","작업계획서는 타일공사 시 작업용 수공구, 기계 공구 등 기계․기구․장비를 사용함에 있어 안전․보건상의 문제가 없는지 검토한 후 구체적인 작업계획을 수립하여 관리감독자의 승인을 받아야 한다.","작업계획서에는 타일공사 시 근로자 안전보건 공통사항으로서 안전한 구조의 작업발판(용도 외의 자재를 발판으로 사용 금지 등) 확보계획 및 시행규칙에서 정하는 안전표지(금지, 경고, 지시, 안내) 부착 계획을 포함하여야 한다.",작업계획서는 적용할 타일 부착 공법에 이해와 경험을 갖춘 자가 수립하여야 하며 공사 중에는 작업 책임자가 계획서의 내용에 의한 시공 실시 여부를 확인하여야 한다.,기타 타일공사에 따른 품질 및 시공 등 전반에 관한 사항은 국토교통부의 건축 공사 표준시방서에 준한다.,"리어카, 핸드카 등 운반 용구를 이용한 자재 운반","지게차, 사다리차 등 운반 장비를 이용한 운반","붙임 재료
현장 배합 모르타르
기성 배합 모르타르
접착제
충전재
신축 줄눈재","습식 방법
삽 등을 이용한 인력 배합
이동식 믹서(회전날)를 이용한 인력 배합
고정식 믹서를 이용한 기계 배합","건식 방법 내장타일 및 내장용 모자이크 타일, 바닥 타일 등 붙이기에 사용하는 접착제를 이용한 방법
 ※ 접착제는 냄새 등으로 환기가 되지 않을 시는 근로자 및 거주민에게 유해할 수 있으므로 접착제 선정 시 안전한 제품을 선정하여야 한다.",모르타르 바탕,"콘크리트 바탕 및 기타 바탕 (콘크리트 타설면, 콘크리트 블록면, 경량기포 콘크리트면, 시멘트 압출 성형판 등을 바탕으로 사용)",바탕처리(물 축이기 및 청소),타일 나누기,"타일 가공 공구
집게
타일 커터
핸드 그라인더
핸드 드릴 등","타일 붙임 공법의 분류
떠붙임공법, 개량 떠붙임공법
압착 붙임 공법, 개량 압착 붙임 공법, 유닛 타일 압착공법
접착 붙임 공법
판형붙임공법(타일거푸집 선부착 공법)
동시 줄눈 공법","타일 보양의 종류
직사광선 또는 풍우 : 시트 등 보양
한중 공사 시 동해 또는 급격한 온도변화 : 난방 보온 등 보양
타일 붙인 후 3일 : 진동 및 보행 금지
줄눈 넣은 후 경화 불량 또는 24시간 이내 비가 올 우려가 있는 경우 : 폴리에틸렌 필름 차단 보양 등","수동
망치, 해머
드라이버, 정, 노루발 등","전동
전동 해머 드릴
그라인더 등"
