C-01-2011,시스템폼(RCS폼_ACS폼 중심) 안전작업 지침
C-2-2020,수상 바지(Barge)선 이용 건설공사 안전작업 지침
C-03-2011,교량공사(P.S.M공법) 안전작업 지침
C-04-2012,흙막이공사(엄지말뚝공법)안전보건작업 지침
C-05-2016,건설공사 돌관작업 안전보건작업 지침
C-06-2015,타일(Tile)공사 안전보건작업 지침
C-07-2012,시트(Sheet)방수 안전보건작업 지침
C-08-2015,작업발판 설치 및 사용안전 지침
C-09-2012,관로매설공사(유압식 추진공법) 안전보건작업 지침
C-10-2016,I.L.M 교량공사 안전보건작업 지침
C-11-2012,가설계단 설치 및 사용 안전보건작업 지침
C-12-2012,흙막이공사(Earth Anchor 공법) 안전보건작업 지침
C-13-2012,흙막이공사(Soil Nailing 공법) 안전보건작업 지침
C-14-2012,밀폐공간의 방수공사 안전보건작업 지침
C-15-2017,관로매설공사 안전보건작업 기술지침
C-16-2016,미장공사 안전보건작업 지침
C-17-2011,경량철골 천장공사 안전보건작업 지침
C-18-2015,건설공사 안전보건 설계지침
C-21-2011,현수교 교량공사 안전보건 작업지침
C-22-2011,사장교 교량공사 안전보건 작업지침
C-24-2011,단순 슬래브 콘크리트 타설 안전작업 지침
C-25-2018,재사용 가설기자재 성능기준에 관한 지침
C-26-2017,낙하물 방지망 설치 지침
C-27-2011,낙하물 방호선반 설치 지침
C-28-2018,이동식 비계 설치 및 사용안전 기술지침
C-29-2017,수직보호망 설치 지침
C-30-2020,강관비계 안전작업지침
C-31-2017,추락방호망 설치 지침
C-32-2020,시스템 비계 안전작업 지침
C-33-2022,작업의자형 달비계 안전보건작업 지침
C-34-2011,소규모 철근콘크리트 교량공사 거푸집 동바리 안전작업 지침
C-35-2011,교량공사의 이동식 비계공법(MSS) 안전작업 지침
C-36-2011,교량 슬래브거푸집 해체용 작업대차 안전작업 지침
C-37-2011,지하매설물 굴착공사 안전작업 지침
C-38-2011,슬립폼(Slip form) 안전작업 지침
C-39-2011,굴착공사 안전작업 지침
C-40-2011,갱폼(Gang form) 제작 및 사용안전 지침
C-41-2011,프리스트레스트 콘크리트(PSC) 교량공사 안전작업 지침
C-42-2020,시스템 동바리 안전작업 지침
C-43-2012,콘크리트공사 안전보건작업 지침
C-44-2015,철골공사 안전보건작업 지침
C-45-2012,터널공사(NATM공법) 안전보건작업 지침
C-46-2016,발파공사 안전보건작업 지침
C-47-2017,해체공사 안전보건작업 기술지침
C-48-2013,건설기계 안전보건작업지침
C-49-2012,안전대 사용지침
C-50-2012,아스팔트콘크리트 포장공사 안전보건작업 지침
C-51-2020,파이프 서포트 동바리 안전작업 지침
C-52-2016,야간 건설공사 안전보건작업 지침
C-53-2012,프리캐스트 콘크리트 건축구조물 조립 안전보건작업 지침
C-54-2012,가공송전선로 철탑 심형기초공사 안전보건작업 지침
C-55-2015,금속 커튼월 안전작업지침
C-56-2017,리모델링 안전보건작업 기술지침
C-57-2017,건축물의 석공사(내외장) 안전보건작업 기술지침
C-59-2022,지붕공사 안전보건작업 기술지침
C-60-2015,탑다운(Top_down)공법 안전작업 지침
C-61-2012,터널공사(Shield-T
C-62-2012,곤돌라(Gondola) 안전보건작업 지침
C-63-2012,흙막이공사(C
C-64-2018,조적공사 안전보건작업 기술지침
C-65-2012,철골공사 무지보 거푸집동바리(데크플레이트 공법) 안전보건작업 지침
C-66-2016,내장공사의 안전보건작업 지침
C-67-2016,F.C.M 교량공사 안전보건작업 지침
C-68-2012,블록식 보강토 옹벽 공사 안전보건작업 지침
C-69-2012,이동식 크레인 안전보건작업 지침
C-70-2012,냉동·냉장 물류창고 단열공사 화재예방 안전보건작업 지침
C-71-2012,기성 콘크리트 파일 항타 안전보건작업 지침
C-72-2012,흙막이공사(지하연속벽) 안전보건작업 지침
C-73-2012,강박스 거더 교량공사 안전보건작업 지침
C-74-2015,건설공사의 고소작업대 안전보건작업지침
C-75-2013,조경공사(수목식재작업)의 안전보건작업지침
C-76-2013,흙막이공사(강널말뚝공법_ Sheet Pile)의 안전보건작업지침
C-77-2013,현수교 주탑시공 안전보건작업지침
C-78-2016,옹벽(콘크리트_옹벽)공사의_안전보건작업 지침
C-79-2015,초고층 건축물공사(일반사항) 안전보건작업지침
C-80-2013,강아치교(벤트공법) 안전보건작업지침
C-81-2013,터널공사(프론트 잭킹) 안전보건작업지침
C-82-2020,해상 RCD 현장타설(현수교_사장교) 안전작업 지침
C-83-2013,PCT거더 교량공사 안전보건작업지침
C-84-2013,트러스거더 교량공사 안전보건작업지침
C-85-2013,트럭 탑재형 크레인(Cargo Crane) 안전보건작업지침
C-86-2018,중소규모 건설업체 본사의 안전보건관리에 관한 지침
C-87-2013,중소규모_관로공사의_안전보건작업지침
C-88-2013,터널공사(NTR공법) 안전보건작업지침
C-89-2013,터널공사(침매공법) 안전보건작업지침
C-91-2015,초고층 건축물공사(화재예방) 안전보건작업지침
C-92-2013,흙막이공사(SCW공법)의 안전보건작업지침
C-93-2013,우물통기초의 안전보건작업지침
C-94-2013,교량공사(라멘교) 안전보건작업지침
C-95-2014,흙막이공사(띠장긴장공법_Pretressed_Wale_Method)의 안전보건 작업지침
C-96-2014,가설구조물의 설계변경 요청 내용 절차 등에 관한 작성지침
C-97-2014,타워크레인 설치 조립 해체 작업계획서 작성지침
C-98-2014,철탑공사 안전보건 기술지침
C-99-2015,이동식크레인 양중작업의 안정성 검토 지침
C-101-2014,항타기 항발기 사용 작업계획서 작성지침
C-102-2014,건설현장의 중량물 취급 작업계획서 (이동식크레인) 작성지침
C-103-2014,굴착공사 계측관리 기술지침
C-104-2014,건설공사 굴착사면 안전기울기 기준에 관한 기술지침
C-105-2021,굴착기 안전보건작업 지침
C-108-2017,건설현장 용접용단 안전보건작업 기술지침
C-109-2017,화학플랜트 개보수 공사 안전보건작업 기술지침
C-110-2018,수직형 추락방망 설치 기술지침
C-113-2020,취약시기 건설현장 안전작업지침
C-114-2020,덤프트럭 및 화물자동차 안전작업 지침