제작장,,,,NNP,*,T,제작장,*,*,*,*,*
부등침하,,,,NNP,*,F,부등침하,*,*,*,*,*
PSC거더,,,,NNP,*,F,PSC거더,*,*,*,*,*
기초콘크리트,,,,NNP,*,F,기초콘크리트,*,*,*,*,*
평탄성,,,,NNP,*,T,평탄성,*,*,*,*,*
횡방향,,,,NNP,*,T,횡방향,*,*,*,*,*
전도방지조치,,,,NNP,*,F,전도방지조치,*,*,*,*,*
PS강재,,,,NNP,*,F,PS강재,*,*,*,*,*
침하현상,,,,NNP,*,T,침하현상,*,*,*,*,*
보의,,,,NNP,*,F,보의,*,*,*,*,*
설계도서,,,,NNP,*,F,설계도서,*,*,*,*,*
정착장치,,,,NNP,*,F,정착장치,*,*,*,*,*
프리스트레스,,,,NNP,*,F,프리스트레스,*,*,*,*,*
쉬스관,,,,NNP,*,T,쉬스관,*,*,*,*,*
간격재,,,,NNP,*,F,간격재,*,*,*,*,*
모르터,,,,NNP,*,F,모르터,*,*,*,*,*
포스트텐션,,,,NNP,*,T,포스트텐션,*,*,*,*,*
가공 선로,,,,NNP,*,F,가공 선로,*,*,*,*,*
감전재해,,,,NNP,*,F,감전재해,*,*,*,*,*
방지조치,,,,NNP,*,F,방지조치,*,*,*,*,*
정착구,,,,NNP,*,F,정착구,*,*,*,*,*
지압면,,,,NNP,*,T,지압면,*,*,*,*,*
산소결핍증,,,,NNP,*,T,산소결핍증,*,*,*,*,*
일산화탄소,,,,NNP,*,F,일산화탄소,*,*,*,*,*
양생쉬트,,,,NNP,*,F,양생쉬트,*,*,*,*,*
인장장치,,,,NNP,*,F,인장장치,*,*,*,*,*
인장력,,,,NNP,*,T,인장력,*,*,*,*,*
최대반력,,,,NNP,*,T,최대반력,*,*,*,*,*
작업지휘자,,,,NNP,*,F,작업지휘자,*,*,*,*,*
쉬트,,,,NNP,*,F,쉬트,*,*,*,*,*
정격하중,,,,NNP,*,T,정격하중,*,*,*,*,*
적재,,,,NNP,*,F,적재,*,*,*,*,*
선회반경,,,,NNP,*,T,선회반경,*,*,*,*,*
운반로,,,,NNP,*,F,운반로,*,*,*,*,*
공공도로,,,,NNP,*,F,공공도로,*,*,*,*,*
도로사정,,,,NNP,*,T,도로사정,*,*,*,*,*
제약조건,,,,NNP,*,T,제약조건,*,*,*,*,*
고압송전선,,,,NNP,*,T,고압송전선,*,*,*,*,*
통신케이블,,,,NNP,*,T,통신케이블,*,*,*,*,*
방호시설,,,,NNP,*,T,방호시설,*,*,*,*,*
안전조치,,,,NNP,*,F,안전조치,*,*,*,*,*
안전대,,,,NNP,*,F,안전대,*,*,*,*,*
개인보호구,,,,NNP,*,F,개인보호구,*,*,*,*,*
방호장치,,,,NNP,*,F,방호장치,*,*,*,*,*
관리감독자,,,,NNP,*,F,관리감독자,*,*,*,*,*
위험요인,,,,NNP,*,T,위험요인,*,*,*,*,*
안전수칙,,,,NNP,*,T,안전수칙,*,*,*,*,*
출입로,,,,NNP,*,F,출입로,*,*,*,*,*
괴고,,,,NNP,*,F,괴고,*,*,*,*,*
작업반경,,,,NNP,*,T,작업반경,*,*,*,*,*
양중기,,,,NNP,*,F,양중기,*,*,*,*,*
정격용량,,,,NNP,*,T,정격용량,*,*,*,*,*
작업계획서,,,,NNP,*,F,작업계획서,*,*,*,*,*
안전난간,,,,NNP,*,T,안전난간,*,*,*,*,*
통로용,,,,NNP,*,T,통로용,*,*,*,*,*
다짐상태,,,,NNP,*,F,다짐상태,*,*,*,*,*
운전원,,,,NNP,*,T,운전원,*,*,*,*,*
해지장치,,,,NNP,*,F,해지장치,*,*,*,*,*
권과방지장치,,,,NNP,*,F,권과방지장치,*,*,*,*,*
경보장치,,,,NNP,*,F,경보장치,*,*,*,*,*
모멘트 리미트,,,,NNP,*,F,모멘트 리미트,*,*,*,*,*
운반용,,,,NNP,*,T,운반용,*,*,*,*,*
인양로프,,,,NNP,*,F,인양로프,*,*,*,*,*
리프팅 홀,,,,NNP,*,T,리프팅 홀,*,*,*,*,*
코핑상부,,,,NNP,*,F,코핑상부,*,*,*,*,*
삼각프레임,,,,NNP,*,T,삼각프레임,*,*,*,*,*
받침쐐기,,,,NNP,*,F,받침쐐기,*,*,*,*,*
낙하,,,,NNP,*,F,낙하,*,*,*,*,*
방지망,,,,NNP,*,T,방지망,*,*,*,*,*
돌출철근,,,,NNP,*,T,돌출철근,*,*,*,*,*
방호선반,,,,NNP,*,T,방호선반,*,*,*,*,*
접속부,,,,NNP,*,F,접속부,*,*,*,*,*
연결볼트,,,,NNP,*,F,연결볼트,*,*,*,*,*
체결볼트,,,,NNP,*,F,체결볼트,*,*,*,*,*
레일 클램프,,,,NNP,*,F,레일 클램프,*,*,*,*,*
지브크레인,,,,NNP,*,T,지브크레인,*,*,*,*,*
갱폼,,,,NNP,*,T,갱폼,*,*,*,*,*
인양고리,,,,NNP,*,F,인양고리,*,*,*,*,*
전하중,,,,NNP,*,T,전하중,*,*,*,*,*
냉간 압연,,,,NNP,*,T,냉간 압연,*,*,*,*,*
U-벤딩,,,,NNP,*,T,U-벤딩,*,*,*,*,*
벤딩,,,,NNP,*,T,벤딩,*,*,*,*,*
난간대,,,,NNP,*,F,난간대,*,*,*,*,*
추락방호대,,,,NNP,*,F,추락방호대,*,*,*,*,*
수직재,,,,NNP,*,F,수직재,*,*,*,*,*
각파이프,,,,NNP,*,F,각파이프,*,*,*,*,*
브라켓,,,,NNP,*,T,브라켓,*,*,*,*,*
띠장재,,,,NNP,*,F,띠장재,*,*,*,*,*
익스텐디드 메탈,,,,NNP,*,T,익스텐디드 메탈,*,*,*,*,*
압송관,,,,NNP,*,T,압송관,*,*,*,*,*
조립용,,,,NNP,*,T,조립용,*,*,*,*,*
발판재,,,,NNP,*,F,발판재,*,*,*,*,*
볼팅,,,,NNP,*,T,볼팅,*,*,*,*,*
진출입로,,,,NNP,*,F,진출입로,*,*,*,*,*
이음부,,,,NNP,*,F,이음부,*,*,*,*,*
설계도면,,,,NNP,*,T,설계도면,*,*,*,*,*
전기배관재,,,,NNP,*,F,전기배관재,*,*,*,*,*
형틀부속자재,,,,NNP,*,F,형틀부속자재,*,*,*,*,*
낙하물,,,,NNP,*,T,낙하물,*,*,*,*,*
수직보호망,,,,NNP,*,T,수직보호망,*,*,*,*,*
가설기자재,,,,NNP,*,F,가설기자재,*,*,*,*,*
매립볼트,,,,NNP,*,F,매립볼트,*,*,*,*,*
폼타이,,,,NNP,*,F,폼타이,*,*,*,*,*
유로폼,,,,NNP,*,T,유로폼,*,*,*,*,*
앵카,,,,NNP,*,F,앵카,*,*,*,*,*
타워크레인,,,,NNP,*,T,타워크레인,*,*,*,*,*
체인블록,,,,NNP,*,T,체인블록,*,*,*,*,*
턴 버클,,,,NNP,*,T,턴 버클,*,*,*,*,*
잔재물,,,,NNP,*,T,잔재물,*,*,*,*,*
위험성,,,,NNP,*,T,위험성,*,*,*,*,*
후진경보등,,,,NNP,*,T,후진경보등,*,*,*,*,*
후방감지기,,,,NNP,*,F,후방감지기,*,*,*,*,*
불안정,,,,NNP,*,T,불안정,*,*,*,*,*
충전전로,,,,NNP,*,F,충전전로,*,*,*,*,*
뿌리분,,,,NNP,*,T,뿌리분,*,*,*,*,*
가지주,,,,NNP,*,F,가지주,*,*,*,*,*
근원부,,,,NNP,*,F,근원부,*,*,*,*,*
비포장도로,,,,NNP,*,F,비포장도로,*,*,*,*,*
슬링벨트,,,,NNP,*,F,슬링벨트,*,*,*,*,*
샤클,,,,NNP,*,T,샤클,*,*,*,*,*
가이식,,,,NNP,*,T,가이식,*,*,*,*,*
화물자동차,,,,NNP,*,F,화물자동차,*,*,*,*,*
이중적재,,,,NNP,*,F,이중적재,*,*,*,*,*
대형목,,,,NNP,*,T,대형목,*,*,*,*,*
체인블럭,,,,NNP,*,T,체인블럭,*,*,*,*,*
줄걸이,,,,NNP,*,F,줄걸이,*,*,*,*,*
목도운반,,,,NNP,*,T,목도운반,*,*,*,*,*
근골계질환,,,,NNP,*,T,근골계질환,*,*,*,*,*
백호 버켓,,,,NNP,*,T,백호 버켓,*,*,*,*,*
탈장착,,,,NNP,*,T,탈장착,*,*,*,*,*
마운딩,,,,NNP,*,T,마운딩,*,*,*,*,*
양질토,,,,NNP,*,F,양질토,*,*,*,*,*
아웃트리거,,,,NNP,*,F,아웃트리거,*,*,*,*,*
섬유벨트,,,,NNP,*,F,섬유벨트,*,*,*,*,*
식재,,,,NNP,*,F,식재,*,*,*,*,*
고무판,,,,NNP,*,T,고무판,*,*,*,*,*
지반침하,,,,NNP,*,F,지반침하,*,*,*,*,*
보조로프,,,,NNP,*,F,보조로프,*,*,*,*,*
근골격계,,,,NNP,*,F,근골격계,*,*,*,*,*
방독마스크,,,,NNP,*,F,방독마스크,*,*,*,*,*
물질안전보건자료,,,,NNP,*,F,물질안전보건자료,*,*,*,*,*
지붕 트러스트,,,,NNP,*,F,지붕 트러스트,*,*,*,*,*
지붕판,,,,NNP,*,T,지붕판,*,*,*,*,*
강관비계,,,,NNP,*,F,강관비계,*,*,*,*,*
시스템비계,,,,NNP,*,F,시스템비계,*,*,*,*,*
강관틀비계,,,,NNP,*,F,강관틀비계,*,*,*,*,*
추락방호망,,,,NNP,*,T,추락방호망,*,*,*,*,*
걸이용,,,,NNP,*,T,걸이용,*,*,*,*,*
안전블록,,,,NNP,*,T,안전블록,*,*,*,*,*
적합성,,,,NNP,*,T,적합성,*,*,*,*,*
고소작업대,,,,NNP,*,F,고소작업대,*,*,*,*,*
발끝막이판,,,,NNP,*,T,발끝막이판,*,*,*,*,*
안전계수,,,,NNP,*,F,안전계수,*,*,*,*,*
휀스,,,,NNP,*,F,휀스,*,*,*,*,*
잔해물,,,,NNP,*,T,잔해물,*,*,*,*,*
절연용 방호구,,,,NNP,*,F,절연용 방호구,*,*,*,*,*
불티,,,,NNP,*,F,불티,*,*,*,*,*
비산방지포,,,,NNP,*,F,비산방지포,*,*,*,*,*
안전표지판,,,,NNP,*,T,안전표지판,*,*,*,*,*
그네식 안전대,,,,NNP,*,F,그네식 안전대,*,*,*,*,*
추락방지대,,,,NNP,*,F,추락방지대,*,*,*,*,*
로립,,,,NNP,*,T,로립,*,*,*,*,*
마닐라로프,,,,NNP,*,F,마닐라로프,*,*,*,*,*
지붕보호벽,,,,NNP,*,T,지붕보호벽,*,*,*,*,*
강화 절연판,,,,NNP,*,T,강화 절연판,*,*,*,*,*
적치대,,,,NNP,*,F,적치대,*,*,*,*,*
적재하중,,,,NNP,*,T,적재하중,*,*,*,*,*
적재물,,,,NNP,*,T,적재물,*,*,*,*,*
채광지붕,,,,NNP,*,T,채광지붕,*,*,*,*,*
골마루판,,,,NNP,*,T,골마루판,*,*,*,*,*
샌드위치 판넬,,,,NNP,*,T,샌드위치 판넬,*,*,*,*,*
조립설명서,,,,NNP,*,F,조립설명서,*,*,*,*,*
건설표준시방서,,,,NNP,*,F,건설표준시방서,*,*,*,*,*
철재물,,,,NNP,*,T,철재물,*,*,*,*,*
멈춤턱,,,,NNP,*,T,멈춤턱,*,*,*,*,*
건물주,,,,NNP,*,F,건물주,*,*,*,*,*
석공사,,,,NNP,*,F,석공사,*,*,*,*,*
안전작업계획서,,,,NNP,*,F,안전작업계획서,*,*,*,*,*
양중장비,,,,NNP,*,F,양중장비,*,*,*,*,*
구조체,,,,NNP,*,F,구조체,*,*,*,*,*
바탕면,,,,NNP,*,T,바탕면,*,*,*,*,*
실란트,,,,NNP,*,F,실란트,*,*,*,*,*
누전차단기,,,,NNP,*,F,누전차단기,*,*,*,*,*
방진마스크,,,,NNP,*,F,방진마스크,*,*,*,*,*
윈치,,,,NNP,*,F,윈치,*,*,*,*,*
유도로프,,,,NNP,*,F,유도로프,*,*,*,*,*
고소작업차,,,,NNP,*,F,고소작업차,*,*,*,*,*
시멘트 페이스트,,,,NNP,*,F,시멘트 페이스트,*,*,*,*,*
보양재,,,,NNP,*,F,보양재,*,*,*,*,*
사춤 모르타르,,,,NNP,*,F,사춤 모르타르,*,*,*,*,*
건강장해,,,,NNP,*,F,건강장해,*,*,*,*,*
연결철물,,,,NNP,*,T,연결철물,*,*,*,*,*
발포 플라스틱,,,,NNP,*,T,발포 플라스틱,*,*,*,*,*
줄눈파기,,,,NNP,*,F,줄눈파기,*,*,*,*,*
먹매김,,,,NNP,*,T,먹매김,*,*,*,*,*
긴결재,,,,NNP,*,F,긴결재,*,*,*,*,*
인발력,,,,NNP,*,T,인발력,*,*,*,*,*
내장재,,,,NNP,*,F,내장재,*,*,*,*,*
증축,,,,NNP,*,T,증축,*,*,*,*,*
개축,,,,NNP,*,T,개축,*,*,*,*,*
중성화,,,,NNP,*,F,중성화,*,*,*,*,*
리모델링,,,,NNP,*,T,리모델링,*,*,*,*,*
가공고압선,,,,NNP,*,T,가공고압선,*,*,*,*,*
해체물,,,,NNP,*,T,해체물,*,*,*,*,*
방음막,,,,NNP,*,T,방음막,*,*,*,*,*
방진막,,,,NNP,*,T,방진막,*,*,*,*,*
살수설비,,,,NNP,*,F,살수설비,*,*,*,*,*
구조기술사,,,,NNP,*,F,구조기술사,*,*,*,*,*
안전화,,,,NNP,*,F,안전화,*,*,*,*,*
시공성,,,,NNP,*,T,시공성,*,*,*,*,*
안전성,,,,NNP,*,T,안전성,*,*,*,*,*
경제성,,,,NNP,*,T,경제성,*,*,*,*,*
안전방망,,,,NNP,*,T,안전방망,*,*,*,*,*
소음성 난청,,,,NNP,*,T,소음성 난청,*,*,*,*,*
진동장해,,,,NNP,*,F,진동장해,*,*,*,*,*
방진장갑,,,,NNP,*,T,방진장갑,*,*,*,*,*
절단톱,,,,NNP,*,T,절단톱,*,*,*,*,*
급수설비,,,,NNP,*,F,급수설비,*,*,*,*,*
배수설비,,,,NNP,*,F,배수설비,*,*,*,*,*
파워쇼벨,,,,NNP,*,T,파워쇼벨,*,*,*,*,*
연결구조부,,,,NNP,*,F,연결구조부,*,*,*,*,*
워터제트공법,,,,NNP,*,T,워터제트공법,*,*,*,*,*
레이저공법,,,,NNP,*,T,레이저공법,*,*,*,*,*
분사수,,,,NNP,*,F,분사수,*,*,*,*,*
레이저 광선,,,,NNP,*,T,레이저 광선,*,*,*,*,*
보호커버,,,,NNP,*,F,보호커버,*,*,*,*,*
습식작업,,,,NNP,*,T,습식작업,*,*,*,*,*
석면분진,,,,NNP,*,T,석면분진,*,*,*,*,*
불침투성,,,,NNP,*,T,불침투성,*,*,*,*,*
이동식비계,,,,NNP,*,F,이동식비계,*,*,*,*,*
달비계,,,,NNP,*,F,달비계,*,*,*,*,*
충진공법,,,,NNP,*,T,충진공법,*,*,*,*,*
단면복구공법,,,,NNP,*,T,단면복구공법,*,*,*,*,*
전동기계,,,,NNP,*,F,전동기계,*,*,*,*,*
전동기구,,,,NNP,*,F,전동기구,*,*,*,*,*
부재신설공법,,,,NNP,*,T,부재신설공법,*,*,*,*,*
단면증대공법,,,,NNP,*,T,단면증대공법,*,*,*,*,*
거푸집 동바리,,,,NNP,*,F,거푸집 동바리,*,*,*,*,*
다웰 바,,,,NNP,*,F,다웰 바,*,*,*,*,*
보강철근,,,,NNP,*,T,보강철근,*,*,*,*,*
탄소섬유시트,,,,NNP,*,F,탄소섬유시트,*,*,*,*,*
평활도,,,,NNP,*,F,평활도,*,*,*,*,*
언더피닝,,,,NNP,*,T,언더피닝,*,*,*,*,*
지하매설물,,,,NNP,*,T,지하매설물,*,*,*,*,*
석고보드,,,,NNP,*,F,석고보드,*,*,*,*,*
인화성 물질,,,,NNP,*,T,인화성 물질,*,*,*,*,*
용접불꽃,,,,NNP,*,T,용접불꽃,*,*,*,*,*
점화원,,,,NNP,*,T,점화원,*,*,*,*,*
둥근톱,,,,NNP,*,T,둥근톱,*,*,*,*,*
날접촉,,,,NNP,*,T,날접촉,*,*,*,*,*
타정총,,,,NNP,*,T,타정총,*,*,*,*,*
핸드커터,,,,NNP,*,F,핸드커터,*,*,*,*,*
도장작업,,,,NNP,*,T,도장작업,*,*,*,*,*
이동식사다리,,,,NNP,*,F,이동식사다리,*,*,*,*,*
말비계,,,,NNP,*,F,말비계,*,*,*,*,*
지재부재,,,,NNP,*,F,지재부재,*,*,*,*,*
미끄럼방지장치,,,,NNP,*,F,미끄럼방지장치,*,*,*,*,*
차량탑재형,,,,NNP,*,T,차량탑재형,*,*,*,*,*
시저형,,,,NNP,*,T,시저형,*,*,*,*,*
기타 조적작업,,,,NNP,*,T,기타 조적작업,*,*,*,*,*
용접작업,,,,NNP,*,T,용접작업,*,*,*,*,*
목재가공작업,,,,NNP,*,T,목재가공작업,*,*,*,*,*
타일작업,,,,NNP,*,T,타일작업,*,*,*,*,*
도배작업,,,,NNP,*,T,도배작업,*,*,*,*,*
중량물,,,,NNP,*,T,중량물,*,*,*,*,*
외장작업,,,,NNP,*,T,외장작업,*,*,*,*,*
한국산업안전보건공단,,,,NNP,*,T,한국산업안전보건공단,*,*,*,*,*
최대허용하중,,,,NNP,*,T,최대허용하중,*,*,*,*,*
송기마스크,,,,NNP,*,F,송기마스크,*,*,*,*,*
호흡용 보호구,,,,NNP,*,F,호흡용 보호구,*,*,*,*,*
용단작업,,,,NNP,*,T,용단작업,*,*,*,*,*
LPG,,,,NNP,*,F,LPG,*,*,*,*,*
화약류,,,,NNP,*,F,화약류,*,*,*,*,*
가연성물질,,,,NNP,*,T,가연성물질,*,*,*,*,*
캡타이어 케이블,,,,NNP,*,T,캡타이어 케이블,*,*,*,*,*
헤드가드,,,,NNP,*,F,헤드가드,*,*,*,*,*
파이프서포트,,,,NNP,*,F,파이프서포트,*,*,*,*,*
트럭 탑재형 크레인,,,,NNP,*,T,트럭 탑재형 크레인,*,*,*,*,*
충격하중,,,,NNP,*,T,충격하중,*,*,*,*,*
풍하중,,,,NNP,*,T,풍하중,*,*,*,*,*
장비하중,,,,NNP,*,T,장비하중,*,*,*,*,*
절곡형,,,,NNP,*,T,절곡형,*,*,*,*,*
작업대차,,,,NNP,*,F,작업대차,*,*,*,*,*
교축방향,,,,NNP,*,T,교축방향,*,*,*,*,*
교축직각방향,,,,NNP,*,T,교축직각방향,*,*,*,*,*
이동하중,,,,NNP,*,T,이동하중,*,*,*,*,*
KS규격,,,,NNP,*,T,KS규격,*,*,*,*,*
압축강도,,,,NNP,*,F,압축강도,*,*,*,*,*
인장강도,,,,NNP,*,F,인장강도,*,*,*,*,*
전단강도,,,,NNP,*,F,전단강도,*,*,*,*,*
볼트이음,,,,NNP,*,T,볼트이음,*,*,*,*,*
용접이음,,,,NNP,*,T,용접이음,*,*,*,*,*
핀 이음,,,,NNP,*,T,핀 이음,*,*,*,*,*
편심하중,,,,NNP,*,T,편심하중,*,*,*,*,*
카운터 웨이트,,,,NNP,*,F,카운터 웨이트,*,*,*,*,*
구동바퀴,,,,NNP,*,F,구동바퀴,*,*,*,*,*
구동장치,,,,NNP,*,F,구동장치,*,*,*,*,*
양단 지지형,,,,NNP,*,T,양단 지지형,*,*,*,*,*
전동기계기구,,,,NNP,*,F,전동기계기구,*,*,*,*,*
고압전선로,,,,NNP,*,F,고압전선로,*,*,*,*,*
인근구조물,,,,NNP,*,T,인근구조물,*,*,*,*,*
안전장구,,,,NNP,*,F,안전장구,*,*,*,*,*
주행레일,,,,NNP,*,T,주행레일,*,*,*,*,*
기계부,,,,NNP,*,F,기계부,*,*,*,*,*
기계구동판,,,,NNP,*,T,기계구동판,*,*,*,*,*
전동기 브레이크,,,,NNP,*,F,전동기 브레이크,*,*,*,*,*
손망실,,,,NNP,*,T,손망실,*,*,*,*,*
전기 배선,,,,NNP,*,T,전기 배선,*,*,*,*,*
정격전류,,,,NNP,*,F,정격전류,*,*,*,*,*
절연전선,,,,NNP,*,T,절연전선,*,*,*,*,*
마스트 지지대,,,,NNP,*,F,마스트 지지대,*,*,*,*,*
랙기어,,,,NNP,*,F,랙기어,*,*,*,*,*
피니언기어,,,,NNP,*,F,피니언기어,*,*,*,*,*
과부하방지장치,,,,NNP,*,F,과부하방지장치,*,*,*,*,*
연결핀,,,,NNP,*,T,연결핀,*,*,*,*,*
구름방지장치,,,,NNP,*,F,구름방지장치,*,*,*,*,*
매설물,,,,NNP,*,T,매설물,*,*,*,*,*
항타,,,,NNP,*,F,항타,*,*,*,*,*
시험굴착,,,,NNP,*,T,시험굴착,*,*,*,*,*
매달기 방호,,,,NNP,*,F,매달기 방호,*,*,*,*,*
받침방호,,,,NNP,*,F,받침방호,*,*,*,*,*
되메우기,,,,NNP,*,F,되메우기,*,*,*,*,*
인력 굴착,,,,NNP,*,T,인력 굴착,*,*,*,*,*
줄파기 작업,,,,NNP,*,T,줄파기 작업,*,*,*,*,*
인력줄파기,,,,NNP,*,F,인력줄파기,*,*,*,*,*
가스관 탐지기,,,,NNP,*,F,가스관 탐지기,*,*,*,*,*
가스배관,,,,NNP,*,T,가스배관,*,*,*,*,*
현황도,,,,NNP,*,F,현황도,*,*,*,*,*
제수밸브,,,,NNP,*,F,제수밸브,*,*,*,*,*
동결심도,,,,NNP,*,F,동결심도,*,*,*,*,*
관접합부,,,,NNP,*,F,관접합부,*,*,*,*,*
토류판,,,,NNP,*,T,토류판,*,*,*,*,*
소형 브레이커,,,,NNP,*,F,소형 브레이커,*,*,*,*,*
지반개량 작업,,,,NNP,*,T,지반개량 작업,*,*,*,*,*
흙막이 지보공,,,,NNP,*,T,흙막이 지보공,*,*,*,*,*
백호우,,,,NNP,*,F,백호우,*,*,*,*,*
자동경보기,,,,NNP,*,F,자동경보기,*,*,*,*,*
굴착공사,,,,NNP,*,F,굴착공사,*,*,*,*,*
굴착사면,,,,NNP,*,T,굴착사면,*,*,*,*,*
안전기울기,,,,NNP,*,F,안전기울기,*,*,*,*,*
자연지반,,,,NNP,*,T,자연지반,*,*,*,*,*
불균질,,,,NNP,*,T,불균질,*,*,*,*,*
리핑암,,,,NNP,*,T,리핑암,*,*,*,*,*
발파암,,,,NNP,*,T,발파암,*,*,*,*,*
보통암,,,,NNP,*,T,보통암,*,*,*,*,*
경암질,,,,NNP,*,T,경암질,*,*,*,*,*
지표지질조사,,,,NNP,*,F,지표지질조사,*,*,*,*,*
시추조사,,,,NNP,*,F,시추조사,*,*,*,*,*
안정해석,,,,NNP,*,T,안정해석,*,*,*,*,*
노두조사,,,,NNP,*,F,노두조사,*,*,*,*,*
코아회수율,,,,NNP,*,T,코아회수율,*,*,*,*,*
RQD,,,,NNP,*,F,RQD,*,*,*,*,*
표준관입시험,,,,NNP,*,T,표준관입시험,*,*,*,*,*
TCR,,,,NNP,*,F,TCR,*,*,*,*,*
지질해머,,,,NNP,*,F,지질해머,*,*,*,*,*
슈미트 해머,,,,NNP,*,F,슈미트 해머,*,*,*,*,*
반발치,,,,NNP,*,F,반발치,*,*,*,*,*
탄성파속도,,,,NNP,*,F,탄성파속도,*,*,*,*,*
점하중강도,,,,NNP,*,F,점하중강도,*,*,*,*,*
일축압축강도시험,,,,NNP,*,T,일축압축강도시험,*,*,*,*,*
암판정,,,,NNP,*,T,암판정,*,*,*,*,*
유도 배수로,,,,NNP,*,F,유도 배수로,*,*,*,*,*
준설사면,,,,NNP,*,T,준설사면,*,*,*,*,*
원호활동,,,,NNP,*,T,원호활동,*,*,*,*,*
런칭거더,,,,NNP,*,F,런칭거더,*,*,*,*,*
겐츄리크레인,,,,NNP,*,T,겐츄리크레인,*,*,*,*,*
동적하중,,,,NNP,*,T,동적하중,*,*,*,*,*
순방향,,,,NNP,*,T,순방향,*,*,*,*,*
처짐량,,,,NNP,*,T,처짐량,*,*,*,*,*
힌지부,,,,NNP,*,F,힌지부,*,*,*,*,*
노즈 힌지부,,,,NNP,*,F,노즈 힌지부,*,*,*,*,*
비파괴검사,,,,NNP,*,F,비파괴검사,*,*,*,*,*
안전인증,,,,NNP,*,T,안전인증,*,*,*,*,*
분배전반,,,,NNP,*,T,분배전반,*,*,*,*,*
인장응력,,,,NNP,*,T,인장응력,*,*,*,*,*
등판각도,,,,NNP,*,F,등판각도,*,*,*,*,*
회전반경,,,,NNP,*,T,회전반경,*,*,*,*,*
스프레더빔,,,,NNP,*,T,스프레더빔,*,*,*,*,*
행잉빔,,,,NNP,*,T,행잉빔,*,*,*,*,*
회전 모먼트,,,,NNP,*,F,회전 모먼트,*,*,*,*,*
도심축,,,,NNP,*,T,도심축,*,*,*,*,*
키 세그먼트,,,,NNP,*,F,키 세그먼트,*,*,*,*,*
믹서트럭,,,,NNP,*,T,믹서트럭,*,*,*,*,*
강연성,,,,NNP,*,T,강연성,*,*,*,*,*
쉬즈관,,,,NNP,*,T,쉬즈관,*,*,*,*,*
그라우트재,,,,NNP,*,F,그라우트재,*,*,*,*,*
잔류수,,,,NNP,*,F,잔류수,*,*,*,*,*
휴먼에러,,,,NNP,*,F,휴먼에러,*,*,*,*,*
런칭작업,,,,NNP,*,T,런칭작업,*,*,*,*,*
전도붕괴,,,,NNP,*,F,전도붕괴,*,*,*,*,*
유압장비,,,,NNP,*,F,유압장비,*,*,*,*,*
유압호스,,,,NNP,*,F,유압호스,*,*,*,*,*
가이드 플레이트,,,,NNP,*,F,가이드 플레이트,*,*,*,*,*
테프론,,,,NNP,*,T,테프론,*,*,*,*,*
메인써포트,,,,NNP,*,F,메인써포트,*,*,*,*,*
지지기둥,,,,NNP,*,T,지지기둥,*,*,*,*,*
탄성 슈,,,,NNP,*,F,탄성 슈,*,*,*,*,*
피어 세그먼트,,,,NNP,*,F,피어 세그먼트,*,*,*,*,*
곡선부,,,,NNP,*,F,곡선부,*,*,*,*,*
피뢰설비,,,,NNP,*,F,피뢰설비,*,*,*,*,*
급운행,,,,NNP,*,T,급운행,*,*,*,*,*
급하강,,,,NNP,*,T,급하강,*,*,*,*,*
노즈 이음부,,,,NNP,*,F,노즈 이음부,*,*,*,*,*
트러스 노즈 개구부,,,,NNP,*,F,트러스 노즈 개구부,*,*,*,*,*
노즈 상단 개구부,,,,NNP,*,F,노즈 상단 개구부,*,*,*,*,*
노즈 이음부 상단 개구부,,,,NNP,*,F,노즈 이음부 상단 개구부,*,*,*,*,*
관로매설공사,,,,NNP,*,F,관로매설공사,*,*,*,*,*
좌표측량,,,,NNP,*,T,좌표측량,*,*,*,*,*
관로동선,,,,NNP,*,T,관로동선,*,*,*,*,*
상하수도관,,,,NNP,*,T,상하수도관,*,*,*,*,*
도시가스관,,,,NNP,*,T,도시가스관,*,*,*,*,*
전기정보통신관,,,,NNP,*,T,전기정보통신관,*,*,*,*,*
열배관,,,,NNP,*,T,열배관,*,*,*,*,*
방호울타리,,,,NNP,*,F,방호울타리,*,*,*,*,*
폐자재,,,,NNP,*,F,폐자재,*,*,*,*,*
후진경보기,,,,NNP,*,F,후진경보기,*,*,*,*,*
후방카메라,,,,NNP,*,F,후방카메라,*,*,*,*,*
굴착면,,,,NNP,*,T,굴착면,*,*,*,*,*
지장물,,,,NNP,*,T,지장물,*,*,*,*,*
가스관,,,,NNP,*,T,가스관,*,*,*,*,*
굴착토사,,,,NNP,*,F,굴착토사,*,*,*,*,*
수중펌프,,,,NNP,*,F,수중펌프,*,*,*,*,*
벨트콘베이어,,,,NNP,*,F,벨트콘베이어,*,*,*,*,*
공기호흡기,,,,NNP,*,F,공기호흡기,*,*,*,*,*
도시가스,,,,NNP,*,F,도시가스,*,*,*,*,*
인화성가스,,,,NNP,*,F,인화성가스,*,*,*,*,*
황화수소,,,,NNP,*,F,황화수소,*,*,*,*,*
유해가스,,,,NNP,*,F,유해가스,*,*,*,*,*
토류벽,,,,NNP,*,T,토류벽,*,*,*,*,*
구름멈춤대,,,,NNP,*,F,구름멈춤대,*,*,*,*,*
퀵커플러,,,,NNP,*,F,퀵커플러,*,*,*,*,*
타이어롤러,,,,NNP,*,F,타이어롤러,*,*,*,*,*
머캐덤롤러,,,,NNP,*,F,머캐덤롤러,*,*,*,*,*
탠덤롤러,,,,NNP,*,F,탠덤롤러,*,*,*,*,*
관로 매설공사,,,,NNP,*,F,관로 매설공사,*,*,*,*,*
유압식 추진공법,,,,NNP,*,T,유압식 추진공법,*,*,*,*,*
반력벽,,,,NNP,*,T,반력벽,*,*,*,*,*
추진 받침대,,,,NNP,*,F,추진 받침대,*,*,*,*,*
선도관,,,,NNP,*,T,선도관,*,*,*,*,*
추진관,,,,NNP,*,T,추진관,*,*,*,*,*
잔토처리설비,,,,NNP,*,F,잔토처리설비,*,*,*,*,*
토사반출,,,,NNP,*,T,토사반출,*,*,*,*,*
통신선로,,,,NNP,*,F,통신선로,*,*,*,*,*
파이프 루프 공법,,,,NNP,*,T,파이프 루프 공법,*,*,*,*,*
그라우팅 공법,,,,NNP,*,T,그라우팅 공법,*,*,*,*,*
안전장갑,,,,NNP,*,T,안전장갑,*,*,*,*,*
펌프 카,,,,NNP,*,F,펌프 카,*,*,*,*,*
받침목,,,,NNP,*,T,받침목,*,*,*,*,*
크레인 붐,,,,NNP,*,T,크레인 붐,*,*,*,*,*
협착,,,,NNP,*,T,협착,*,*,*,*,*
콘크리트옹벽,,,,NNP,*,T,콘크리트옹벽,*,*,*,*,*
지반개량,,,,NNP,*,T,지반개량,*,*,*,*,*
지지말뚝,,,,NNP,*,T,지지말뚝,*,*,*,*,*
H형강,,,,NNP,*,T,H형강,*,*,*,*,*
편심추력,,,,NNP,*,T,편심추력,*,*,*,*,*
체크벨브,,,,NNP,*,F,체크벨브,*,*,*,*,*
다이얼게이지,,,,NNP,*,F,다이얼게이지,*,*,*,*,*
타켓트,,,,NNP,*,F,타켓트,*,*,*,*,*
진입부,,,,NNP,*,F,진입부,*,*,*,*,*
원지반,,,,NNP,*,T,원지반,*,*,*,*,*
지수제,,,,NNP,*,F,지수제,*,*,*,*,*
윤활재,,,,NNP,*,F,윤활재,*,*,*,*,*
배토량,,,,NNP,*,T,배토량,*,*,*,*,*
토피고,,,,NNP,*,F,토피고,*,*,*,*,*
추진압력,,,,NNP,*,T,추진압력,*,*,*,*,*
추진속도,,,,NNP,*,F,추진속도,*,*,*,*,*
대차,,,,NNP,*,F,대차,*,*,*,*,*
가이드 레일,,,,NNP,*,T,가이드 레일,*,*,*,*,*
유압펌프,,,,NNP,*,F,유압펌프,*,*,*,*,*
소켓류,,,,NNP,*,F,소켓류,*,*,*,*,*
냉각 팬,,,,NNP,*,T,냉각 팬,*,*,*,*,*
갱내,,,,NNP,*,F,갱내,*,*,*,*,*
옥외 방수형,,,,NNP,*,T,옥외 방수형,*,*,*,*,*
이격 거리,,,,NNP,*,F,이격 거리,*,*,*,*,*
지보공,,,,NNP,*,T,지보공,*,*,*,*,*
굴착토,,,,NNP,*,F,굴착토,*,*,*,*,*
회전 반경,,,,NNP,*,T,회전 반경,*,*,*,*,*
경광등,,,,NNP,*,T,경광등,*,*,*,*,*
가설대,,,,NNP,*,F,가설대,*,*,*,*,*
간극수압,,,,NNP,*,T,간극수압,*,*,*,*,*
주입압,,,,NNP,*,T,주입압,*,*,*,*,*
주입압량,,,,NNP,*,T,주입압량,*,*,*,*,*
본관용,,,,NNP,*,T,본관용,*,*,*,*,*
부력 방지대,,,,NNP,*,F,부력 방지대,*,*,*,*,*
지수활제,,,,NNP,*,F,지수활제,*,*,*,*,*
마감철판,,,,NNP,*,T,마감철판,*,*,*,*,*
강관 캡,,,,NNP,*,T,강관 캡,*,*,*,*,*
햄머드릴,,,,NNP,*,T,햄머드릴,*,*,*,*,*
공기배출구,,,,NNP,*,F,공기배출구,*,*,*,*,*
RCD,,,,NNP,*,F,RCD,*,*,*,*,*
가이드 프레임,,,,NNP,*,T,가이드 프레임,*,*,*,*,*
지반보강,,,,NNP,*,T,지반보강,*,*,*,*,*
SCP,,,,NNP,*,F,SCP,*,*,*,*,*
CDM,,,,NNP,*,F,CDM,*,*,*,*,*
압밀침하,,,,NNP,*,F,압밀침하,*,*,*,*,*
재하시험,,,,NNP,*,T,재하시험,*,*,*,*,*
수상복,,,,NNP,*,T,수상복,*,*,*,*,*
송기설비,,,,NNP,*,F,송기설비,*,*,*,*,*
Slime,,,,NNP,*,F,Slime,*,*,*,*,*
침전조,,,,NNP,*,F,침전조,*,*,*,*,*
주철근,,,,NNP,*,T,주철근,*,*,*,*,*
원형틀,,,,NNP,*,T,원형틀,*,*,*,*,*
조석간만,,,,NNP,*,T,조석간만,*,*,*,*,*
제반 여건,,,,NNP,*,T,제반 여건,*,*,*,*,*
하천류,,,,NNP,*,F,하천류,*,*,*,*,*
부유토,,,,NNP,*,F,부유토,*,*,*,*,*
잠수작업,,,,NNP,*,T,잠수작업,*,*,*,*,*
호스절단,,,,NNP,*,T,호스절단,*,*,*,*,*
잠수기구,,,,NNP,*,F,잠수기구,*,*,*,*,*
공기압축기,,,,NNP,*,F,공기압축기,*,*,*,*,*
송기관,,,,NNP,*,T,송기관,*,*,*,*,*
압력조정기,,,,NNP,*,F,압력조정기,*,*,*,*,*
콤푸레샤,,,,NNP,*,F,콤푸레샤,*,*,*,*,*
예비공기조,,,,NNP,*,F,예비공기조,*,*,*,*,*
공기청정기,,,,NNP,*,F,공기청정기,*,*,*,*,*
공기호스,,,,NNP,*,F,공기호스,*,*,*,*,*
수심측정기,,,,NNP,*,F,수심측정기,*,*,*,*,*
잠수용,,,,NNP,*,T,잠수용,*,*,*,*,*
수중전화,,,,NNP,*,F,수중전화,*,*,*,*,*
송기량,,,,NNP,*,T,송기량,*,*,*,*,*
수상구명복,,,,NNP,*,T,수상구명복,*,*,*,*,*
해상기초 작업,,,,NNP,*,T,해상기초 작업,*,*,*,*,*
주탑,,,,NNP,*,T,주탑,*,*,*,*,*
줄걸이용,,,,NNP,*,T,줄걸이용,*,*,*,*,*
적재슈트,,,,NNP,*,F,적재슈트,*,*,*,*,*
콘크리트 펌프카,,,,NNP,*,F,콘크리트 펌프카,*,*,*,*,*
플렉시블 호스,,,,NNP,*,F,플렉시블 호스,*,*,*,*,*
스폰지볼,,,,NNP,*,T,스폰지볼,*,*,*,*,*
포터블 펌프,,,,NNP,*,F,포터블 펌프,*,*,*,*,*
벽이음,,,,NNP,*,T,벽이음,*,*,*,*,*
카고 크레인,,,,NNP,*,T,카고 크레인,*,*,*,*,*
받침철물,,,,NNP,*,T,받침철물,*,*,*,*,*
잭베이스,,,,NNP,*,F,잭베이스,*,*,*,*,*
밑둥잡이,,,,NNP,*,F,밑둥잡이,*,*,*,*,*
합성섬유,,,,NNP,*,F,합성섬유,*,*,*,*,*
달줄,,,,NNP,*,T,달줄,*,*,*,*,*
달포대,,,,NNP,*,F,달포대,*,*,*,*,*
전복선,,,,NNP,*,T,전복선,*,*,*,*,*
풋스위치,,,,NNP,*,F,풋스위치,*,*,*,*,*
상승이동빙지장치,,,,NNP,*,F,상승이동빙지장치,*,*,*,*,*
주행차단장치,,,,NNP,*,F,주행차단장치,*,*,*,*,*
과상승방지대,,,,NNP,*,F,과상승방지대,*,*,*,*,*
비상정지장치,,,,NNP,*,F,비상정지장치,*,*,*,*,*
기동 스위치,,,,NNP,*,F,기동 스위치,*,*,*,*,*
MSDS,,,,NNP,*,F,MSDS,*,*,*,*,*
등받이 울,,,,NNP,*,T,등받이 울,*,*,*,*,*
핸드그라인더,,,,NNP,*,F,핸드그라인더,*,*,*,*,*
교류아크용접기,,,,NNP,*,F,교류아크용접기,*,*,*,*,*
PE관,,,,NNP,*,T,PE관,*,*,*,*,*
역구배,,,,NNP,*,F,역구배,*,*,*,*,*
굴착선단부,,,,NNP,*,F,굴착선단부,*,*,*,*,*
쉬트파일,,,,NNP,*,T,쉬트파일,*,*,*,*,*
버킷 굴삭기,,,,NNP,*,F,버킷 굴삭기,*,*,*,*,*
세륜기,,,,NNP,*,F,세륜기,*,*,*,*,*
C.I.P,,,,NNP,*,F,C.I.P,*,*,*,*,*
버팀보,,,,NNP,*,F,버팀보,*,*,*,*,*
침하계,,,,NNP,*,F,침하계,*,*,*,*,*
응력계,,,,NNP,*,F,응력계,*,*,*,*,*
지하매설관,,,,NNP,*,T,지하매설관,*,*,*,*,*
H-Pile,,,,NNP,*,F,H-Pile,*,*,*,*,*
트레미관,,,,NNP,*,T,트레미관,*,*,*,*,*
세정수,,,,NNP,*,F,세정수,*,*,*,*,*
M.S.G,,,,NNP,*,F,M.S.G,*,*,*,*,*
S.G.R,,,,NNP,*,F,S.G.R,*,*,*,*,*
L.W,,,,NNP,*,F,L.W,*,*,*,*,*
J.S.P,,,,NNP,*,F,J.S.P,*,*,*,*,*
C.C.P,,,,NNP,*,F,C.C.P,*,*,*,*,*
권상드럼,,,,NNP,*,T,권상드럼,*,*,*,*,*
C형강,,,,NNP,*,T,C형강,*,*,*,*,*
와인더,,,,NNP,*,F,와인더,*,*,*,*,*
리밋스위치,,,,NNP,*,F,리밋스위치,*,*,*,*,*
블록 스토퍼,,,,NNP,*,F,블록 스토퍼,*,*,*,*,*
자동 수평 조절장치,,,,NNP,*,F,자동 수평 조절장치,*,*,*,*,*
전자식 수평 조절장치,,,,NNP,*,F,전자식 수평 조절장치,*,*,*,*,*
전자식 과전류 계전기,,,,NNP,*,F,전자식 과전류 계전기,*,*,*,*,*
이상음,,,,NNP,*,T,이상음,*,*,*,*,*
전동식,,,,NNP,*,T,전동식,*,*,*,*,*
매스콘크리트,,,,NNP,*,F,매스콘크리트,*,*,*,*,*
상승계수,,,,NNP,*,F,상승계수,*,*,*,*,*
Pipe cooling,,,,NNP,*,F,Pipe cooling,*,*,*,*,*
쉬스,,,,NNP,*,F,쉬스,*,*,*,*,*
PS강선축,,,,NNP,*,T,PS강선축,*,*,*,*,*
탑기부,,,,NNP,*,F,탑기부,*,*,*,*,*
단블럭,,,,NNP,*,T,단블럭,*,*,*,*,*
Metal Touch,,,,NNP,*,F,Metal Touch,*,*,*,*,*
선상 결박작업,,,,NNP,*,T,선상 결박작업,*,*,*,*,*
콘크리트 페이스트,,,,NNP,*,F,콘크리트 페이스트,*,*,*,*,*
진동다짐기,,,,NNP,*,F,진동다짐기,*,*,*,*,*
프리캠버,,,,NNP,*,F,프리캠버,*,*,*,*,*
캐트워크,,,,NNP,*,F,캐트워크,*,*,*,*,*
스톰 로프,,,,NNP,*,F,스톰 로프,*,*,*,*,*
케이블 포머,,,,NNP,*,F,케이블 포머,*,*,*,*,*
새들,,,,NNP,*,T,새들,*,*,*,*,*
셋백,,,,NNP,*,T,셋백,*,*,*,*,*
스퀴징,,,,NNP,*,T,스퀴징,*,*,*,*,*
용접지그,,,,NNP,*,F,용접지그,*,*,*,*,*
자동전격방지기,,,,NNP,*,F,자동전격방지기,*,*,*,*,*
보강트러스,,,,NNP,*,F,보강트러스,*,*,*,*,*
해상크레인,,,,NNP,*,T,해상크레인,*,*,*,*,*
리프팅 갠트리,,,,NNP,*,F,리프팅 갠트리,*,*,*,*,*
준불연,,,,NNP,*,T,준불연,*,*,*,*,*
인화성,,,,NNP,*,T,인화성,*,*,*,*,*
산화성,,,,NNP,*,T,산화성,*,*,*,*,*
가연성,,,,NNP,*,T,가연성,*,*,*,*,*
자동제세동기,,,,NNP,*,F,자동제세동기,*,*,*,*,*
심폐소생술,,,,NNP,*,T,심폐소생술,*,*,*,*,*
합성수지류,,,,NNP,*,F,합성수지류,*,*,*,*,*
ACS폼,,,,NNP,*,T,ACS폼,*,*,*,*,*
피난구,,,,NNP,*,F,피난구,*,*,*,*,*
밀리칸델라,,,,NNP,*,F,밀리칸델라,*,*,*,*,*
커튼월,,,,NNP,*,T,커튼월,*,*,*,*,*
건식연마작업,,,,NNP,*,T,건식연마작업,*,*,*,*,*
꽂음접속기,,,,NNP,*,F,꽂음접속기,*,*,*,*,*
옹이,,,,NNP,*,F,옹이,*,*,*,*,*
작업의자형,,,,NNP,*,T,작업의자형,*,*,*,*,*
P.P 로프,,,,NNP,*,F,P.P 로프,*,*,*,*,*
P.E 로프,,,,NNP,*,F,P.E 로프,*,*,*,*,*
고정점,,,,NNP,*,T,고정점,*,*,*,*,*
8자매듭법,,,,NNP,*,T,8자매듭법,*,*,*,*,*
카라비나,,,,NNP,*,F,카라비나,*,*,*,*,*
트럭 크레인,,,,NNP,*,T,트럭 크레인,*,*,*,*,*
자주식,,,,NNP,*,T,자주식,*,*,*,*,*
주행체,,,,NNP,*,F,주행체,*,*,*,*,*
선회체,,,,NNP,*,F,선회체,*,*,*,*,*
승차석,,,,NNP,*,T,승차석,*,*,*,*,*
선단부,,,,NNP,*,F,선단부,*,*,*,*,*
인양물,,,,NNP,*,T,인양물,*,*,*,*,*
보강토,,,,NNP,*,F,보강토,*,*,*,*,*
뒷채움재,,,,NNP,*,F,뒷채움재,*,*,*,*,*
통과백분률,,,,NNP,*,T,통과백분률,*,*,*,*,*
내부마찰각,,,,NNP,*,T,내부마찰각,*,*,*,*,*
유용토,,,,NNP,*,F,유용토,*,*,*,*,*
표준삼축압축강도시험,,,,NNP,*,T,표준삼축압축강도시험,*,*,*,*,*
전단시험,,,,NNP,*,T,전단시험,*,*,*,*,*
보차도용,,,,NNP,*,T,보차도용,*,*,*,*,*
결속봉,,,,NNP,*,T,결속봉,*,*,*,*,*
소일네일링,,,,NNP,*,T,소일네일링,*,*,*,*,*
앵커체,,,,NNP,*,F,앵커체,*,*,*,*,*
터파기,,,,NNP,*,F,터파기,*,*,*,*,*
인양공,,,,NNP,*,T,인양공,*,*,*,*,*
띠형,,,,NNP,*,T,띠형,*,*,*,*,*
겹이음,,,,NNP,*,T,겹이음,*,*,*,*,*
방청재,,,,NNP,*,F,방청재,*,*,*,*,*
배수재,,,,NNP,*,F,배수재,*,*,*,*,*
용출수,,,,NNP,*,F,용출수,*,*,*,*,*
비산차단벽,,,,NNP,*,T,비산차단벽,*,*,*,*,*
용접방화포,,,,NNP,*,F,용접방화포,*,*,*,*,*
산업안전보건법,,,,NNP,*,T,산업안전보건법,*,*,*,*,*
대기환경보전법,,,,NNP,*,T,대기환경보전법,*,*,*,*,*
폐기물관리법,,,,NNP,*,T,폐기물관리법,*,*,*,*,*
크롤러크레인,,,,NNP,*,T,크롤러크레인,*,*,*,*,*
후레임,,,,NNP,*,T,후레임,*,*,*,*,*
팽창압,,,,NNP,*,T,팽창압,*,*,*,*,*
하이드로잭,,,,NNP,*,T,하이드로잭,*,*,*,*,*
재키,,,,NNP,*,F,재키,*,*,*,*,*
쐐기타입기,,,,NNP,*,F,쐐기타입기,*,*,*,*,*
절단줄톱,,,,NNP,*,T,절단줄톱,*,*,*,*,*
절삭날,,,,NNP,*,T,절삭날,*,*,*,*,*
줄톱,,,,NNP,*,T,줄톱,*,*,*,*,*
배관보온재,,,,NNP,*,F,배관보온재,*,*,*,*,*
폭풍압,,,,NNP,*,T,폭풍압,*,*,*,*,*
차단막,,,,NNP,*,T,차단막,*,*,*,*,*
자립고,,,,NNP,*,F,자립고,*,*,*,*,*
Jib,,,,NNP,*,F,Jib,*,*,*,*,*
Tip load,,,,NNP,*,F,Tip load,*,*,*,*,*
텔레스코픽,,,,NNP,*,T,텔레스코픽,*,*,*,*,*
토크렌치,,,,NNP,*,F,토크렌치,*,*,*,*,*
내역서,,,,NNP,*,F,내역서,*,*,*,*,*
질의회시,,,,NNP,*,F,질의회시,*,*,*,*,*
공사시방서,,,,NNP,*,F,공사시방서,*,*,*,*,*
물량내역서,,,,NNP,*,F,물량내역서,*,*,*,*,*
건축구조기술사,,,,NNP,*,F,건축구조기술사,*,*,*,*,*
토목구조기술사,,,,NNP,*,F,토목구조기술사,*,*,*,*,*
토질 및 기초기술사,,,,NNP,*,F,토질 및 기초기술사,*,*,*,*,*
건설기계기술사,,,,NNP,*,F,건설기계기술사,*,*,*,*,*
일위대가,,,,NNP,*,F,일위대가,*,*,*,*,*
반중력식,,,,NNP,*,T,반중력식,*,*,*,*,*
역T형,,,,NNP,*,T,역T형,*,*,*,*,*
L형,,,,NNP,*,T,L형,*,*,*,*,*
풍화암,,,,NNP,*,T,풍화암,*,*,*,*,*
장철근,,,,NNP,*,T,장철근,*,*,*,*,*
깔목,,,,NNP,*,T,깔목,*,*,*,*,*
외함접지,,,,NNP,*,F,외함접지,*,*,*,*,*
붐대,,,,NNP,*,F,붐대,*,*,*,*,*
특고압,,,,NNP,*,T,특고압,*,*,*,*,*
브랭킷,,,,NNP,*,T,브랭킷,*,*,*,*,*
되메움,,,,NNP,*,T,되메움,*,*,*,*,*
드레인보드,,,,NNP,*,F,드레인보드,*,*,*,*,*
컴팩터,,,,NNP,*,F,컴팩터,*,*,*,*,*
래머,,,,NNP,*,F,래머,*,*,*,*,*
포크레인,,,,NNP,*,T,포크레인,*,*,*,*,*
특기시방,,,,NNP,*,T,특기시방,*,*,*,*,*
뿜어 붙이기,,,,NNP,*,F,뿜어 붙이기,*,*,*,*,*
주입재,,,,NNP,*,F,주입재,*,*,*,*,*
스페이서,,,,NNP,*,F,스페이서,*,*,*,*,*
포틀랜드 시멘트,,,,NNP,*,F,포틀랜드 시멘트,*,*,*,*,*
조강 포틀랜드 시멘트,,,,NNP,*,F,조강 포틀랜드 시멘트,*,*,*,*,*
뿜어붙이기,,,,NNP,*,F,뿜어붙이기,*,*,*,*,*
지하수위계,,,,NNP,*,F,지하수위계,*,*,*,*,*
상수관,,,,NNP,*,T,상수관,*,*,*,*,*
어스 앵커,,,,NNP,*,F,어스 앵커,*,*,*,*,*
이상토압,,,,NNP,*,T,이상토압,*,*,*,*,*
정착장,,,,NNP,*,T,정착장,*,*,*,*,*
자유장,,,,NNP,*,T,자유장,*,*,*,*,*
엄지말뚝,,,,NNP,*,T,엄지말뚝,*,*,*,*,*
검교정,,,,NNP,*,T,검교정,*,*,*,*,*
늘음량,,,,NNP,*,T,늘음량,*,*,*,*,*
상재하중,,,,NNP,*,T,상재하중,*,*,*,*,*
제거식,,,,NNP,*,T,제거식,*,*,*,*,*
유공강판,,,,NNP,*,T,유공강판,*,*,*,*,*
방호울,,,,NNP,*,T,방호울,*,*,*,*,*
대블럭,,,,NNP,*,T,대블럭,*,*,*,*,*
플로팅 크레인,,,,NNP,*,T,플로팅 크레인,*,*,*,*,*
강아치교,,,,NNP,*,F,강아치교,*,*,*,*,*
아치리브,,,,NNP,*,F,아치리브,*,*,*,*,*
수직매달기,,,,NNP,*,F,수직매달기,*,*,*,*,*
경사매달기,,,,NNP,*,F,경사매달기,*,*,*,*,*
가설재,,,,NNP,*,F,가설재,*,*,*,*,*
대블럭 가설공법,,,,NNP,*,T,대블럭 가설공법,*,*,*,*,*
벤트공법,,,,NNP,*,T,벤트공법,*,*,*,*,*
케이블공법,,,,NNP,*,T,케이블공법,*,*,*,*,*
회전공법,,,,NNP,*,T,회전공법,*,*,*,*,*
경부고속전철,,,,NNP,*,T,경부고속전철,*,*,*,*,*
모암고가교,,,,NNP,*,F,모암고가교,*,*,*,*,*
압출공법,,,,NNP,*,T,압출공법,*,*,*,*,*
하부벤트,,,,NNP,*,F,하부벤트,*,*,*,*,*
교량거더,,,,NNP,*,F,교량거더,*,*,*,*,*
구명로프,,,,NNP,*,F,구명로프,*,*,*,*,*
구명튜브,,,,NNP,*,F,구명튜브,*,*,*,*,*
중량부재,,,,NNP,*,F,중량부재,*,*,*,*,*
보통작업,,,,NNP,*,T,보통작업,*,*,*,*,*
초정밀,,,,NNP,*,T,초정밀,*,*,*,*,*
투광등,,,,NNP,*,T,투광등,*,*,*,*,*
오탁방지망,,,,NNP,*,T,오탁방지망,*,*,*,*,*
지내력,,,,NNP,*,T,지내력,*,*,*,*,*
로베드,,,,NNP,*,F,로베드,*,*,*,*,*
볼록반사경,,,,NNP,*,T,볼록반사경,*,*,*,*,*
하역장비,,,,NNP,*,F,하역장비,*,*,*,*,*
화물적재,,,,NNP,*,F,화물적재,*,*,*,*,*
강부재,,,,NNP,*,F,강부재,*,*,*,*,*
사이드브레이크,,,,NNP,*,F,사이드브레이크,*,*,*,*,*
구름방지용,,,,NNP,*,T,구름방지용,*,*,*,*,*
스터트 볼트,,,,NNP,*,F,스터트 볼트,*,*,*,*,*
달대비계,,,,NNP,*,F,달대비계,*,*,*,*,*
바스켓 크레인,,,,NNP,*,T,바스켓 크레인,*,*,*,*,*
항발기,,,,NNP,*,F,항발기,*,*,*,*,*
추진강관,,,,NNP,*,T,추진강관,*,*,*,*,*
철도궤도,,,,NNP,*,F,철도궤도,*,*,*,*,*
매설관,,,,NNP,*,T,매설관,*,*,*,*,*
기설구조물,,,,NNP,*,T,기설구조물,*,*,*,*,*
타이로드,,,,NNP,*,F,타이로드,*,*,*,*,*
강관 추진기계,,,,NNP,*,F,강관 추진기계,*,*,*,*,*
반력대,,,,NNP,*,F,반력대,*,*,*,*,*
관입오차,,,,NNP,*,F,관입오차,*,*,*,*,*
헤드 커터,,,,NNP,*,F,헤드 커터,*,*,*,*,*
가이드 빔,,,,NNP,*,T,가이드 빔,*,*,*,*,*
강관압입,,,,NNP,*,T,강관압입,*,*,*,*,*
발진대,,,,NNP,*,F,발진대,*,*,*,*,*
가이드 도갱,,,,NNP,*,T,가이드 도갱,*,*,*,*,*
선단슈,,,,NNP,*,F,선단슈,*,*,*,*,*
러그-홀,,,,NNP,*,T,러그-홀,*,*,*,*,*
종방향,,,,NNP,*,T,종방향,*,*,*,*,*
시공이음,,,,NNP,*,T,시공이음,*,*,*,*,*
우각부,,,,NNP,*,F,우각부,*,*,*,*,*
L형강,,,,NNP,*,T,L형강,*,*,*,*,*
페이스 잭,,,,NNP,*,T,페이스 잭,*,*,*,*,*
걸침길이,,,,NNP,*,F,걸침길이,*,*,*,*,*
전단 연결재,,,,NNP,*,F,전단 연결재,*,*,*,*,*
슬링 와이어 로프,,,,NNP,*,F,슬링 와이어 로프,*,*,*,*,*
철골보,,,,NNP,*,F,철골보,*,*,*,*,*
아크용접,,,,NNP,*,T,아크용접,*,*,*,*,*
수직생명줄,,,,NNP,*,T,수직생명줄,*,*,*,*,*
포장밴드,,,,NNP,*,F,포장밴드,*,*,*,*,*
외주부,,,,NNP,*,F,외주부,*,*,*,*,*
판개,,,,NNP,*,F,판개,*,*,*,*,*
골방향,,,,NNP,*,T,골방향,*,*,*,*,*
커버플레이트,,,,NNP,*,F,커버플레이트,*,*,*,*,*
필러플레이트,,,,NNP,*,F,필러플레이트,*,*,*,*,*
점용접,,,,NNP,*,T,점용접,*,*,*,*,*
엔드 클로저,,,,NNP,*,F,엔드 클로저,*,*,*,*,*
용접봉,,,,NNP,*,T,용접봉,*,*,*,*,*
지보재,,,,NNP,*,F,지보재,*,*,*,*,*
주틀,,,,NNP,*,T,주틀,*,*,*,*,*
난간틀,,,,NNP,*,T,난간틀,*,*,*,*,*
교차가새,,,,NNP,*,F,교차가새,*,*,*,*,*
발바퀴,,,,NNP,*,F,발바퀴,*,*,*,*,*
횡가재,,,,NNP,*,F,횡가재,*,*,*,*,*
한국산업표준,,,,NNP,*,T,한국산업표준,*,*,*,*,*
난간재,,,,NNP,*,F,난간재,*,*,*,*,*
가새재,,,,NNP,*,F,가새재,*,*,*,*,*
지주재,,,,NNP,*,F,지주재,*,*,*,*,*
안전인증고시,,,,NNP,*,F,안전인증고시,*,*,*,*,*
힌지 핀,,,,NNP,*,T,힌지 핀,*,*,*,*,*
발파기재,,,,NNP,*,F,발파기재,*,*,*,*,*
씽커,,,,NNP,*,F,씽커,*,*,*,*,*
장전공,,,,NNP,*,T,장전공,*,*,*,*,*
전기뇌관,,,,NNP,*,T,전기뇌관,*,*,*,*,*
회로선,,,,NNP,*,T,회로선,*,*,*,*,*
지발뇌관,,,,NNP,*,T,지발뇌관,*,*,*,*,*
저장소,,,,NNP,*,F,저장소,*,*,*,*,*
흡습액,,,,NNP,*,T,흡습액,*,*,*,*,*
갱도,,,,NNP,*,F,갱도,*,*,*,*,*
철근 콘크리트,,,,NNP,*,F,철근 콘크리트,*,*,*,*,*
콘크리트 블록,,,,NNP,*,T,콘크리트 블록,*,*,*,*,*
수불대장,,,,NNP,*,T,수불대장,*,*,*,*,*
용해기,,,,NNP,*,F,용해기,*,*,*,*,*
도통시험기,,,,NNP,*,F,도통시험기,*,*,*,*,*
저항측정기,,,,NNP,*,F,저항측정기,*,*,*,*,*
발파모선,,,,NNP,*,T,발파모선,*,*,*,*,*
발파보조모선,,,,NNP,*,T,발파보조모선,*,*,*,*,*
공내뇌관,,,,NNP,*,T,공내뇌관,*,*,*,*,*
MS뇌관,,,,NNP,*,T,MS뇌관,*,*,*,*,*
LP뇌관,,,,NNP,*,T,LP뇌관,*,*,*,*,*
표면연결뇌관,,,,NNP,*,T,표면연결뇌관,*,*,*,*,*
TLD,,,,NNP,*,F,TLD,*,*,*,*,*
번치 커넥터,,,,NNP,*,F,번치 커넥터,*,*,*,*,*
비전기발파,,,,NNP,*,F,비전기발파,*,*,*,*,*
시그널튜브,,,,NNP,*,F,시그널튜브,*,*,*,*,*
베리어 백,,,,NNP,*,T,베리어 백,*,*,*,*,*
비산파편,,,,NNP,*,T,비산파편,*,*,*,*,*
단발발파,,,,NNP,*,F,단발발파,*,*,*,*,*
지발발파,,,,NNP,*,F,지발발파,*,*,*,*,*
저항치,,,,NNP,*,F,저항치,*,*,*,*,*
계산치,,,,NNP,*,F,계산치,*,*,*,*,*
허용오차,,,,NNP,*,F,허용오차,*,*,*,*,*
소요전압,,,,NNP,*,T,소요전압,*,*,*,*,*
불량개소,,,,NNP,*,F,불량개소,*,*,*,*,*
광전자,,,,NNP,*,F,광전자,*,*,*,*,*
불발공,,,,NNP,*,T,불발공,*,*,*,*,*
수평천공,,,,NNP,*,T,수평천공,*,*,*,*,*
기폭약포,,,,NNP,*,F,기폭약포,*,*,*,*,*
테두리로프,,,,NNP,*,F,테두리로프,*,*,*,*,*
달기로프,,,,NNP,*,F,달기로프,*,*,*,*,*
그물코,,,,NNP,*,F,그물코,*,*,*,*,*
폴리에스텔,,,,NNP,*,T,폴리에스텔,*,*,*,*,*
안전인증번호,,,,NNP,*,F,안전인증번호,*,*,*,*,*
관계전문가,,,,NNP,*,F,관계전문가,*,*,*,*,*
먹줄 메김,,,,NNP,*,T,먹줄 메김,*,*,*,*,*
잭 베이스,,,,NNP,*,F,잭 베이스,*,*,*,*,*
가새,,,,NNP,*,F,가새,*,*,*,*,*
U 헤드 잭,,,,NNP,*,T,U 헤드 잭,*,*,*,*,*
명에,,,,NNP,*,F,명에,*,*,*,*,*
이동식 거푸집,,,,NNP,*,T,이동식 거푸집,*,*,*,*,*
ACS,,,,NNP,*,F,ACS,*,*,*,*,*
CPB,,,,NNP,*,F,CPB,*,*,*,*,*
코아 월,,,,NNP,*,T,코아 월,*,*,*,*,*
슬래브,,,,NNP,*,F,슬래브,*,*,*,*,*
대비표,,,,NNP,*,F,대비표,*,*,*,*,*
절차서,,,,NNP,*,F,절차서,*,*,*,*,*
난연재,,,,NNP,*,F,난연재,*,*,*,*,*
코쿤시스템,,,,NNP,*,T,코쿤시스템,*,*,*,*,*
벨트 트러스,,,,NNP,*,F,벨트 트러스,*,*,*,*,*
SCN,,,,NNP,*,F,SCN,*,*,*,*,*
선행공법,,,,NNP,*,T,선행공법,*,*,*,*,*
특수가설장비,,,,NNP,*,F,특수가설장비,*,*,*,*,*
온도하중,,,,NNP,*,T,온도하중,*,*,*,*,*
유압실린더,,,,NNP,*,F,유압실린더,*,*,*,*,*
크라이밍 슈,,,,NNP,*,F,크라이밍 슈,*,*,*,*,*
월 슈,,,,NNP,*,F,월 슈,*,*,*,*,*
임베디드 플레이트,,,,NNP,*,F,임베디드 플레이트,*,*,*,*,*
압송배관,,,,NNP,*,T,압송배관,*,*,*,*,*
회전기어,,,,NNP,*,F,회전기어,*,*,*,*,*
선회속도하중,,,,NNP,*,T,선회속도하중,*,*,*,*,*
권상속도,,,,NNP,*,F,권상속도,*,*,*,*,*
소요지내력,,,,NNP,*,T,소요지내력,*,*,*,*,*
벽체지지,,,,NNP,*,F,벽체지지,*,*,*,*,*
간이화장실,,,,NNP,*,T,간이화장실,*,*,*,*,*
피난안전구역,,,,NNP,*,T,피난안전구역,*,*,*,*,*
피난유도시설,,,,NNP,*,T,피난유도시설,*,*,*,*,*
반사조끼,,,,NNP,*,F,반사조끼,*,*,*,*,*
전자신호봉,,,,NNP,*,T,전자신호봉,*,*,*,*,*
아스팔트피니셔,,,,NNP,*,F,아스팔트피니셔,*,*,*,*,*
혼합재,,,,NNP,*,F,혼합재,*,*,*,*,*
피니셔,,,,NNP,*,F,피니셔,*,*,*,*,*
돌관,,,,NNP,*,T,돌관,*,*,*,*,*
근로기준법,,,,NNP,*,T,근로기준법,*,*,*,*,*
가연성가스,,,,NNP,*,F,가연성가스,*,*,*,*,*
점멸등,,,,NNP,*,T,점멸등,*,*,*,*,*
반사테이프,,,,NNP,*,F,반사테이프,*,*,*,*,*
TBM,,,,NNP,*,F,TBM,*,*,*,*,*
비상조명기기,,,,NNP,*,F,비상조명기기,*,*,*,*,*
경고음,,,,NNP,*,T,경고음,*,*,*,*,*
전원 인출 회로,,,,NNP,*,F,전원 인출 회로,*,*,*,*,*
간이 혈당계,,,,NNP,*,F,간이 혈당계,*,*,*,*,*
유도등,,,,NNP,*,T,유도등,*,*,*,*,*
조명등,,,,NNP,*,T,조명등,*,*,*,*,*
중간말뚝,,,,NNP,*,T,중간말뚝,*,*,*,*,*
방호관,,,,NNP,*,T,방호관,*,*,*,*,*
가설전등,,,,NNP,*,T,가설전등,*,*,*,*,*
고압살수기,,,,NNP,*,F,고압살수기,*,*,*,*,*
양수기,,,,NNP,*,F,양수기,*,*,*,*,*
전등 보호망,,,,NNP,*,T,전등 보호망,*,*,*,*,*
가공 배선,,,,NNP,*,T,가공 배선,*,*,*,*,*
소일 시멘트,,,,NNP,*,F,소일 시멘트,*,*,*,*,*
근입깊이,,,,NNP,*,F,근입깊이,*,*,*,*,*
보걸이,,,,NNP,*,F,보걸이,*,*,*,*,*
스티프너,,,,NNP,*,F,스티프너,*,*,*,*,*
잭킹,,,,NNP,*,T,잭킹,*,*,*,*,*
버럭,,,,NNP,*,T,버럭,*,*,*,*,*
반출구,,,,NNP,*,F,반출구,*,*,*,*,*
안전울,,,,NNP,*,T,안전울,*,*,*,*,*
열전도,,,,NNP,*,F,열전도,*,*,*,*,*
불티받이포,,,,NNP,*,F,불티받이포,*,*,*,*,*
폴리우레탄폼,,,,NNP,*,T,폴리우레탄폼,*,*,*,*,*
샌드위치 패널,,,,NNP,*,T,샌드위치 패널,*,*,*,*,*
접지 클램프,,,,NNP,*,F,접지 클램프,*,*,*,*,*
조임물,,,,NNP,*,T,조임물,*,*,*,*,*
가스누출감지기,,,,NNP,*,F,가스누출감지기,*,*,*,*,*
가스용기,,,,NNP,*,F,가스용기,*,*,*,*,*
압력조절기,,,,NNP,*,F,압력조절기,*,*,*,*,*
전극용 홀더,,,,NNP,*,F,전극용 홀더,*,*,*,*,*
열손상,,,,NNP,*,T,열손상,*,*,*,*,*
철재빔,,,,NNP,*,T,철재빔,*,*,*,*,*
용접 흄,,,,NNP,*,T,용접 흄,*,*,*,*,*
아크광,,,,NNP,*,T,아크광,*,*,*,*,*
차음보호구,,,,NNP,*,F,차음보호구,*,*,*,*,*
공정안전보고서,,,,NNP,*,F,공정안전보고서,*,*,*,*,*
PSM,,,,NNP,*,F,PSM,*,*,*,*,*
맹판,,,,NNP,*,T,맹판,*,*,*,*,*
에틸알콜,,,,NNP,*,T,에틸알콜,*,*,*,*,*
불활성카스,,,,NNP,*,F,불활성카스,*,*,*,*,*
탄산가스,,,,NNP,*,F,탄산가스,*,*,*,*,*
공기공급식,,,,NNP,*,T,공기공급식,*,*,*,*,*
공기공급관,,,,NNP,*,T,공기공급관,*,*,*,*,*
에어라인,,,,NNP,*,T,에어라인,*,*,*,*,*
흡수탑,,,,NNP,*,T,흡수탑,*,*,*,*,*
특등급,,,,NNP,*,T,특등급,*,*,*,*,*
보호복,,,,NNP,*,T,보호복,*,*,*,*,*
계기류,,,,NNP,*,F,계기류,*,*,*,*,*
추락방망,,,,NNP,*,T,추락방망,*,*,*,*,*
파라펫,,,,NNP,*,T,파라펫,*,*,*,*,*
인조섬유,,,,NNP,*,F,인조섬유,*,*,*,*,*
폴리프로필렌,,,,NNP,*,T,폴리프로필렌,*,*,*,*,*
라쳇,,,,NNP,*,T,라쳇,*,*,*,*,*
정격설치하중,,,,NNP,*,T,정격설치하중,*,*,*,*,*
강박스,,,,NNP,*,F,강박스,*,*,*,*,*
가조립,,,,NNP,*,T,가조립,*,*,*,*,*
수평 브레이싱,,,,NNP,*,T,수평 브레이싱,*,*,*,*,*
앵글 볼트,,,,NNP,*,F,앵글 볼트,*,*,*,*,*
체결력,,,,NNP,*,T,체결력,*,*,*,*,*
교량받침,,,,NNP,*,T,교량받침,*,*,*,*,*
이동식 크레인,,,,NNP,*,T,이동식 크레인,*,*,*,*,*
가체결,,,,NNP,*,T,가체결,*,*,*,*,*
강거더,,,,NNP,*,F,강거더,*,*,*,*,*
편구배,,,,NNP,*,F,편구배,*,*,*,*,*
횡버팀목,,,,NNP,*,T,횡버팀목,*,*,*,*,*
미고정,,,,NNP,*,T,미고정,*,*,*,*,*
보호캡,,,,NNP,*,T,보호캡,*,*,*,*,*
안내줄,,,,NNP,*,T,안내줄,*,*,*,*,*
안정액,,,,NNP,*,T,안정액,*,*,*,*,*
철근조립장,,,,NNP,*,T,철근조립장,*,*,*,*,*
화학물질안전보건,,,,NNP,*,T,화학물질안전보건,*,*,*,*,*
잡석다짐,,,,NNP,*,T,잡석다짐,*,*,*,*,*
애지테이터,,,,NNP,*,F,애지테이터,*,*,*,*,*
지하연속벽,,,,NNP,*,T,지하연속벽,*,*,*,*,*
피드펌프,,,,NNP,*,F,피드펌프,*,*,*,*,*
구동벨트,,,,NNP,*,F,구동벨트,*,*,*,*,*
보조크레인,,,,NNP,*,T,보조크레인,*,*,*,*,*
행그래브,,,,NNP,*,F,행그래브,*,*,*,*,*
트렌치 거터,,,,NNP,*,F,트렌치 거터,*,*,*,*,*
본굴착,,,,NNP,*,T,본굴착,*,*,*,*,*
흡입펌프,,,,NNP,*,F,흡입펌프,*,*,*,*,*
디샌더,,,,NNP,*,F,디샌더,*,*,*,*,*
여과수,,,,NNP,*,F,여과수,*,*,*,*,*
pH,,,,NNP,*,F,pH,*,*,*,*,*
재사용,,,,NNP,*,T,재사용,*,*,*,*,*
디샌딩,,,,NNP,*,T,디샌딩,*,*,*,*,*
폐기안정액처리,,,,NNP,*,F,폐기안정액처리,*,*,*,*,*
폐기물,,,,NNP,*,T,폐기물,*,*,*,*,*
마일드 바,,,,NNP,*,F,마일드 바,*,*,*,*,*
조금구,,,,NNP,*,F,조금구,*,*,*,*,*
타설량,,,,NNP,*,T,타설량,*,*,*,*,*
타설고,,,,NNP,*,F,타설고,*,*,*,*,*
감리자,,,,NNP,*,F,감리자,*,*,*,*,*
안전관리자,,,,NNP,*,F,안전관리자,*,*,*,*,*
지중경사계,,,,NNP,*,F,지중경사계,*,*,*,*,*
변형률계,,,,NNP,*,F,변형률계,*,*,*,*,*
하중계,,,,NNP,*,F,하중계,*,*,*,*,*
건물경사계,,,,NNP,*,F,건물경사계,*,*,*,*,*
초기치,,,,NNP,*,F,초기치,*,*,*,*,*
관리기준치,,,,NNP,*,F,관리기준치,*,*,*,*,*
선행굴착,,,,NNP,*,T,선행굴착,*,*,*,*,*
관리치,,,,NNP,*,F,관리치,*,*,*,*,*
계측값,,,,NNP,*,T,계측값,*,*,*,*,*
경사계관,,,,NNP,*,T,경사계관,*,*,*,*,*
유한 요소법,,,,NNP,*,T,유한 요소법,*,*,*,*,*
FEM,,,,NNP,*,F,FEM,*,*,*,*,*
유한차분법,,,,NNP,*,T,유한차분법,*,*,*,*,*
FDM,,,,NNP,*,F,FDM,*,*,*,*,*
하당분담법,,,,NNP,*,T,하당분담법,*,*,*,*,*
단순보법,,,,NNP,*,T,단순보법,*,*,*,*,*
연속보법,,,,NNP,*,T,연속보법,*,*,*,*,*
자립식 흙막이 벽체,,,,NNP,*,F,자립식 흙막이 벽체,*,*,*,*,*
파괴면,,,,NNP,*,T,파괴면,*,*,*,*,*
과굴착,,,,NNP,*,T,과굴착,*,*,*,*,*
참여자,,,,NNP,*,F,참여자,*,*,*,*,*
조종원,,,,NNP,*,T,조종원,*,*,*,*,*
안전하중,,,,NNP,*,T,안전하중,*,*,*,*,*
가공전선,,,,NNP,*,T,가공전선,*,*,*,*,*
작업계획도,,,,NNP,*,F,작업계획도,*,*,*,*,*
건설사업관리자,,,,NNP,*,F,건설사업관리자,*,*,*,*,*
개보수,,,,NNP,*,F,개보수,*,*,*,*,*
이격거리,,,,NNP,*,F,이격거리,*,*,*,*,*
자재적치,,,,NNP,*,F,자재적치,*,*,*,*,*
난방배관,,,,NNP,*,T,난방배관,*,*,*,*,*
RCS,,,,NNP,*,F,RCS,*,*,*,*,*
강구조물,,,,NNP,*,T,강구조물,*,*,*,*,*
M-BAR,,,,NNP,*,F,M-BAR,*,*,*,*,*
취급작업계획,,,,NNP,*,T,취급작업계획,*,*,*,*,*
차량계,,,,NNP,*,F,차량계,*,*,*,*,*
하역운반기계작업계획,,,,NNP,*,T,하역운반기계작업계획,*,*,*,*,*
고소사다리,,,,NNP,*,F,고소사다리,*,*,*,*,*
지게차,,,,NNP,*,F,지게차,*,*,*,*,*
드릴,,,,NNP,*,T,드릴,*,*,*,*,*
유기용제,,,,NNP,*,F,유기용제,*,*,*,*,*
드릴비트,,,,NNP,*,F,드릴비트,*,*,*,*,*
압력용기,,,,NNP,*,F,압력용기,*,*,*,*,*
전동드릴,,,,NNP,*,T,전동드릴,*,*,*,*,*
경량철골천장틀,,,,NNP,*,T,경량철골천장틀,*,*,*,*,*
천장재,,,,NNP,*,F,천장재,*,*,*,*,*
후면개방식,,,,NNP,*,T,후면개방식,*,*,*,*,*
하면개방식,,,,NNP,*,T,하면개방식,*,*,*,*,*
측면개방식,,,,NNP,*,T,측면개방식,*,*,*,*,*
후륜 구동식,,,,NNP,*,T,후륜 구동식,*,*,*,*,*
전륜 구동식,,,,NNP,*,T,전륜 구동식,*,*,*,*,*
4륜 구동식,,,,NNP,*,T,4륜 구동식,*,*,*,*,*
2축식,,,,NNP,*,T,2축식,*,*,*,*,*
3축식,,,,NNP,*,T,3축식,*,*,*,*,*
다축식,,,,NNP,*,T,다축식,*,*,*,*,*
적재중량,,,,NNP,*,T,적재중량,*,*,*,*,*
일반형,,,,NNP,*,T,일반형,*,*,*,*,*
덤프형,,,,NNP,*,T,덤프형,*,*,*,*,*
밴형,,,,NNP,*,T,밴형,*,*,*,*,*
특수용도형,,,,NNP,*,T,특수용도형,*,*,*,*,*
운송형,,,,NNP,*,T,운송형,*,*,*,*,*
견인형,,,,NNP,*,T,견인형,*,*,*,*,*
영업용,,,,NNP,*,T,영업용,*,*,*,*,*
가동률,,,,NNP,*,T,가동률,*,*,*,*,*
안전지주,,,,NNP,*,F,안전지주,*,*,*,*,*
후미등,,,,NNP,*,T,후미등,*,*,*,*,*
안개등,,,,NNP,*,T,안개등,*,*,*,*,*
후사경,,,,NNP,*,T,후사경,*,*,*,*,*
향정신성,,,,NNP,*,T,향정신성,*,*,*,*,*
보강링,,,,NNP,*,T,보강링,*,*,*,*,*
L.P,,,,NNP,*,F,L.P,*,*,*,*,*
고정핀,,,,NNP,*,T,고정핀,*,*,*,*,*
각입,,,,NNP,*,T,각입,*,*,*,*,*
상부재,,,,NNP,*,F,상부재,*,*,*,*,*
기초판,,,,NNP,*,T,기초판,*,*,*,*,*
주각재,,,,NNP,*,F,주각재,*,*,*,*,*
집수구,,,,NNP,*,F,집수구,*,*,*,*,*
조립봉,,,,NNP,*,T,조립봉,*,*,*,*,*
우물통,,,,NNP,*,T,우물통,*,*,*,*,*
대변재,,,,NNP,*,F,대변재,*,*,*,*,*
대각재,,,,NNP,*,F,대각재,*,*,*,*,*
커먼,,,,NNP,*,T,커먼,*,*,*,*,*
성토면,,,,NNP,*,T,성토면,*,*,*,*,*
절토면,,,,NNP,*,T,절토면,*,*,*,*,*
고혈압,,,,NNP,*,T,고혈압,*,*,*,*,*
복공판,,,,NNP,*,T,복공판,*,*,*,*,*
락 레버,,,,NNP,*,F,락 레버,*,*,*,*,*
주주재,,,,NNP,*,F,주주재,*,*,*,*,*
타공작물,,,,NNP,*,T,타공작물,*,*,*,*,*
하강장,,,,NNP,*,T,하강장,*,*,*,*,*
주회전,,,,NNP,*,T,주회전,*,*,*,*,*
드럼장,,,,NNP,*,T,드럼장,*,*,*,*,*
긴선,,,,NNP,*,T,긴선,*,*,*,*,*
동연선,,,,NNP,*,T,동연선,*,*,*,*,*
펴기,,,,NNP,*,F,펴기,*,*,*,*,*
고저차,,,,NNP,*,F,고저차,*,*,*,*,*
접지로라,,,,NNP,*,F,접지로라,*,*,*,*,*
캄아롱,,,,NNP,*,T,캄아롱,*,*,*,*,*
심부름 바,,,,NNP,*,F,심부름 바,*,*,*,*,*
횡단물,,,,NNP,*,T,횡단물,*,*,*,*,*
특고압선로,,,,NNP,*,F,특고압선로,*,*,*,*,*
보선원,,,,NNP,*,T,보선원,*,*,*,*,*
카고,,,,NNP,*,F,카고,*,*,*,*,*
형강,,,,NNP,*,T,형강,*,*,*,*,*
제원표,,,,NNP,*,F,제원표,*,*,*,*,*
델레스코픽형,,,,NNP,*,T,델레스코픽형,*,*,*,*,*
역붐,,,,NNP,*,T,역붐,*,*,*,*,*
이론치,,,,NNP,*,F,이론치,*,*,*,*,*
주상도,,,,NNP,*,F,주상도,*,*,*,*,*
점성토층,,,,NNP,*,T,점성토층,*,*,*,*,*
재하폭,,,,NNP,*,T,재하폭,*,*,*,*,*
동해석,,,,NNP,*,T,동해석,*,*,*,*,*
요철지반,,,,NNP,*,T,요철지반,*,*,*,*,*
성토부,,,,NNP,*,F,성토부,*,*,*,*,*
되메기,,,,NNP,*,F,되메기,*,*,*,*,*
휨검토,,,,NNP,*,F,휨검토,*,*,*,*,*
휨모멘트,,,,NNP,*,F,휨모멘트,*,*,*,*,*
휨응력,,,,NNP,*,T,휨응력,*,*,*,*,*
폭등,,,,NNP,*,T,폭등,*,*,*,*,*
형틀공,,,,NNP,*,T,형틀공,*,*,*,*,*
철근공,,,,NNP,*,T,철근공,*,*,*,*,*
교차부,,,,NNP,*,F,교차부,*,*,*,*,*
맞댐,,,,NNP,*,T,맞댐,*,*,*,*,*
와렌,,,,NNP,*,T,와렌,*,*,*,*,*
하우,,,,NNP,*,F,하우,*,*,*,*,*
커브길,,,,NNP,*,T,커브길,*,*,*,*,*
스크루잭,,,,NNP,*,T,스크루잭,*,*,*,*,*
보호관,,,,NNP,*,T,보호관,*,*,*,*,*
버림,,,,NNP,*,T,버림,*,*,*,*,*
직진식,,,,NNP,*,T,직진식,*,*,*,*,*
훅해지,,,,NNP,*,F,훅해지,*,*,*,*,*
지시계,,,,NNP,*,F,지시계,*,*,*,*,*
붐 회전방지장치,,,,NNP,*,F,붐 회전방지장치,*,*,*,*,*
가시설물,,,,NNP,*,T,가시설물,*,*,*,*,*
Shield-T.B.M,,,,NNP,*,F,Shield-T.B.M,*,*,*,*,*
시추,,,,NNP,*,F,시추,*,*,*,*,*
보링,,,,NNP,*,T,보링,*,*,*,*,*
평편성,,,,NNP,*,T,평편성,*,*,*,*,*
대피소,,,,NNP,*,F,대피소,*,*,*,*,*
비전기식,,,,NNP,*,T,비전기식,*,*,*,*,*
NATM공법,,,,NNP,*,T,NATM공법,*,*,*,*,*
무지보구간,,,,NNP,*,T,무지보구간,*,*,*,*,*
이렉터,,,,NNP,*,F,이렉터,*,*,*,*,*
KS,,,,NNP,*,F,KS,*,*,*,*,*
조적,,,,NNP,*,T,조적,*,*,*,*,*
각륜,,,,NNP,*,T,각륜,*,*,*,*,*
텔레스코픽 핸들러,,,,NNP,*,F,텔레스코픽 핸들러,*,*,*,*,*
내림추,,,,NNP,*,F,내림추,*,*,*,*,*
인방보,,,,NNP,*,F,인방보,*,*,*,*,*
ALC블럭,,,,NNP,*,T,ALC블럭,*,*,*,*,*
쌓기,,,,NNP,*,F,쌓기,*,*,*,*,*
종철근,,,,NNP,*,T,종철근,*,*,*,*,*
블라스팅,,,,NNP,*,T,블라스팅,*,*,*,*,*
클라이밍 슈,,,,NNP,*,F,클라이밍 슈,*,*,*,*,*
LOT,,,,NNP,*,F,LOT,*,*,*,*,*
폼 트래블러,,,,NNP,*,F,폼 트래블러,*,*,*,*,*
리어 트러스,,,,NNP,*,F,리어 트러스,*,*,*,*,*
앵커 바,,,,NNP,*,F,앵커 바,*,*,*,*,*
후미부,,,,NNP,*,F,후미부,*,*,*,*,*
인장너트,,,,NNP,*,F,인장너트,*,*,*,*,*
콜드 조인트,,,,NNP,*,F,콜드 조인트,*,*,*,*,*
텐돈,,,,NNP,*,T,텐돈,*,*,*,*,*
그라우트 캡,,,,NNP,*,T,그라우트 캡,*,*,*,*,*
언릴러,,,,NNP,*,F,언릴러,*,*,*,*,*
휨강성,,,,NNP,*,T,휨강성,*,*,*,*,*
쇠솔,,,,NNP,*,T,쇠솔,*,*,*,*,*
샌드페이퍼,,,,NNP,*,F,샌드페이퍼,*,*,*,*,*
강관틀,,,,NNP,*,T,강관틀,*,*,*,*,*
덧댐목,,,,NNP,*,T,덧댐목,*,*,*,*,*
절단날,,,,NNP,*,T,절단날,*,*,*,*,*
절곡기,,,,NNP,*,F,절곡기,*,*,*,*,*
풋 스위치,,,,NNP,*,F,풋 스위치,*,*,*,*,*
버팀재,,,,NNP,*,F,버팀재,*,*,*,*,*
펌프카,,,,NNP,*,F,펌프카,*,*,*,*,*
유니트,,,,NNP,*,F,유니트,*,*,*,*,*
크로스빔,,,,NNP,*,T,크로스빔,*,*,*,*,*
슬라브슈,,,,NNP,*,F,슬라브슈,*,*,*,*,*
클라이밍 콘,,,,NNP,*,T,클라이밍 콘,*,*,*,*,*
스크류온콘,,,,NNP,*,T,스크류온콘,*,*,*,*,*
디비닥,,,,NNP,*,T,디비닥,*,*,*,*,*
비계틀,,,,NNP,*,T,비계틀,*,*,*,*,*
시스템 폼,,,,NNP,*,T,시스템 폼,*,*,*,*,*
스트롱백,,,,NNP,*,T,스트롱백,*,*,*,*,*
헤비듀티스핀,,,,NNP,*,T,헤비듀티스핀,*,*,*,*,*
스레디드 플레이트,,,,NNP,*,F,스레디드 플레이트,*,*,*,*,*
M24볼트,,,,NNP,*,F,M24볼트,*,*,*,*,*
걸고리,,,,NNP,*,F,걸고리,*,*,*,*,*
휘니샤,,,,NNP,*,F,휘니샤,*,*,*,*,*
면처리,,,,NNP,*,F,면처리,*,*,*,*,*
V-벨트,,,,NNP,*,F,V-벨트,*,*,*,*,*
강널말뚝,,,,NNP,*,T,강널말뚝,*,*,*,*,*
줄파기,,,,NNP,*,F,줄파기,*,*,*,*,*
가복공,,,,NNP,*,T,가복공,*,*,*,*,*
도장면,,,,NNP,*,T,도장면,*,*,*,*,*
포개,,,,NNP,*,F,포개,*,*,*,*,*
지수재,,,,NNP,*,F,지수재,*,*,*,*,*
세우기,,,,NNP,*,F,세우기,*,*,*,*,*
이형,,,,NNP,*,T,이형,*,*,*,*,*
박기작업,,,,NNP,*,T,박기작업,*,*,*,*,*
보호대,,,,NNP,*,F,보호대,*,*,*,*,*
편압,,,,NNP,*,T,편압,*,*,*,*,*
슬립폼,,,,NNP,*,T,슬립폼,*,*,*,*,*
Auto Climbing Form,,,,NNP,*,F,Auto Climbing Form,*,*,*,*,*
Erection Truss,,,,NNP,*,F,Erection Truss,*,*,*,*,*
Strut,,,,NNP,*,F,Strut,*,*,*,*,*
Heaving Lifting공법,,,,NNP,*,T,Heaving Lifting공법,*,*,*,*,*
가로보,,,,NNP,*,F,가로보,*,*,*,*,*
반단면,,,,NNP,*,T,반단면,*,*,*,*,*
브레이싱,,,,NNP,*,T,브레이싱,*,*,*,*,*
Leg,,,,NNP,*,F,Leg,*,*,*,*,*
Camber,,,,NNP,*,F,Camber,*,*,*,*,*
슬립업,,,,NNP,*,T,슬립업,*,*,*,*,*
파이널 리미트 스위치,,,,NNP,*,F,파이널 리미트 스위치,*,*,*,*,*
인터록,,,,NNP,*,T,인터록,*,*,*,*,*
Wedging Device,,,,NNP,*,F,Wedging Device,*,*,*,*,*
Lifting,,,,NNP,*,F,Lifting,*,*,*,*,*
Wedging Blocking System,,,,NNP,*,F,Wedging Blocking System,*,*,*,*,*
Bracing,,,,NNP,*,F,Bracing,*,*,*,*,*
PC강선,,,,NNP,*,T,PC강선,*,*,*,*,*
탑정부,,,,NNP,*,F,탑정부,*,*,*,*,*
Strand Wire,,,,NNP,*,F,Strand Wire,*,*,*,*,*
Pumping System,,,,NNP,*,F,Pumping System,*,*,*,*,*
U자,,,,NNP,*,F,U자,*,*,*,*,*
로우프,,,,NNP,*,F,로우프,*,*,*,*,*
웨빙,,,,NNP,*,T,웨빙,*,*,*,*,*
와이퍼로우프,,,,NNP,*,F,와이퍼로우프,*,*,*,*,*
박클,,,,NNP,*,T,박클,*,*,*,*,*
D링,,,,NNP,*,T,D링,*,*,*,*,*
각링부,,,,NNP,*,F,각링부,*,*,*,*,*
크립,,,,NNP,*,T,크립,*,*,*,*,*
횡마,,,,NNP,*,F,횡마,*,*,*,*,*
작업구,,,,NNP,*,F,작업구,*,*,*,*,*
탑다운,,,,NNP,*,T,탑다운,*,*,*,*,*
R.C.D작업,,,,NNP,*,T,R.C.D작업,*,*,*,*,*
안내벽,,,,NNP,*,T,안내벽,*,*,*,*,*
횡력,,,,NNP,*,T,횡력,*,*,*,*,*
연직도,,,,NNP,*,F,연직도,*,*,*,*,*
카운터 월,,,,NNP,*,T,카운터 월,*,*,*,*,*
굴곡면,,,,NNP,*,T,굴곡면,*,*,*,*,*
크람쉘,,,,NNP,*,T,크람쉘,*,*,*,*,*
깔쭉기구,,,,NNP,*,F,깔쭉기구,*,*,*,*,*
제무,,,,NNP,*,F,제무,*,*,*,*,*
배토판,,,,NNP,*,T,배토판,*,*,*,*,*
노면,,,,NNP,*,T,노면,*,*,*,*,*
지중전선로,,,,NNP,*,F,지중전선로,*,*,*,*,*
훅걸이,,,,NNP,*,F,훅걸이,*,*,*,*,*
디젤 햄머,,,,NNP,*,F,디젤 햄머,*,*,*,*,*
건널다리,,,,NNP,*,F,건널다리,*,*,*,*,*
쐐기목,,,,NNP,*,T,쐐기목,*,*,*,*,*
축봉,,,,NNP,*,T,축봉,*,*,*,*,*
어스오거,,,,NNP,*,F,어스오거,*,*,*,*,*
잭키,,,,NNP,*,F,잭키,*,*,*,*,*
U볼트,,,,NNP,*,F,U볼트,*,*,*,*,*
고강도,,,,NNP,*,F,고강도,*,*,*,*,*
이동대차,,,,NNP,*,F,이동대차,*,*,*,*,*
비계보,,,,NNP,*,F,비계보,*,*,*,*,*
추진코,,,,NNP,*,F,추진코,*,*,*,*,*
전단응력,,,,NNP,*,T,전단응력,*,*,*,*,*
코핑부,,,,NNP,*,F,코핑부,*,*,*,*,*
침강식,,,,NNP,*,T,침강식,*,*,*,*,*
주항로,,,,NNP,*,F,주항로,*,*,*,*,*
급결,,,,NNP,*,T,급결,*,*,*,*,*
침투수,,,,NNP,*,F,침투수,*,*,*,*,*
흡수재,,,,NNP,*,F,흡수재,*,*,*,*,*
배치플랜트,,,,NNP,*,F,배치플랜트,*,*,*,*,*
들고리,,,,NNP,*,F,들고리,*,*,*,*,*
날끝,,,,NNP,*,T,날끝,*,*,*,*,*
실트질,,,,NNP,*,T,실트질,*,*,*,*,*
리버스서큐레이션 드릴,,,,NNP,*,T,리버스서큐레이션 드릴,*,*,*,*,*
감압증,,,,NNP,*,T,감압증,*,*,*,*,*
양정고,,,,NNP,*,F,양정고,*,*,*,*,*
토출경,,,,NNP,*,T,토출경,*,*,*,*,*
밑깍기,,,,NNP,*,F,밑깍기,*,*,*,*,*
SCW,,,,NNP,*,F,SCW,*,*,*,*,*
혼화재,,,,NNP,*,F,혼화재,*,*,*,*,*
오우거 롯드,,,,NNP,*,F,오우거 롯드,*,*,*,*,*
베이스 머신,,,,NNP,*,T,베이스 머신,*,*,*,*,*
캡빔,,,,NNP,*,T,캡빔,*,*,*,*,*
결공법,,,,NNP,*,T,결공법,*,*,*,*,*
여굴,,,,NNP,*,T,여굴,*,*,*,*,*
폭속,,,,NNP,*,T,폭속,*,*,*,*,*
파이프루프,,,,NNP,*,F,파이프루프,*,*,*,*,*
포아폴링,,,,NNP,*,T,포아폴링,*,*,*,*,*
프리그라우팅,,,,NNP,*,T,프리그라우팅,*,*,*,*,*
국부미진동,,,,NNP,*,T,국부미진동,*,*,*,*,*
점보드릴,,,,NNP,*,T,점보드릴,*,*,*,*,*
레그햄머,,,,NNP,*,F,레그햄머,*,*,*,*,*
장약봉,,,,NNP,*,T,장약봉,*,*,*,*,*
충진제,,,,NNP,*,F,충진제,*,*,*,*,*
록볼트,,,,NNP,*,F,록볼트,*,*,*,*,*
점화,,,,NNP,*,F,점화,*,*,*,*,*
로더 헤더,,,,NNP,*,F,로더 헤더,*,*,*,*,*
쉬일드 머쉰,,,,NNP,*,T,쉬일드 머쉰,*,*,*,*,*
터널보링머쉰,,,,NNP,*,T,터널보링머쉰,*,*,*,*,*
급결재,,,,NNP,*,F,급결재,*,*,*,*,*
소철선,,,,NNP,*,T,소철선,*,*,*,*,*
대상암반면,,,,NNP,*,T,대상암반면,*,*,*,*,*
강아치,,,,NNP,*,F,강아치,*,*,*,*,*
덧댐판,,,,NNP,*,T,덧댐판,*,*,*,*,*
록 볼트공,,,,NNP,*,T,록 볼트공,*,*,*,*,*
보아홀,,,,NNP,*,T,보아홀,*,*,*,*,*
크롤라드릴,,,,NNP,*,T,크롤라드릴,*,*,*,*,*
에어 오거,,,,NNP,*,F,에어 오거,*,*,*,*,*
이물질,,,,NNP,*,T,이물질,*,*,*,*,*
라이닝플레이트,,,,NNP,*,F,라이닝플레이트,*,*,*,*,*
지중침하,,,,NNP,*,F,지중침하,*,*,*,*,*
채수대,,,,NNP,*,F,채수대,*,*,*,*,*
소요환기량,,,,NNP,*,T,소요환기량,*,*,*,*,*
단열,,,,NNP,*,T,단열,*,*,*,*,*
숏크리트,,,,NNP,*,F,숏크리트,*,*,*,*,*
회차로,,,,NNP,*,F,회차로,*,*,*,*,*
터널라이닝,,,,NNP,*,T,터널라이닝,*,*,*,*,*
핸드 파레트 트럭,,,,NNP,*,T,핸드 파레트 트럭,*,*,*,*,*
자재보관,,,,NNP,*,T,자재보관,*,*,*,*,*
승하강,,,,NNP,*,T,승하강,*,*,*,*,*
답단,,,,NNP,*,T,답단,*,*,*,*,*
인서트,,,,NNP,*,F,인서트,*,*,*,*,*
캐링채널,,,,NNP,*,T,캐링채널,*,*,*,*,*
먹메김,,,,NNP,*,T,먹메김,*,*,*,*,*
비산물,,,,NNP,*,T,비산물,*,*,*,*,*
런너,,,,NNP,*,F,런너,*,*,*,*,*
스터드,,,,NNP,*,F,스터드,*,*,*,*,*
F.C.M공법,,,,NNP,*,T,F.C.M공법,*,*,*,*,*
주두부,,,,NNP,*,F,주두부,*,*,*,*,*
측경,,,,NNP,*,T,측경,*,*,*,*,*
스큐류 잭,,,,NNP,*,T,스큐류 잭,*,*,*,*,*
가벤트,,,,NNP,*,F,가벤트,*,*,*,*,*
FCM,,,,NNP,*,F,FCM,*,*,*,*,*
앵커잭,,,,NNP,*,T,앵커잭,*,*,*,*,*
포스트텐셔닝,,,,NNP,*,T,포스트텐셔닝,*,*,*,*,*
텐던,,,,NNP,*,T,텐던,*,*,*,*,*
헌치,,,,NNP,*,F,헌치,*,*,*,*,*
캔틸러버,,,,NNP,*,F,캔틸러버,*,*,*,*,*
에어콤푸레서,,,,NNP,*,F,에어콤푸레서,*,*,*,*,*
칩핑,,,,NNP,*,T,칩핑,*,*,*,*,*
솟음값,,,,NNP,*,T,솟음값,*,*,*,*,*
궤도차륜,,,,NNP,*,T,궤도차륜,*,*,*,*,*
운행로,,,,NNP,*,F,운행로,*,*,*,*,*
정리원,,,,NNP,*,T,정리원,*,*,*,*,*
경사면,,,,NNP,*,T,경사면,*,*,*,*,*
절취면,,,,NNP,*,T,절취면,*,*,*,*,*
근입장,,,,NNP,*,T,근입장,*,*,*,*,*
데오도라이트,,,,NNP,*,F,데오도라이트,*,*,*,*,*
파이핑,,,,NNP,*,T,파이핑,*,*,*,*,*
안내보,,,,NNP,*,F,안내보,*,*,*,*,*
재킹력,,,,NNP,*,T,재킹력,*,*,*,*,*
팩커,,,,NNP,*,F,팩커,*,*,*,*,*
웰포인트,,,,NNP,*,F,웰포인트,*,*,*,*,*
천공장,,,,NNP,*,T,천공장,*,*,*,*,*
진동치,,,,NNP,*,F,진동치,*,*,*,*,*
진동파,,,,NNP,*,F,진동파,*,*,*,*,*
포폴링,,,,NNP,*,T,포폴링,*,*,*,*,*
불발잔약,,,,NNP,*,T,불발잔약,*,*,*,*,*
가교각,,,,NNP,*,T,가교각,*,*,*,*,*
릴렉세이션,,,,NNP,*,T,릴렉세이션,*,*,*,*,*
모우멘트,,,,NNP,*,F,모우멘트,*,*,*,*,*
믹서기,,,,NNP,*,F,믹서기,*,*,*,*,*
I.L.M,,,,NNP,*,F,I.L.M,*,*,*,*,*
무한궤도식,,,,NNP,*,T,무한궤도식,*,*,*,*,*
타이어식,,,,NNP,*,T,타이어식,*,*,*,*,*
클램쉘,,,,NNP,*,T,클램쉘,*,*,*,*,*
협착방지봉,,,,NNP,*,T,협착방지봉,*,*,*,*,*
보호망,,,,NNP,*,T,보호망,*,*,*,*,*
켑타이어,,,,NNP,*,F,켑타이어,*,*,*,*,*
타설,,,,NNP,*,T,타설,*,*,*,*,*
에어 컴푸레서,,,,NNP,*,F,에어 컴푸레서,*,*,*,*,*
양생포,,,,NNP,*,F,양생포,*,*,*,*,*
적설량,,,,NNP,*,T,적설량,*,*,*,*,*
매뉴얼,,,,NNP,*,T,매뉴얼,*,*,*,*,*
흐름도,,,,NNP,*,F,흐름도,*,*,*,*,*
우레탄폼,,,,NNP,*,T,우레탄폼,*,*,*,*,*
안전휀스,,,,NNP,*,F,안전휀스,*,*,*,*,*
대피로,,,,NNP,*,F,대피로,*,*,*,*,*
성토용,,,,NNP,*,T,성토용,*,*,*,*,*
흙막이판,,,,NNP,*,T,흙막이판,*,*,*,*,*
비닐막,,,,NNP,*,T,비닐막,*,*,*,*,*
대기반,,,,NNP,*,T,대기반,*,*,*,*,*
절연용,,,,NNP,*,T,절연용,*,*,*,*,*
방호구,,,,NNP,*,F,방호구,*,*,*,*,*
도전성,,,,NNP,*,T,도전성,*,*,*,*,*
차단형,,,,NNP,*,T,차단형,*,*,*,*,*
금속류,,,,NNP,*,F,금속류,*,*,*,*,*
산업표준화법,,,,NNP,*,T,산업표준화법,*,*,*,*,*
떨어짐,,,,NNP,*,T,떨어짐,*,*,*,*,*
넘어짐,,,,NNP,*,T,넘어짐,*,*,*,*,*
수직구,,,,NNP,*,F,수직구,*,*,*,*,*
모래함,,,,NNP,*,T,모래함,*,*,*,*,*
바닥판,,,,NNP,*,T,바닥판,*,*,*,*,*
충분,,,,NNP,*,T,충분,*,*,*,*,*
앵커부,,,,NNP,*,F,앵커부,*,*,*,*,*
인양용,,,,NNP,*,T,인양용,*,*,*,*,*
벗겨짐,,,,NNP,*,T,벗겨짐,*,*,*,*,*
보호물,,,,NNP,*,T,보호물,*,*,*,*,*
하중분산 보,,,,NNP,*,F,하중분산 보,*,*,*,*,*
벽체용,,,,NNP,*,T,벽체용,*,*,*,*,*
부재별,,,,NNP,*,T,부재별,*,*,*,*,*
지지점,,,,NNP,*,T,지지점,*,*,*,*,*
버팀대,,,,NNP,*,F,버팀대,*,*,*,*,*
플레이트 홀,,,,NNP,*,T,플레이트 홀,*,*,*,*,*
작은 보,,,,NNP,*,F,작은 보,*,*,*,*,*
큰 보,,,,NNP,*,F,큰 보,*,*,*,*,*
갈라짐,,,,NNP,*,T,갈라짐,*,*,*,*,*
침매공법,,,,NNP,*,T,침매공법,*,*,*,*,*
함체,,,,NNP,*,F,함체,*,*,*,*,*
드라이독,,,,NNP,*,T,드라이독,*,*,*,*,*
가 격벽,,,,NNP,*,T,가 격벽,*,*,*,*,*
가 기초,,,,NNP,*,F,가 기초,*,*,*,*,*
준설면,,,,NNP,*,T,준설면,*,*,*,*,*
흡입수,,,,NNP,*,F,흡입수,*,*,*,*,*
골재층,,,,NNP,*,T,골재층,*,*,*,*,*
감압용,,,,NNP,*,T,감압용,*,*,*,*,*
안전걸이,,,,NNP,*,F,안전걸이,*,*,*,*,*
완경사,,,,NNP,*,F,완경사,*,*,*,*,*
감시점,,,,NNP,*,T,감시점,*,*,*,*,*
방지막,,,,NNP,*,T,방지막,*,*,*,*,*
오일휀스,,,,NNP,*,F,오일휀스,*,*,*,*,*
준설토,,,,NNP,*,F,준설토,*,*,*,*,*
투기장,,,,NNP,*,T,투기장,*,*,*,*,*
폐선박,,,,NNP,*,T,폐선박,*,*,*,*,*
자기탐사,,,,NNP,*,F,자기탐사,*,*,*,*,*
석회계,,,,NNP,*,F,석회계,*,*,*,*,*
첨가재,,,,NNP,*,F,첨가재,*,*,*,*,*
전류치,,,,NNP,*,F,전류치,*,*,*,*,*
개량재,,,,NNP,*,F,개량재,*,*,*,*,*
토출량,,,,NNP,*,T,토출량,*,*,*,*,*
경화재,,,,NNP,*,F,경화재,*,*,*,*,*
피항,,,,NNP,*,T,피항,*,*,*,*,*
침매함,,,,NNP,*,T,침매함,*,*,*,*,*
정렬선,,,,NNP,*,T,정렬선,*,*,*,*,*
기나 가스켓,,,,NNP,*,T,기나 가스켓,*,*,*,*,*
첨두부,,,,NNP,*,F,첨두부,*,*,*,*,*
재침설,,,,NNP,*,T,재침설,*,*,*,*,*
피복석,,,,NNP,*,T,피복석,*,*,*,*,*
액상화,,,,NNP,*,F,액상화,*,*,*,*,*
필증,,,,NNP,*,T,필증,*,*,*,*,*
방지포,,,,NNP,*,F,방지포,*,*,*,*,*
제거막,,,,NNP,*,T,제거막,*,*,*,*,*
배출부,,,,NNP,*,F,배출부,*,*,*,*,*
계류용,,,,NNP,*,T,계류용,*,*,*,*,*
타선박,,,,NNP,*,T,타선박,*,*,*,*,*
견인식,,,,NNP,*,T,견인식,*,*,*,*,*
발진부,,,,NNP,*,F,발진부,*,*,*,*,*
연암부,,,,NNP,*,F,연암부,*,*,*,*,*
경암부,,,,NNP,*,F,경암부,*,*,*,*,*
전단면,,,,NNP,*,T,전단면,*,*,*,*,*
붕괴성,,,,NNP,*,T,붕괴성,*,*,*,*,*
호흡용,,,,NNP,*,T,호흡용,*,*,*,*,*
근입,,,,NNP,*,T,근입,*,*,*,*,*
추진틀,,,,NNP,*,T,추진틀,*,*,*,*,*
리미트,,,,NNP,*,F,리미트,*,*,*,*,*
압입량,,,,NNP,*,T,압입량,*,*,*,*,*
관마개,,,,NNP,*,F,관마개,*,*,*,*,*
흙막이용,,,,NNP,*,T,흙막이용,*,*,*,*,*
측벽부,,,,NNP,*,F,측벽부,*,*,*,*,*
그라우팅량,,,,NNP,*,T,그라우팅량,*,*,*,*,*
용접성,,,,NNP,*,T,용접성,*,*,*,*,*
탐상법,,,,NNP,*,T,탐상법,*,*,*,*,*
자립도,,,,NNP,*,F,자립도,*,*,*,*,*
가이데릭,,,,NNP,*,T,가이데릭,*,*,*,*,*
삼각데릭,,,,NNP,*,T,삼각데릭,*,*,*,*,*
드래프트 핀,,,,NNP,*,T,드래프트 핀,*,*,*,*,*
샤클핀,,,,NNP,*,T,샤클핀,*,*,*,*,*
이음철판,,,,NNP,*,T,이음철판,*,*,*,*,*
세우기 철판,,,,NNP,*,T,세우기 철판,*,*,*,*,*
광파기,,,,NNP,*,F,광파기,*,*,*,*,*
턴버클,,,,NNP,*,T,턴버클,*,*,*,*,*
불연포,,,,NNP,*,F,불연포,*,*,*,*,*
윈드라스,,,,NNP,*,F,윈드라스,*,*,*,*,*
점회원,,,,NNP,*,T,점회원,*,*,*,*,*
보일링,,,,NNP,*,T,보일링,*,*,*,*,*
히빙,,,,NNP,*,T,히빙,*,*,*,*,*
절곡부,,,,NNP,*,F,절곡부,*,*,*,*,*
분기부,,,,NNP,*,F,분기부,*,*,*,*,*
단관부,,,,NNP,*,F,단관부,*,*,*,*,*
구근강도,,,,NNP,*,F,구근강도,*,*,*,*,*
편굴착,,,,NNP,*,T,편굴착,*,*,*,*,*
신장량,,,,NNP,*,T,신장량,*,*,*,*,*
긴장력,,,,NNP,*,T,긴장력,*,*,*,*,*
PCT거더,,,,NNP,*,F,PCT거더,*,*,*,*,*
PCT거더교,,,,NNP,*,F,PCT거더교,*,*,*,*,*
공사명,,,,NNP,*,T,공사명,*,*,*,*,*
감리원,,,,NNP,*,T,감리원,*,*,*,*,*
하수급자,,,,NNP,*,F,하수급자,*,*,*,*,*
이형강봉,,,,NNP,*,T,이형강봉,*,*,*,*,*
강형부재,,,,NNP,*,F,강형부재,*,*,*,*,*
탈형,,,,NNP,*,T,탈형,*,*,*,*,*
폐드럼통,,,,NNP,*,T,폐드럼통,*,*,*,*,*
떠붙임,,,,NNP,*,T,떠붙임,*,*,*,*,*
판형붙임,,,,NNP,*,T,판형붙임,*,*,*,*,*
노루발,,,,NNP,*,T,노루발,*,*,*,*,*
공구함,,,,NNP,*,T,공구함,*,*,*,*,*
후레싱,,,,NNP,*,T,후레싱,*,*,*,*,*
알품,,,,NNP,*,T,알품,*,*,*,*,*
NRC보,,,,NNP,*,F,NRC보,*,*,*,*,*
타설공,,,,NNP,*,T,타설공,*,*,*,*,*
폐전선,,,,NNP,*,T,폐전선,*,*,*,*,*
환기휀,,,,NNP,*,T,환기휀,*,*,*,*,*
방화문틀,,,,NNP,*,T,방화문틀,*,*,*,*,*
탑시브,,,,NNP,*,F,탑시브,*,*,*,*,*
멍에재,,,,NNP,*,F,멍에재,*,*,*,*,*
메모도,,,,NNP,*,F,메모도,*,*,*,*,*
전동톱,,,,NNP,*,T,전동톱,*,*,*,*,*
튜브형,,,,NNP,*,T,튜브형,*,*,*,*,*
락볼트,,,,NNP,*,F,락볼트,*,*,*,*,*
적재용,,,,NNP,*,T,적재용,*,*,*,*,*
앞들기,,,,NNP,*,F,앞들기,*,*,*,*,*
조적공,,,,NNP,*,T,조적공,*,*,*,*,*
비계포,,,,NNP,*,F,비계포,*,*,*,*,*
파렛트,,,,NNP,*,F,파렛트,*,*,*,*,*
원형톱,,,,NNP,*,T,원형톱,*,*,*,*,*
알폼핀,,,,NNP,*,T,알폼핀,*,*,*,*,*
암버럭,,,,NNP,*,T,암버럭,*,*,*,*,*
종골뼈,,,,NNP,*,F,종골뼈,*,*,*,*,*
비계공,,,,NNP,*,T,비계공,*,*,*,*,*
못조각,,,,NNP,*,T,못조각,*,*,*,*,*
연마날,,,,NNP,*,T,연마날,*,*,*,*,*
앙카,,,,NNP,*,F,앙카,*,*,*,*,*
컷팅기,,,,NNP,*,F,컷팅기,*,*,*,*,*
메탈라스,,,,NNP,*,F,메탈라스,*,*,*,*,*
리바운딩,,,,NNP,*,T,리바운딩,*,*,*,*,*
조적쌓기,,,,NNP,*,F,조적쌓기,*,*,*,*,*
차폐판,,,,NNP,*,T,차폐판,*,*,*,*,*
공구통,,,,NNP,*,T,공구통,*,*,*,*,*
누름콘크리트,,,,NNP,*,F,누름콘크리트,*,*,*,*,*
버림콘크리트,,,,NNP,*,F,버림콘크리트,*,*,*,*,*
근생빌딩,,,,NNP,*,T,근생빌딩,*,*,*,*,*
빠루망치,,,,NNP,*,F,빠루망치,*,*,*,*,*
밴딩기,,,,NNP,*,F,밴딩기,*,*,*,*,*
중분대,,,,NNP,*,F,중분대,*,*,*,*,*
아시바,,,,NNP,*,F,아시바,*,*,*,*,*
후렌지,,,,NNP,*,F,후렌지,*,*,*,*,*
레이턴스,,,,NNP,*,F,레이턴스,*,*,*,*,*
어스앙카,,,,NNP,*,F,어스앙카,*,*,*,*,*
조적벽,,,,NNP,*,T,조적벽,*,*,*,*,*
내력벽,,,,NNP,*,T,내력벽,*,*,*,*,*
가벽,,,,NNP,*,T,가벽,*,*,*,*,*
벽체건식,,,,NNP,*,T,벽체건식,*,*,*,*,*
습식벽체,,,,NNP,*,F,습식벽체,*,*,*,*,*
건식벽체,,,,NNP,*,F,건식벽체,*,*,*,*,*
흡음,,,,NNP,*,T,흡음,*,*,*,*,*
천막틀,,,,NNP,*,T,천막틀,*,*,*,*,*
목재틀,,,,NNP,*,T,목재틀,*,*,*,*,*
엠베드,,,,NNP,*,F,엠베드,*,*,*,*,*
타카총,,,,NNP,*,T,타카총,*,*,*,*,*
주형보,,,,NNP,*,F,주형보,*,*,*,*,*
주형받침보,,,,NNP,*,F,주형받침보,*,*,*,*,*
못뽑기,,,,NNP,*,F,못뽑기,*,*,*,*,*
쁘레카,,,,NNP,*,F,쁘레카,*,*,*,*,*
뿌레카,,,,NNP,*,F,뿌레카,*,*,*,*,*
손빠루,,,,NNP,*,F,손빠루,*,*,*,*,*
샷보도,,,,NNP,*,F,샷보도,*,*,*,*,*
오비끼,,,,NNP,*,F,오비끼,*,*,*,*,*
샷보드,,,,NNP,*,F,샷보드,*,*,*,*,*
삿보드,,,,NNP,*,F,삿보드,*,*,*,*,*
PC암거,,,,NNP,*,F,PC암거,*,*,*,*,*
SCW천공,,,,NNP,*,T,SCW천공,*,*,*,*,*
끊어치기,,,,NNP,*,F,끊어치기,*,*,*,*,*
바이브레다,,,,NNP,*,F,바이브레다,*,*,*,*,*
크렘쉘,,,,NNP,*,T,크렘쉘,*,*,*,*,*
스라브,,,,NNP,*,F,스라브,*,*,*,*,*
바브켓,,,,NNP,*,T,바브켓,*,*,*,*,*
쏘일네일링,,,,NNP,*,T,쏘일네일링,*,*,*,*,*
근고블록,,,,NNP,*,T,근고블록,*,*,*,*,*
데크피니셔,,,,NNP,*,F,데크피니셔,*,*,*,*,*
용수개거,,,,NNP,*,F,용수개거,*,*,*,*,*
래미탈,,,,NNP,*,T,래미탈,*,*,*,*,*
수평조절목,,,,NNP,*,T,수평조절목,*,*,*,*,*
PHC파일,,,,NNP,*,T,PHC파일,*,*,*,*,*
식생매트,,,,NNP,*,F,식생매트,*,*,*,*,*
내민보,,,,NNP,*,F,내민보,*,*,*,*,*
테트라네오,,,,NNP,*,F,테트라네오,*,*,*,*,*
유공발판,,,,NNP,*,T,유공발판,*,*,*,*,*
AL루버,,,,NNP,*,F,AL루버,*,*,*,*,*
알루미늄루버,,,,NNP,*,F,알루미늄루버,*,*,*,*,*
틀비계,,,,NNP,*,F,틀비계,*,*,*,*,*
커터날,,,,NNP,*,T,커터날,*,*,*,*,*
벤딩기,,,,NNP,*,F,벤딩기,*,*,*,*,*
붙임용,,,,NNP,*,T,붙임용,*,*,*,*,*
몰탈통,,,,NNP,*,T,몰탈통,*,*,*,*,*
복지관,,,,NNP,*,T,복지관,*,*,*,*,*
슁글,,,,NNP,*,T,슁글,*,*,*,*,*
불투명,,,,NNP,*,T,불투명,*,*,*,*,*
시트지,,,,NNP,*,F,시트지,*,*,*,*,*
배수판,,,,NNP,*,T,배수판,*,*,*,*,*
아스콘,,,,NNP,*,T,아스콘,*,*,*,*,*
덧씌우기,,,,NNP,*,F,덧씌우기,*,*,*,*,*
블루폼,,,,NNP,*,T,블루폼,*,*,*,*,*
과상승,,,,NNP,*,T,과상승,*,*,*,*,*
방지봉,,,,NNP,*,T,방지봉,*,*,*,*,*
조절목,,,,NNP,*,T,조절목,*,*,*,*,*
무게추,,,,NNP,*,F,무게추,*,*,*,*,*
오무리,,,,NNP,*,F,오무리,*,*,*,*,*
케비넷,,,,NNP,*,T,케비넷,*,*,*,*,*
연석날,,,,NNP,*,T,연석날,*,*,*,*,*
홀딩기,,,,NNP,*,F,홀딩기,*,*,*,*,*
트롤리,,,,NNP,*,F,트롤리,*,*,*,*,*
훅블럭,,,,NNP,*,T,훅블럭,*,*,*,*,*
벌목용,,,,NNP,*,T,벌목용,*,*,*,*,*
엔진톱,,,,NNP,*,T,엔진톱,*,*,*,*,*
메타세콰이아,,,,NNP,*,F,메타세콰이아,*,*,*,*,*
네모도,,,,NNP,*,F,네모도,*,*,*,*,*
화이바,,,,NNP,*,F,화이바,*,*,*,*,*
탐방로,,,,NNP,*,F,탐방로,*,*,*,*,*
커터칼,,,,NNP,*,T,커터칼,*,*,*,*,*
페이로더,,,,NNP,*,F,페이로더,*,*,*,*,*
PP로프,,,,NNP,*,F,PP로프,*,*,*,*,*
톤마대,,,,NNP,*,F,톤마대,*,*,*,*,*
도르레,,,,NNP,*,F,도르레,*,*,*,*,*
레벨목,,,,NNP,*,T,레벨목,*,*,*,*,*
U형개거,,,,NNP,*,F,U형개거,*,*,*,*,*
SP헤드,,,,NNP,*,F,SP헤드,*,*,*,*,*
라이닝폼,,,,NNP,*,T,라이닝폼,*,*,*,*,*
패널공,,,,NNP,*,T,패널공,*,*,*,*,*
콤비롤러,,,,NNP,*,F,콤비롤러,*,*,*,*,*
H빔,,,,NNP,*,T,H빔,*,*,*,*,*
PC슬라브,,,,NNP,*,F,PC슬라브,*,*,*,*,*
선라이트,,,,NNP,*,F,선라이트,*,*,*,*,*
칼라강판,,,,NNP,*,T,칼라강판,*,*,*,*,*
PIT바닥,,,,NNP,*,T,PIT바닥,*,*,*,*,*
PC거더,,,,NNP,*,F,PC거더,*,*,*,*,*
PC빔,,,,NNP,*,T,PC빔,*,*,*,*,*
식재목,,,,NNP,*,T,식재목,*,*,*,*,*
이식장,,,,NNP,*,T,이식장,*,*,*,*,*
퍼징댐,,,,NNP,*,T,퍼징댐,*,*,*,*,*
러핑크레인,,,,NNP,*,T,러핑크레인,*,*,*,*,*
텔레스코핑,,,,NNP,*,T,텔레스코핑,*,*,*,*,*
막장면,,,,NNP,*,T,막장면,*,*,*,*,*
주전원선,,,,NNP,*,T,주전원선,*,*,*,*,*
퍼린,,,,NNP,*,T,퍼린,*,*,*,*,*
다듬기,,,,NNP,*,F,다듬기,*,*,*,*,*
분진망,,,,NNP,*,T,분진망,*,*,*,*,*
PSC빔,,,,NNP,*,T,PSC빔,*,*,*,*,*
피재자,,,,NNP,*,F,피재자,*,*,*,*,*
한강물,,,,NNP,*,T,한강물,*,*,*,*,*
유입수,,,,NNP,*,F,유입수,*,*,*,*,*
돌쌓기,,,,NNP,*,F,돌쌓기,*,*,*,*,*
면고르기,,,,NNP,*,F,면고르기,*,*,*,*,*
천막지,,,,NNP,*,F,천막지,*,*,*,*,*
스프링쿨러,,,,NNP,*,F,스프링쿨러,*,*,*,*,*
스트롱앙카,,,,NNP,*,F,스트롱앙카,*,*,*,*,*
하수강,,,,NNP,*,T,하수강,*,*,*,*,*
아나방,,,,NNP,*,T,아나방,*,*,*,*,*
시트파일,,,,NNP,*,T,시트파일,*,*,*,*,*
P.S.P,,,,NNP,*,F,P.S.P,*,*,*,*,*
PRD Pile,,,,NNP,*,F,PRD Pile,*,*,*,*,*
선회부,,,,NNP,*,F,선회부,*,*,*,*,*
PHC말뚝,,,,NNP,*,T,PHC말뚝,*,*,*,*,*
동재하시험,,,,NNP,*,T,동재하시험,*,*,*,*,*
정재하시험,,,,NNP,*,T,정재하시험,*,*,*,*,*
쌍줄비계,,,,NNP,*,F,쌍줄비계,*,*,*,*,*
외줄비계,,,,NNP,*,F,외줄비계,*,*,*,*,*
단관비계,,,,NNP,*,F,단관비계,*,*,*,*,*
과하중,,,,NNP,*,T,과하중,*,*,*,*,*
분배기,,,,NNP,*,F,분배기,*,*,*,*,*
COS 교체작업,,,,NNP,*,T,COS 교체작업,*,*,*,*,*
오수관로,,,,NNP,*,F,오수관로,*,*,*,*,*
석분부설,,,,NNP,*,T,석분부설,*,*,*,*,*
연삭숫돌,,,,NNP,*,T,연삭숫돌,*,*,*,*,*
할암기,,,,NNP,*,F,할암기,*,*,*,*,*
천정판,,,,NNP,*,T,천정판,*,*,*,*,*
워크웨이,,,,NNP,*,F,워크웨이,*,*,*,*,*
밴딩폼,,,,NNP,*,T,밴딩폼,*,*,*,*,*
C.P.B,,,,NNP,*,F,C.P.B,*,*,*,*,*
A.C.S Form,,,,NNP,*,F,A.C.S Form,*,*,*,*,*
지지로프,,,,NNP,*,F,지지로프,*,*,*,*,*
갈고리형,,,,NNP,*,T,갈고리형,*,*,*,*,*
퀵-커플러,,,,NNP,*,F,퀵-커플러,*,*,*,*,*
철구조물,,,,NNP,*,T,철구조물,*,*,*,*,*
상부공,,,,NNP,*,T,상부공,*,*,*,*,*
하부공,,,,NNP,*,T,하부공,*,*,*,*,*
절토사면,,,,NNP,*,T,절토사면,*,*,*,*,*
Pier Band,,,,NNP,*,F,Pier Band,*,*,*,*,*
와이어브러쉬,,,,NNP,*,F,와이어브러쉬,*,*,*,*,*
그레이팅,,,,NNP,*,T,그레이팅,*,*,*,*,*
폐석면,,,,NNP,*,T,폐석면,*,*,*,*,*
내화뿜칠재,,,,NNP,*,F,내화뿜칠재,*,*,*,*,*
IPC Girder,,,,NNP,*,F,IPC Girder,*,*,*,*,*
Cross Beam,,,,NNP,*,F,Cross Beam,*,*,*,*,*
Shoe,,,,NNP,*,F,Shoe,*,*,*,*,*
턴테이블,,,,NNP,*,T,턴테이블,*,*,*,*,*
호리빔,,,,NNP,*,T,호리빔,*,*,*,*,*
암사면,,,,NNP,*,T,암사면,*,*,*,*,*
Counter Jib,,,,NNP,*,F,Counter Jib,*,*,*,*,*
절취사면,,,,NNP,*,T,절취사면,*,*,*,*,*
조임철물,,,,NNP,*,T,조임철물,*,*,*,*,*
성곽돌,,,,NNP,*,T,성곽돌,*,*,*,*,*
굴착법면,,,,NNP,*,T,굴착법면,*,*,*,*,*
슁글재,,,,NNP,*,F,슁글재,*,*,*,*,*
BOX형,,,,NNP,*,T,BOX형,*,*,*,*,*
철골공,,,,NNP,*,T,철골공,*,*,*,*,*
카-훼리선,,,,NNP,*,T,카-훼리선,*,*,*,*,*
Walkway,,,,NNP,*,F,Walkway,*,*,*,*,*
Rock Bolt,,,,NNP,*,F,Rock Bolt,*,*,*,*,*
카리프트,,,,NNP,*,F,카리프트,*,*,*,*,*
컴프레셔,,,,NNP,*,F,컴프레셔,*,*,*,*,*
창호공,,,,NNP,*,T,창호공,*,*,*,*,*
창호틀,,,,NNP,*,T,창호틀,*,*,*,*,*
제연덕트,,,,NNP,*,F,제연덕트,*,*,*,*,*
오거모터,,,,NNP,*,F,오거모터,*,*,*,*,*
tm스크류,,,,NNP,*,F,tm스크류,*,*,*,*,*
FRP물탱크,,,,NNP,*,F,FRP물탱크,*,*,*,*,*
파쇄물,,,,NNP,*,T,파쇄물,*,*,*,*,*
I-형강,,,,NNP,*,T,I-형강,*,*,*,*,*
U자형,,,,NNP,*,T,U자형,*,*,*,*,*
교량 빔,,,,NNP,*,T,교량 빔,*,*,*,*,*
관접합,,,,NNP,*,T,관접합,*,*,*,*,*
Arch Beam,,,,NNP,*,F,Arch Beam,*,*,*,*,*
캐로솔,,,,NNP,*,T,캐로솔,*,*,*,*,*
보조기층재,,,,NNP,*,F,보조기층재,*,*,*,*,*
구름대,,,,NNP,*,F,구름대,*,*,*,*,*
캣워크,,,,NNP,*,F,캣워크,*,*,*,*,*
A형사다리,,,,NNP,*,F,A형사다리,*,*,*,*,*
그래브,,,,NNP,*,F,그래브,*,*,*,*,*
FRP 채광판,,,,NNP,*,T,FRP 채광판,*,*,*,*,*
채광판,,,,NNP,*,T,채광판,*,*,*,*,*
보호벽,,,,NNP,*,T,보호벽,*,*,*,*,*
돌붙임,,,,NNP,*,T,돌붙임,*,*,*,*,*
Z형강,,,,NNP,*,T,Z형강,*,*,*,*,*
잠수사,,,,NNP,*,F,잠수사,*,*,*,*,*
스쿠바,,,,NNP,*,F,스쿠바,*,*,*,*,*
PP마대,,,,NNP,*,F,PP마대,*,*,*,*,*
고무칩,,,,NNP,*,T,고무칩,*,*,*,*,*
빔클램프,,,,NNP,*,F,빔클램프,*,*,*,*,*
컷아웃스위치,,,,NNP,*,F,컷아웃스위치,*,*,*,*,*
시트바,,,,NNP,*,F,시트바,*,*,*,*,*
뒤채움,,,,NNP,*,T,뒤채움,*,*,*,*,*
맹판이,,,,NNP,*,F,맹판이,*,*,*,*,*
포장공,,,,NNP,*,T,포장공,*,*,*,*,*
물뿌리기,,,,NNP,*,F,물뿌리기,*,*,*,*,*
하역기,,,,NNP,*,F,하역기,*,*,*,*,*
피복공,,,,NNP,*,T,피복공,*,*,*,*,*
아스콘괴,,,,NNP,*,F,아스콘괴,*,*,*,*,*
카박스,,,,NNP,*,F,카박스,*,*,*,*,*
모델하우스,,,,NNP,*,F,모델하우스,*,*,*,*,*
긴결철선,,,,NNP,*,T,긴결철선,*,*,*,*,*
슬러지,,,,NNP,*,F,슬러지,*,*,*,*,*
부스바,,,,NNP,*,F,부스바,*,*,*,*,*
FCM 주두부,,,,NNP,*,F,FCM 주두부,*,*,*,*,*
레이스웨이,,,,NNP,*,F,레이스웨이,*,*,*,*,*
열병합,,,,NNP,*,T,열병합,*,*,*,*,*
하수관로,,,,NNP,*,F,하수관로,*,*,*,*,*
피난참,,,,NNP,*,T,피난참,*,*,*,*,*
녹막이,,,,NNP,*,F,녹막이,*,*,*,*,*
페인트칠,,,,NNP,*,T,페인트칠,*,*,*,*,*
넘어짐재해,,,,NNP,*,F,넘어짐재해,*,*,*,*,*
조립강주,,,,NNP,*,F,조립강주,*,*,*,*,*
근입량,,,,NNP,*,T,근입량,*,*,*,*,*
낙하고,,,,NNP,*,F,낙하고,*,*,*,*,*
본항타,,,,NNP,*,F,본항타,*,*,*,*,*
시항타,,,,NNP,*,F,시항타,*,*,*,*,*
권과,,,,NNP,*,F,권과,*,*,*,*,*
부착구금,,,,NNP,*,T,부착구금,*,*,*,*,*
방지대,,,,NNP,*,F,방지대,*,*,*,*,*
항타용,,,,NNP,*,T,항타용,*,*,*,*,*
훅블록,,,,NNP,*,T,훅블록,*,*,*,*,*
유도원,,,,NNP,*,T,유도원,*,*,*,*,*
비틀림,,,,NNP,*,T,비틀림,*,*,*,*,*
이소시아네이트,,,,NNP,*,F,이소시아네이트,*,*,*,*,*
폴리올,,,,NNP,*,T,폴리올,*,*,*,*,*
고열물,,,,NNP,*,T,고열물,*,*,*,*,*
싸이클로펜탄,,,,NNP,*,T,싸이클로펜탄,*,*,*,*,*
사이클로펜탄,,,,NNP,*,T,사이클로펜탄,*,*,*,*,*
용제류,,,,NNP,*,F,용제류,*,*,*,*,*
환기량,,,,NNP,*,T,환기량,*,*,*,*,*
맹독성,,,,NNP,*,T,맹독성,*,*,*,*,*
이산화황,,,,NNP,*,T,이산화황,*,*,*,*,*
슈퍼용,,,,NNP,*,T,슈퍼용,*,*,*,*,*
주방용,,,,NNP,*,T,주방용,*,*,*,*,*
근무조,,,,NNP,*,F,근무조,*,*,*,*,*
와이어 메시,,,,NNP,*,F,와이어 메시,*,*,*,*,*
격리재,,,,NNP,*,F,격리재,*,*,*,*,*
토요일,,,,NNP,*,T,토요일,*,*,*,*,*
전면부,,,,NNP,*,F,전면부,*,*,*,*,*
재해,,,,NNP,*,F,재해,*,*,*,*,*
보구간,,,,NNP,*,T,보구간,*,*,*,*,*
이동,,,,NNP,*,T,이동,*,*,*,*,*
제조동,,,,NNP,*,T,제조동,*,*,*,*,*
베이스판넬,,,,NNP,*,T,베이스판넬,*,*,*,*,*
새미보,,,,NNP,*,F,새미보,*,*,*,*,*
특이사항,,,,NNP,*,T,특이사항,*,*,*,*,*
오수차,,,,NNP,*,F,오수차,*,*,*,*,*
집관로,,,,NNP,*,F,집관로,*,*,*,*,*
데크플레이트,,,,NNP,*,F,데크플레이트,*,*,*,*,*
협력사,,,,NNP,*,F,협력사,*,*,*,*,*
식재작업,,,,NNP,*,T,식재작업,*,*,*,*,*
안전보호구,,,,NNP,*,F,안전보호구,*,*,*,*,*
전정기,,,,NNP,*,F,전정기,*,*,*,*,*
이형철근,,,,NNP,*,T,이형철근,*,*,*,*,*
라쳇벨트,,,,NNP,*,F,라쳇벨트,*,*,*,*,*
다용도,,,,NNP,*,F,다용도,*,*,*,*,*
스크래퍼,,,,NNP,*,F,스크래퍼,*,*,*,*,*
휴대용,,,,NNP,*,T,휴대용,*,*,*,*,*
근로복지공단,,,,NNP,*,T,근로복지공단,*,*,*,*,*
전기감리원,,,,NNP,*,T,전기감리원,*,*,*,*,*
희석액,,,,NNP,*,T,희석액,*,*,*,*,*
회전근개,,,,NNP,*,F,회전근개,*,*,*,*,*
정위치,,,,NNP,*,F,정위치,*,*,*,*,*
시스템동바리,,,,NNP,*,F,시스템동바리,*,*,*,*,*
전기박스,,,,NNP,*,F,전기박스,*,*,*,*,*
하차,,,,NNP,*,F,하차,*,*,*,*,*
사면,,,,NNP,*,T,사면,*,*,*,*,*
다짐작업,,,,NNP,*,T,다짐작업,*,*,*,*,*
측량작업,,,,NNP,*,T,측량작업,*,*,*,*,*
옹벽블록,,,,NNP,*,T,옹벽블록,*,*,*,*,*
작업발판,,,,NNP,*,T,작업발판,*,*,*,*,*
해체작업,,,,NNP,*,T,해체작업,*,*,*,*,*
노후관,,,,NNP,*,T,노후관,*,*,*,*,*
에어컴프레셔,,,,NNP,*,F,에어컴프레셔,*,*,*,*,*
보형틀,,,,NNP,*,T,보형틀,*,*,*,*,*
우수관로,,,,NNP,*,F,우수관로,*,*,*,*,*
배수로,,,,NNP,*,F,배수로,*,*,*,*,*
잭서포트,,,,NNP,*,F,잭서포트,*,*,*,*,*
수직도,,,,NNP,*,F,수직도,*,*,*,*,*
해체,,,,NNP,*,F,해체,*,*,*,*,*
잭써포,,,,NNP,*,F,잭써포,*,*,*,*,*
낙하물방지망,,,,NNP,*,T,낙하물방지망,*,*,*,*,*
PVC배관,,,,NNP,*,T,PVC배관,*,*,*,*,*
전원선,,,,NNP,*,T,전원선,*,*,*,*,*
PE배관,,,,NNP,*,T,PE배관,*,*,*,*,*
전선거치대,,,,NNP,*,F,전선거치대,*,*,*,*,*
라스망,,,,NNP,*,T,라스망,*,*,*,*,*
비트날,,,,NNP,*,T,비트날,*,*,*,*,*
헌치부,,,,NNP,*,F,헌치부,*,*,*,*,*
수평제,,,,NNP,*,F,수평제,*,*,*,*,*
특별안전교육,,,,NNP,*,T,특별안전교육,*,*,*,*,*
기둥품,,,,NNP,*,T,기둥품,*,*,*,*,*
밀림방지,,,,NNP,*,F,밀림방지,*,*,*,*,*
밀바,,,,NNP,*,F,밀바,*,*,*,*,*
항타작업,,,,NNP,*,T,항타작업,*,*,*,*,*
철근작업,,,,NNP,*,T,철근작업,*,*,*,*,*
설치작업,,,,NNP,*,T,설치작업,*,*,*,*,*
폐수처리통,,,,NNP,*,T,폐수처리통,*,*,*,*,*
가공장,,,,NNP,*,T,가공장,*,*,*,*,*
가공작업,,,,NNP,*,T,가공작업,*,*,*,*,*
TS판넬,,,,NNP,*,T,TS판넬,*,*,*,*,*
post pile,,,,NNP,*,F,post pile,*,*,*,*,*
비계파이프,,,,NNP,*,F,비계파이프,*,*,*,*,*
천공,,,,NNP,*,T,천공,*,*,*,*,*
핸드자키,,,,NNP,*,F,핸드자키,*,*,*,*,*
비포장,,,,NNP,*,T,비포장,*,*,*,*,*
Spool,,,,NNP,*,F,Spool,*,*,*,*,*
방파제,,,,NNP,*,F,방파제,*,*,*,*,*
타설작업,,,,NNP,*,T,타설작업,*,*,*,*,*
대진호,,,,NNP,*,F,대진호,*,*,*,*,*
너울성,,,,NNP,*,T,너울성,*,*,*,*,*
조정작업,,,,NNP,*,T,조정작업,*,*,*,*,*
살수작업,,,,NNP,*,T,살수작업,*,*,*,*,*
알폼,,,,NNP,*,T,알폼,*,*,*,*,*
냉난방실,,,,NNP,*,T,냉난방실,*,*,*,*,*
이동작업,,,,NNP,*,T,이동작업,*,*,*,*,*
건설자재,,,,NNP,*,F,건설자재,*,*,*,*,*
가시설,,,,NNP,*,T,가시설,*,*,*,*,*
스키 로더,,,,NNP,*,F,스키 로더,*,*,*,*,*
사각강관,,,,NNP,*,T,사각강관,*,*,*,*,*
줄눈시공,,,,NNP,*,T,줄눈시공,*,*,*,*,*
하역부두,,,,NNP,*,F,하역부두,*,*,*,*,*
계류돌핀,,,,NNP,*,T,계류돌핀,*,*,*,*,*
콤프레셔,,,,NNP,*,F,콤프레셔,*,*,*,*,*
써포트,,,,NNP,*,F,써포트,*,*,*,*,*
열교환실,,,,NNP,*,T,열교환실,*,*,*,*,*
옥외,,,,NNP,*,F,옥외,*,*,*,*,*
토목관로,,,,NNP,*,F,토목관로,*,*,*,*,*
배관작업,,,,NNP,*,T,배관작업,*,*,*,*,*
관부설,,,,NNP,*,T,관부설,*,*,*,*,*
조적턱,,,,NNP,*,T,조적턱,*,*,*,*,*
비계조정,,,,NNP,*,T,비계조정,*,*,*,*,*
안전고리,,,,NNP,*,F,안전고리,*,*,*,*,*
슈앙카,,,,NNP,*,F,슈앙카,*,*,*,*,*
형틀작업,,,,NNP,*,T,형틀작업,*,*,*,*,*
찬넬,,,,NNP,*,T,찬넬,*,*,*,*,*
해치발판,,,,NNP,*,T,해치발판,*,*,*,*,*
양중물,,,,NNP,*,T,양중물,*,*,*,*,*
철거현장,,,,NNP,*,T,철거현장,*,*,*,*,*
피목재,,,,NNP,*,F,피목재,*,*,*,*,*
폐목재,,,,NNP,*,F,폐목재,*,*,*,*,*
공조실,,,,NNP,*,T,공조실,*,*,*,*,*
공조기,,,,NNP,*,F,공조기,*,*,*,*,*
보양비닐,,,,NNP,*,T,보양비닐,*,*,*,*,*
조성공사,,,,NNP,*,F,조성공사,*,*,*,*,*
철거공사,,,,NNP,*,F,철거공사,*,*,*,*,*
잉여자재,,,,NNP,*,F,잉여자재,*,*,*,*,*
보거푸집,,,,NNP,*,T,보거푸집,*,*,*,*,*
수정작업,,,,NNP,*,T,수정작업,*,*,*,*,*
보호천막,,,,NNP,*,T,보호천막,*,*,*,*,*
방수공사,,,,NNP,*,F,방수공사,*,*,*,*,*
파쇄작업,,,,NNP,*,T,파쇄작업,*,*,*,*,*
비래물,,,,NNP,*,T,비래물,*,*,*,*,*
철골기둥,,,,NNP,*,T,철골기둥,*,*,*,*,*
승강로,,,,NNP,*,F,승강로,*,*,*,*,*
블라켓,,,,NNP,*,T,블라켓,*,*,*,*,*
전지작업,,,,NNP,*,T,전지작업,*,*,*,*,*
화기덕트,,,,NNP,*,F,화기덕트,*,*,*,*,*
앙카구멍,,,,NNP,*,T,앙카구멍,*,*,*,*,*
함마드릴,,,,NNP,*,T,함마드릴,*,*,*,*,*
천공작업,,,,NNP,*,T,천공작업,*,*,*,*,*
미장통,,,,NNP,*,T,미장통,*,*,*,*,*
타일공,,,,NNP,*,T,타일공,*,*,*,*,*
운반대차,,,,NNP,*,F,운반대차,*,*,*,*,*
산업용,,,,NNP,*,T,산업용,*,*,*,*,*
마이크로파일,,,,NNP,*,T,마이크로파일,*,*,*,*,*
미복구,,,,NNP,*,F,미복구,*,*,*,*,*
바탕정리,,,,NNP,*,F,바탕정리,*,*,*,*,*
DA점검문,,,,NNP,*,T,DA점검문,*,*,*,*,*
Piece Bracket,,,,NNP,*,F,Piece Bracket,*,*,*,*,*
창호설치,,,,NNP,*,F,창호설치,*,*,*,*,*
벽돌쌓기,,,,NNP,*,F,벽돌쌓기,*,*,*,*,*
데크작업,,,,NNP,*,T,데크작업,*,*,*,*,*
길내기,,,,NNP,*,F,길내기,*,*,*,*,*
빠루,,,,NNP,*,F,빠루,*,*,*,*,*
H-BEAM,,,,NNP,*,F,H-BEAM,*,*,*,*,*
본선환기구,,,,NNP,*,F,본선환기구,*,*,*,*,*
가설계단,,,,NNP,*,T,가설계단,*,*,*,*,*
산소절단,,,,NNP,*,T,산소절단,*,*,*,*,*
Coal Shed ,,,,NNP,*,T,Coal Shed ,*,*,*,*,*
빔조립,,,,NNP,*,T,빔조립,*,*,*,*,*
양중로프,,,,NNP,*,F,양중로프,*,*,*,*,*
레버블록,,,,NNP,*,T,레버블록,*,*,*,*,*
수성페인트,,,,NNP,*,F,수성페인트,*,*,*,*,*
핸드스킬톱,,,,NNP,*,T,핸드스킬톱,*,*,*,*,*
보작업,,,,NNP,*,T,보작업,*,*,*,*,*
석탄이송,,,,NNP,*,T,석탄이송,*,*,*,*,*
펜룸,,,,NNP,*,T,펜룸,*,*,*,*,*
클럼프,,,,NNP,*,F,클럼프,*,*,*,*,*
이동식크레인,,,,NNP,*,T,이동식크레인,*,*,*,*,*
절단작업,,,,NNP,*,T,절단작업,*,*,*,*,*
증축공사,,,,NNP,*,F,증축공사,*,*,*,*,*
절삭작업,,,,NNP,*,T,절삭작업,*,*,*,*,*
신축이음부,,,,NNP,*,F,신축이음부,*,*,*,*,*
TG보,,,,NNP,*,F,TG보,*,*,*,*,*
전이보,,,,NNP,*,F,전이보,*,*,*,*,*
몰탈가루,,,,NNP,*,F,몰탈가루,*,*,*,*,*
좌멸창,,,,NNP,*,T,좌멸창,*,*,*,*,*
굴곡지지대,,,,NNP,*,F,굴곡지지대,*,*,*,*,*
스크류,,,,NNP,*,F,스크류,*,*,*,*,*
하부지지대,,,,NNP,*,F,하부지지대,*,*,*,*,*
급속여과지동,,,,NNP,*,T,급속여과지동,*,*,*,*,*
생산동,,,,NNP,*,T,생산동,*,*,*,*,*
금속공사,,,,NNP,*,F,금속공사,*,*,*,*,*
뒷채움작업,,,,NNP,*,T,뒷채움작업,*,*,*,*,*
사보강재,,,,NNP,*,F,사보강재,*,*,*,*,*
하역작업,,,,NNP,*,T,하역작업,*,*,*,*,*
공벽쌓기,,,,NNP,*,F,공벽쌓기,*,*,*,*,*
구조물,,,,NNP,*,T,구조물,*,*,*,*,*
자재하역,,,,NNP,*,T,자재하역,*,*,*,*,*
카고크레인,,,,NNP,*,T,카고크레인,*,*,*,*,*
래칫벨트,,,,NNP,*,F,래칫벨트,*,*,*,*,*
적재칸,,,,NNP,*,T,적재칸,*,*,*,*,*
안전시설물,,,,NNP,*,T,안전시설물,*,*,*,*,*
형틀목공,,,,NNP,*,T,형틀목공,*,*,*,*,*
PVC파이프,,,,NNP,*,F,PVC파이프,*,*,*,*,*
연삭날,,,,NNP,*,T,연삭날,*,*,*,*,*
자재정리,,,,NNP,*,F,자재정리,*,*,*,*,*
안면부,,,,NNP,*,F,안면부,*,*,*,*,*
창고동,,,,NNP,*,T,창고동,*,*,*,*,*
철골부,,,,NNP,*,F,철골부,*,*,*,*,*
안전로프,,,,NNP,*,F,안전로프,*,*,*,*,*
철근배근,,,,NNP,*,T,철근배근,*,*,*,*,*
단관파이프,,,,NNP,*,F,단관파이프,*,*,*,*,*
플륨관,,,,NNP,*,T,플륨관,*,*,*,*,*
스카이크레인,,,,NNP,*,T,스카이크레인,*,*,*,*,*
볼트조임,,,,NNP,*,T,볼트조임,*,*,*,*,*
지장전주,,,,NNP,*,F,지장전주,*,*,*,*,*
가설휀스,,,,NNP,*,F,가설휀스,*,*,*,*,*
안전커버,,,,NNP,*,F,안전커버,*,*,*,*,*
톱날접촉예방장치,,,,NNP,*,F,톱날접촉예방장치,*,*,*,*,*
재해발생,,,,NNP,*,T,재해발생,*,*,*,*,*
출하실,,,,NNP,*,T,출하실,*,*,*,*,*
후레타이,,,,NNP,*,F,후레타이,*,*,*,*,*
파렛트카,,,,NNP,*,F,파렛트카,*,*,*,*,*
핸드레일,,,,NNP,*,T,핸드레일,*,*,*,*,*
단면공사,,,,NNP,*,F,단면공사,*,*,*,*,*
절삭장비,,,,NNP,*,F,절삭장비,*,*,*,*,*
스키드로더,,,,NNP,*,F,스키드로더,*,*,*,*,*
적매물,,,,NNP,*,T,적매물,*,*,*,*,*
벽체형틀,,,,NNP,*,T,벽체형틀,*,*,*,*,*
용수관로,,,,NNP,*,F,용수관로,*,*,*,*,*
플랜지,,,,NNP,*,F,플랜지,*,*,*,*,*
원형철판,,,,NNP,*,T,원형철판,*,*,*,*,*
비디아이,,,,NNP,*,F,비디아이,*,*,*,*,*
동화,,,,NNP,*,F,동화,*,*,*,*,*
흄관하역,,,,NNP,*,T,흄관하역,*,*,*,*,*
가교보수작업,,,,NNP,*,T,가교보수작업,*,*,*,*,*
파형강관,,,,NNP,*,T,파형강관,*,*,*,*,*
인부조합,,,,NNP,*,T,인부조합,*,*,*,*,*
건설용리프트,,,,NNP,*,F,건설용리프트,*,*,*,*,*
차량계 하역운반 기계,,,,NNP,*,F,차량계 하역운반 기계,*,*,*,*,*
차량계 건설기계,,,,NNP,*,F,차량계 건설기계,*,*,*,*,*
불티 비산방지포,,,,NNP,*,F,불티 비산방지포,*,*,*,*,*
채광용 주름 플라스틱판,,,,NNP,*,T,채광용 주름 플라스틱판,*,*,*,*,*
목재가공용 둥근톱,,,,NNP,*,T,목재가공용 둥근톱,*,*,*,*,*
중량물 취급작업,,,,NNP,*,T,중량물 취급작업,*,*,*,*,*
달비계 사용작업,,,,NNP,*,T,달비계 사용작업,*,*,*,*,*
고소작업대 사용작업,,,,NNP,*,T,고소작업대 사용작업,*,*,*,*,*
