word,,,,,,T_F,,,,,,
제작장,,,,NNP,*,,제작장,*,*,*,*,*
부등침하,,,,NNP,*,,부등침하,*,*,*,*,*
PSC거더,,,,NNP,*,,PSC거더,*,*,*,*,*
기초콘크리트,,,,NNP,*,,기초콘크리트,*,*,*,*,*
평탄성,,,,NNP,*,,평탄성,*,*,*,*,*
횡방향,,,,NNP,*,,횡방향,*,*,*,*,*
전도방지조치,,,,NNP,*,,전도방지조치,*,*,*,*,*
PS강재,,,,NNP,*,,PS강재,*,*,*,*,*
침하현상,,,,NNP,*,,침하현상,*,*,*,*,*
보의,,,,NNP,*,,보의,*,*,*,*,*
설계도서,,,,NNP,*,,설계도서,*,*,*,*,*
정착장치,,,,NNP,*,,정착장치,*,*,*,*,*
프리스트레스,,,,NNP,*,,프리스트레스,*,*,*,*,*
쉬스관,,,,NNP,*,,쉬스관,*,*,*,*,*
간격재,,,,NNP,*,,간격재,*,*,*,*,*
모르터,,,,NNP,*,,모르터,*,*,*,*,*
포스트텐션,,,,NNP,*,,포스트텐션,*,*,*,*,*
가공 선로,,,,NNP,*,,가공 선로,*,*,*,*,*
감전재해,,,,NNP,*,,감전재해,*,*,*,*,*
방지조치,,,,NNP,*,,방지조치,*,*,*,*,*
정착구,,,,NNP,*,,정착구,*,*,*,*,*
지압면,,,,NNP,*,,지압면,*,*,*,*,*
산소결핍증,,,,NNP,*,,산소결핍증,*,*,*,*,*
일산화탄소,,,,NNP,*,,일산화탄소,*,*,*,*,*
양생쉬트,,,,NNP,*,,양생쉬트,*,*,*,*,*
인장장치,,,,NNP,*,,인장장치,*,*,*,*,*
인장력,,,,NNP,*,,인장력,*,*,*,*,*
최대반력,,,,NNP,*,,최대반력,*,*,*,*,*
작업지휘자,,,,NNP,*,,작업지휘자,*,*,*,*,*
쉬트,,,,NNP,*,,쉬트,*,*,*,*,*
정격하중,,,,NNP,*,,정격하중,*,*,*,*,*
적재,,,,NNP,*,,적재,*,*,*,*,*
선회반경,,,,NNP,*,,선회반경,*,*,*,*,*
운반로,,,,NNP,*,,운반로,*,*,*,*,*
공공도로,,,,NNP,*,,공공도로,*,*,*,*,*
도로사정,,,,NNP,*,,도로사정,*,*,*,*,*
제약조건,,,,NNP,*,,제약조건,*,*,*,*,*
고압송전선,,,,NNP,*,,고압송전선,*,*,*,*,*
통신케이블,,,,NNP,*,,통신케이블,*,*,*,*,*
방호시설,,,,NNP,*,,방호시설,*,*,*,*,*
안전조치,,,,NNP,*,,안전조치,*,*,*,*,*
안전대,,,,NNP,*,,안전대,*,*,*,*,*
개인보호구,,,,NNP,*,,개인보호구,*,*,*,*,*
방호장치,,,,NNP,*,,방호장치,*,*,*,*,*
관리감독자,,,,NNP,*,,관리감독자,*,*,*,*,*
위험요인,,,,NNP,*,,위험요인,*,*,*,*,*
안전수칙,,,,NNP,*,,안전수칙,*,*,*,*,*
출입로,,,,NNP,*,,출입로,*,*,*,*,*
괴고,,,,NNP,*,,괴고,*,*,*,*,*
작업반경,,,,NNP,*,,작업반경,*,*,*,*,*
양중기,,,,NNP,*,,양중기,*,*,*,*,*
정격용량,,,,NNP,*,,정격용량,*,*,*,*,*
작업계획서,,,,NNP,*,,작업계획서,*,*,*,*,*
안전난간,,,,NNP,*,,안전난간,*,*,*,*,*
통로용,,,,NNP,*,,통로용,*,*,*,*,*
다짐상태,,,,NNP,*,,다짐상태,*,*,*,*,*
운전원,,,,NNP,*,,운전원,*,*,*,*,*
해지장치,,,,NNP,*,,해지장치,*,*,*,*,*
권과방지장치,,,,NNP,*,,권과방지장치,*,*,*,*,*
경보장치,,,,NNP,*,,경보장치,*,*,*,*,*
모멘트 리미트,,,,NNP,*,,모멘트 리미트,*,*,*,*,*
운반용,,,,NNP,*,,운반용,*,*,*,*,*
인양로프,,,,NNP,*,,인양로프,*,*,*,*,*
리프팅 홀,,,,NNP,*,,리프팅 홀,*,*,*,*,*
코핑상부,,,,NNP,*,,코핑상부,*,*,*,*,*
삼각프레임,,,,NNP,*,,삼각프레임,*,*,*,*,*
받침쐐기,,,,NNP,*,,받침쐐기,*,*,*,*,*
낙하,,,,NNP,*,,낙하,*,*,*,*,*
방지망,,,,NNP,*,,방지망,*,*,*,*,*
돌출철근,,,,NNP,*,,돌출철근,*,*,*,*,*
방호선반,,,,NNP,*,,방호선반,*,*,*,*,*
접속부,,,,NNP,*,,접속부,*,*,*,*,*
연결볼트,,,,NNP,*,,연결볼트,*,*,*,*,*
체결볼트,,,,NNP,*,,체결볼트,*,*,*,*,*
레일 클램프,,,,NNP,*,,레일 클램프,*,*,*,*,*
지브크레인,,,,NNP,*,,지브크레인,*,*,*,*,*
갱폼,,,,NNP,*,,갱폼,*,*,*,*,*
인양고리,,,,NNP,*,,인양고리,*,*,*,*,*
전하중,,,,NNP,*,,전하중,*,*,*,*,*
냉간 압연,,,,NNP,*,,냉간 압연,*,*,*,*,*
U-벤딩,,,,NNP,*,,U-벤딩,*,*,*,*,*
벤딩,,,,NNP,*,,벤딩,*,*,*,*,*
난간대,,,,NNP,*,,난간대,*,*,*,*,*
추락방호대,,,,NNP,*,,추락방호대,*,*,*,*,*
수직재,,,,NNP,*,,수직재,*,*,*,*,*
각파이프,,,,NNP,*,,각파이프,*,*,*,*,*
브라켓,,,,NNP,*,,브라켓,*,*,*,*,*
띠장재,,,,NNP,*,,띠장재,*,*,*,*,*
익스텐디드 메탈,,,,NNP,*,,익스텐디드 메탈,*,*,*,*,*
압송관,,,,NNP,*,,압송관,*,*,*,*,*
조립용,,,,NNP,*,,조립용,*,*,*,*,*
발판재,,,,NNP,*,,발판재,*,*,*,*,*
볼팅,,,,NNP,*,,볼팅,*,*,*,*,*
진출입로,,,,NNP,*,,진출입로,*,*,*,*,*
이음부,,,,NNP,*,,이음부,*,*,*,*,*
설계도면,,,,NNP,*,,설계도면,*,*,*,*,*
전기배관재,,,,NNP,*,,전기배관재,*,*,*,*,*
형틀부속자재,,,,NNP,*,,형틀부속자재,*,*,*,*,*
낙하물,,,,NNP,*,,낙하물,*,*,*,*,*
수직보호망,,,,NNP,*,,수직보호망,*,*,*,*,*
가설기자재,,,,NNP,*,,가설기자재,*,*,*,*,*
매립볼트,,,,NNP,*,,매립볼트,*,*,*,*,*
폼타이,,,,NNP,*,,폼타이,*,*,*,*,*
유로폼,,,,NNP,*,,유로폼,*,*,*,*,*
앵카,,,,NNP,*,,앵카,*,*,*,*,*
타워크레인,,,,NNP,*,,타워크레인,*,*,*,*,*
체인블록,,,,NNP,*,,체인블록,*,*,*,*,*
턴 버클,,,,NNP,*,,턴 버클,*,*,*,*,*
잔재물,,,,NNP,*,,잔재물,*,*,*,*,*
위험성,,,,NNP,*,,위험성,*,*,*,*,*
후진경보등,,,,NNP,*,,후진경보등,*,*,*,*,*
후방감지기,,,,NNP,*,,후방감지기,*,*,*,*,*
불안정,,,,NNP,*,,불안정,*,*,*,*,*
충전전로,,,,NNP,*,,충전전로,*,*,*,*,*
뿌리분,,,,NNP,*,,뿌리분,*,*,*,*,*
가지주,,,,NNP,*,,가지주,*,*,*,*,*
근원부,,,,NNP,*,,근원부,*,*,*,*,*
비포장도로,,,,NNP,*,,비포장도로,*,*,*,*,*
슬링벨트,,,,NNP,*,,슬링벨트,*,*,*,*,*
샤클,,,,NNP,*,,샤클,*,*,*,*,*
가이식,,,,NNP,*,,가이식,*,*,*,*,*
화물자동차,,,,NNP,*,,화물자동차,*,*,*,*,*
이중적재,,,,NNP,*,,이중적재,*,*,*,*,*
대형목,,,,NNP,*,,대형목,*,*,*,*,*
체인블럭,,,,NNP,*,,체인블럭,*,*,*,*,*
줄걸이,,,,NNP,*,,줄걸이,*,*,*,*,*
목도운반,,,,NNP,*,,목도운반,*,*,*,*,*
근골계질환,,,,NNP,*,,근골계질환,*,*,*,*,*
백호 버켓,,,,NNP,*,,백호 버켓,*,*,*,*,*
탈장착,,,,NNP,*,,탈장착,*,*,*,*,*
마운딩,,,,NNP,*,,마운딩,*,*,*,*,*
양질토,,,,NNP,*,,양질토,*,*,*,*,*
아웃트리거,,,,NNP,*,,아웃트리거,*,*,*,*,*
섬유벨트,,,,NNP,*,,섬유벨트,*,*,*,*,*
식재,,,,NNP,*,,식재,*,*,*,*,*
고무판,,,,NNP,*,,고무판,*,*,*,*,*
지반침하,,,,NNP,*,,지반침하,*,*,*,*,*
보조로프,,,,NNP,*,,보조로프,*,*,*,*,*
근골격계,,,,NNP,*,,근골격계,*,*,*,*,*
방독마스크,,,,NNP,*,,방독마스크,*,*,*,*,*
물질안전보건자료,,,,NNP,*,,물질안전보건자료,*,*,*,*,*
지붕 트러스트,,,,NNP,*,,지붕 트러스트,*,*,*,*,*
지붕판,,,,NNP,*,,지붕판,*,*,*,*,*
강관비계,,,,NNP,*,,강관비계,*,*,*,*,*
시스템비계,,,,NNP,*,,시스템비계,*,*,*,*,*
강관틀비계,,,,NNP,*,,강관틀비계,*,*,*,*,*
추락방호망,,,,NNP,*,,추락방호망,*,*,*,*,*
걸이용,,,,NNP,*,,걸이용,*,*,*,*,*
안전블록,,,,NNP,*,,안전블록,*,*,*,*,*
적합성,,,,NNP,*,,적합성,*,*,*,*,*
고소작업대,,,,NNP,*,,고소작업대,*,*,*,*,*
발끝막이판,,,,NNP,*,,발끝막이판,*,*,*,*,*
안전계수,,,,NNP,*,,안전계수,*,*,*,*,*
휀스,,,,NNP,*,,휀스,*,*,*,*,*
잔해물,,,,NNP,*,,잔해물,*,*,*,*,*
절연용 방호구,,,,NNP,*,,절연용 방호구,*,*,*,*,*
불티,,,,NNP,*,,불티,*,*,*,*,*
비산방지포,,,,NNP,*,,비산방지포,*,*,*,*,*
안전표지판,,,,NNP,*,,안전표지판,*,*,*,*,*
그네식 안전대,,,,NNP,*,,그네식 안전대,*,*,*,*,*
추락방지대,,,,NNP,*,,추락방지대,*,*,*,*,*
로립,,,,NNP,*,,로립,*,*,*,*,*
마닐라로프,,,,NNP,*,,마닐라로프,*,*,*,*,*
지붕보호벽,,,,NNP,*,,지붕보호벽,*,*,*,*,*
강화 절연판,,,,NNP,*,,강화 절연판,*,*,*,*,*
적치대,,,,NNP,*,,적치대,*,*,*,*,*
적재하중,,,,NNP,*,,적재하중,*,*,*,*,*
적재물,,,,NNP,*,,적재물,*,*,*,*,*
채광지붕,,,,NNP,*,,채광지붕,*,*,*,*,*
골마루판,,,,NNP,*,,골마루판,*,*,*,*,*
샌드위치 판넬,,,,NNP,*,,샌드위치 판넬,*,*,*,*,*
조립설명서,,,,NNP,*,,조립설명서,*,*,*,*,*
건설표준시방서,,,,NNP,*,,건설표준시방서,*,*,*,*,*
철재물,,,,NNP,*,,철재물,*,*,*,*,*
멈춤턱,,,,NNP,*,,멈춤턱,*,*,*,*,*
건물주,,,,NNP,*,,건물주,*,*,*,*,*
석공사,,,,NNP,*,,석공사,*,*,*,*,*
안전작업계획서,,,,NNP,*,,안전작업계획서,*,*,*,*,*
양중장비,,,,NNP,*,,양중장비,*,*,*,*,*
구조체,,,,NNP,*,,구조체,*,*,*,*,*
바탕면,,,,NNP,*,,바탕면,*,*,*,*,*
실란트,,,,NNP,*,,실란트,*,*,*,*,*
누전차단기,,,,NNP,*,,누전차단기,*,*,*,*,*
방진마스크,,,,NNP,*,,방진마스크,*,*,*,*,*
윈치,,,,NNP,*,,윈치,*,*,*,*,*
유도로프,,,,NNP,*,,유도로프,*,*,*,*,*
고소작업차,,,,NNP,*,,고소작업차,*,*,*,*,*
시멘트 페이스트,,,,NNP,*,,시멘트 페이스트,*,*,*,*,*
보양재,,,,NNP,*,,보양재,*,*,*,*,*
사춤 모르타르,,,,NNP,*,,사춤 모르타르,*,*,*,*,*
건강장해,,,,NNP,*,,건강장해,*,*,*,*,*
연결철물,,,,NNP,*,,연결철물,*,*,*,*,*
발포 플라스틱,,,,NNP,*,,발포 플라스틱,*,*,*,*,*
줄눈파기,,,,NNP,*,,줄눈파기,*,*,*,*,*
먹매김,,,,NNP,*,,먹매김,*,*,*,*,*
긴결재,,,,NNP,*,,긴결재,*,*,*,*,*
인발력,,,,NNP,*,,인발력,*,*,*,*,*
내장재,,,,NNP,*,,내장재,*,*,*,*,*
증축,,,,NNP,*,,증축,*,*,*,*,*
개축,,,,NNP,*,,개축,*,*,*,*,*
중성화,,,,NNP,*,,중성화,*,*,*,*,*
리모델링,,,,NNP,*,,리모델링,*,*,*,*,*
가공고압선,,,,NNP,*,,가공고압선,*,*,*,*,*
해체물,,,,NNP,*,,해체물,*,*,*,*,*
방음막,,,,NNP,*,,방음막,*,*,*,*,*
방진막,,,,NNP,*,,방진막,*,*,*,*,*
살수설비,,,,NNP,*,,살수설비,*,*,*,*,*
구조기술사,,,,NNP,*,,구조기술사,*,*,*,*,*
안전화,,,,NNP,*,,안전화,*,*,*,*,*
시공성,,,,NNP,*,,시공성,*,*,*,*,*
안전성,,,,NNP,*,,안전성,*,*,*,*,*
경제성,,,,NNP,*,,경제성,*,*,*,*,*
안전방망,,,,NNP,*,,안전방망,*,*,*,*,*
소음성 난청,,,,NNP,*,,소음성 난청,*,*,*,*,*
진동장해,,,,NNP,*,,진동장해,*,*,*,*,*
방진장갑,,,,NNP,*,,방진장갑,*,*,*,*,*
절단톱,,,,NNP,*,,절단톱,*,*,*,*,*
급수설비,,,,NNP,*,,급수설비,*,*,*,*,*
배수설비,,,,NNP,*,,배수설비,*,*,*,*,*
파워쇼벨,,,,NNP,*,,파워쇼벨,*,*,*,*,*
연결구조부,,,,NNP,*,,연결구조부,*,*,*,*,*
워터제트공법,,,,NNP,*,,워터제트공법,*,*,*,*,*
레이저공법,,,,NNP,*,,레이저공법,*,*,*,*,*
분사수,,,,NNP,*,,분사수,*,*,*,*,*
레이저 광선,,,,NNP,*,,레이저 광선,*,*,*,*,*
보호커버,,,,NNP,*,,보호커버,*,*,*,*,*
습식작업,,,,NNP,*,,습식작업,*,*,*,*,*
석면분진,,,,NNP,*,,석면분진,*,*,*,*,*
불침투성,,,,NNP,*,,불침투성,*,*,*,*,*
이동식비계,,,,NNP,*,,이동식비계,*,*,*,*,*
달비계,,,,NNP,*,,달비계,*,*,*,*,*
충진공법,,,,NNP,*,,충진공법,*,*,*,*,*
단면복구공법,,,,NNP,*,,단면복구공법,*,*,*,*,*
전동기계,,,,NNP,*,,전동기계,*,*,*,*,*
전동기구,,,,NNP,*,,전동기구,*,*,*,*,*
부재신설공법,,,,NNP,*,,부재신설공법,*,*,*,*,*
단면증대공법,,,,NNP,*,,단면증대공법,*,*,*,*,*
거푸집 동바리,,,,NNP,*,,거푸집 동바리,*,*,*,*,*
다웰 바,,,,NNP,*,,다웰 바,*,*,*,*,*
보강철근,,,,NNP,*,,보강철근,*,*,*,*,*
탄소섬유시트,,,,NNP,*,,탄소섬유시트,*,*,*,*,*
평활도,,,,NNP,*,,평활도,*,*,*,*,*
언더피닝,,,,NNP,*,,언더피닝,*,*,*,*,*
지하매설물,,,,NNP,*,,지하매설물,*,*,*,*,*
석고보드,,,,NNP,*,,석고보드,*,*,*,*,*
인화성 물질,,,,NNP,*,,인화성 물질,*,*,*,*,*
용접불꽃,,,,NNP,*,,용접불꽃,*,*,*,*,*
점화원,,,,NNP,*,,점화원,*,*,*,*,*
둥근톱,,,,NNP,*,,둥근톱,*,*,*,*,*
날접촉,,,,NNP,*,,날접촉,*,*,*,*,*
타정총,,,,NNP,*,,타정총,*,*,*,*,*
핸드커터,,,,NNP,*,,핸드커터,*,*,*,*,*
도장작업,,,,NNP,*,,도장작업,*,*,*,*,*
이동식사다리,,,,NNP,*,,이동식사다리,*,*,*,*,*
말비계,,,,NNP,*,,말비계,*,*,*,*,*
지재부재,,,,NNP,*,,지재부재,*,*,*,*,*
미끄럼방지장치,,,,NNP,*,,미끄럼방지장치,*,*,*,*,*
차량탑재형,,,,NNP,*,,차량탑재형,*,*,*,*,*
시저형,,,,NNP,*,,시저형,*,*,*,*,*
기타 조적작업,,,,NNP,*,,기타 조적작업,*,*,*,*,*
용접작업,,,,NNP,*,,용접작업,*,*,*,*,*
목재가공작업,,,,NNP,*,,목재가공작업,*,*,*,*,*
타일작업,,,,NNP,*,,타일작업,*,*,*,*,*
도배작업,,,,NNP,*,,도배작업,*,*,*,*,*
중량물,,,,NNP,*,,중량물,*,*,*,*,*
외장작업,,,,NNP,*,,외장작업,*,*,*,*,*
한국산업안전보건공단,,,,NNP,*,,한국산업안전보건공단,*,*,*,*,*
최대허용하중,,,,NNP,*,,최대허용하중,*,*,*,*,*
송기마스크,,,,NNP,*,,송기마스크,*,*,*,*,*
호흡용 보호구,,,,NNP,*,,호흡용 보호구,*,*,*,*,*
용단작업,,,,NNP,*,,용단작업,*,*,*,*,*
LPG,,,,NNP,*,,LPG,*,*,*,*,*
화약류,,,,NNP,*,,화약류,*,*,*,*,*
가연성물질,,,,NNP,*,,가연성물질,*,*,*,*,*
캡타이어 케이블,,,,NNP,*,,캡타이어 케이블,*,*,*,*,*
헤드가드,,,,NNP,*,,헤드가드,*,*,*,*,*
파이프서포트,,,,NNP,*,,파이프서포트,*,*,*,*,*
트럭 탑재형 크레인,,,,NNP,*,,트럭 탑재형 크레인,*,*,*,*,*
충격하중,,,,NNP,*,,충격하중,*,*,*,*,*
풍하중,,,,NNP,*,,풍하중,*,*,*,*,*
장비하중,,,,NNP,*,,장비하중,*,*,*,*,*
절곡형,,,,NNP,*,,절곡형,*,*,*,*,*
작업대차,,,,NNP,*,,작업대차,*,*,*,*,*
교축방향,,,,NNP,*,,교축방향,*,*,*,*,*
교축직각방향,,,,NNP,*,,교축직각방향,*,*,*,*,*
이동하중,,,,NNP,*,,이동하중,*,*,*,*,*
KS규격,,,,NNP,*,,KS규격,*,*,*,*,*
압축강도,,,,NNP,*,,압축강도,*,*,*,*,*
인장강도,,,,NNP,*,,인장강도,*,*,*,*,*
전단강도,,,,NNP,*,,전단강도,*,*,*,*,*
볼트이음,,,,NNP,*,,볼트이음,*,*,*,*,*
용접이음,,,,NNP,*,,용접이음,*,*,*,*,*
핀 이음,,,,NNP,*,,핀 이음,*,*,*,*,*
편심하중,,,,NNP,*,,편심하중,*,*,*,*,*
카운터 웨이트,,,,NNP,*,,카운터 웨이트,*,*,*,*,*
구동바퀴,,,,NNP,*,,구동바퀴,*,*,*,*,*
구동장치,,,,NNP,*,,구동장치,*,*,*,*,*
양단 지지형,,,,NNP,*,,양단 지지형,*,*,*,*,*
전동기계기구,,,,NNP,*,,전동기계기구,*,*,*,*,*
고압전선로,,,,NNP,*,,고압전선로,*,*,*,*,*
인근구조물,,,,NNP,*,,인근구조물,*,*,*,*,*
안전장구,,,,NNP,*,,안전장구,*,*,*,*,*
주행레일,,,,NNP,*,,주행레일,*,*,*,*,*
기계부,,,,NNP,*,,기계부,*,*,*,*,*
기계구동판,,,,NNP,*,,기계구동판,*,*,*,*,*
전동기 브레이크,,,,NNP,*,,전동기 브레이크,*,*,*,*,*
손망실,,,,NNP,*,,손망실,*,*,*,*,*
전기 배선,,,,NNP,*,,전기 배선,*,*,*,*,*
정격전류,,,,NNP,*,,정격전류,*,*,*,*,*
절연전선,,,,NNP,*,,절연전선,*,*,*,*,*
마스트 지지대,,,,NNP,*,,마스트 지지대,*,*,*,*,*
랙기어,,,,NNP,*,,랙기어,*,*,*,*,*
피니언기어,,,,NNP,*,,피니언기어,*,*,*,*,*
과부하방지장치,,,,NNP,*,,과부하방지장치,*,*,*,*,*
연결핀,,,,NNP,*,,연결핀,*,*,*,*,*
구름방지장치,,,,NNP,*,,구름방지장치,*,*,*,*,*
매설물,,,,NNP,*,,매설물,*,*,*,*,*
항타,,,,NNP,*,,항타,*,*,*,*,*
시험굴착,,,,NNP,*,,시험굴착,*,*,*,*,*
매달기 방호,,,,NNP,*,,매달기 방호,*,*,*,*,*
받침방호,,,,NNP,*,,받침방호,*,*,*,*,*
되메우기,,,,NNP,*,,되메우기,*,*,*,*,*
인력 굴착,,,,NNP,*,,인력 굴착,*,*,*,*,*
줄파기 작업,,,,NNP,*,,줄파기 작업,*,*,*,*,*
인력줄파기,,,,NNP,*,,인력줄파기,*,*,*,*,*
가스관 탐지기,,,,NNP,*,,가스관 탐지기,*,*,*,*,*
가스배관,,,,NNP,*,,가스배관,*,*,*,*,*
현황도,,,,NNP,*,,현황도,*,*,*,*,*
제수밸브,,,,NNP,*,,제수밸브,*,*,*,*,*
동결심도,,,,NNP,*,,동결심도,*,*,*,*,*
관접합부,,,,NNP,*,,관접합부,*,*,*,*,*
토류판,,,,NNP,*,,토류판,*,*,*,*,*
소형 브레이커,,,,NNP,*,,소형 브레이커,*,*,*,*,*
지반개량 작업,,,,NNP,*,,지반개량 작업,*,*,*,*,*
흙막이 지보공,,,,NNP,*,,흙막이 지보공,*,*,*,*,*
백호우,,,,NNP,*,,백호우,*,*,*,*,*
자동경보기,,,,NNP,*,,자동경보기,*,*,*,*,*
굴착공사,,,,NNP,*,,굴착공사,*,*,*,*,*
굴착사면,,,,NNP,*,,굴착사면,*,*,*,*,*
안전기울기,,,,NNP,*,,안전기울기,*,*,*,*,*
자연지반,,,,NNP,*,,자연지반,*,*,*,*,*
불균질,,,,NNP,*,,불균질,*,*,*,*,*
리핑암,,,,NNP,*,,리핑암,*,*,*,*,*
발파암,,,,NNP,*,,발파암,*,*,*,*,*
보통암,,,,NNP,*,,보통암,*,*,*,*,*
경암질,,,,NNP,*,,경암질,*,*,*,*,*
지표지질조사,,,,NNP,*,,지표지질조사,*,*,*,*,*
시추조사,,,,NNP,*,,시추조사,*,*,*,*,*
안정해석,,,,NNP,*,,안정해석,*,*,*,*,*
노두조사,,,,NNP,*,,노두조사,*,*,*,*,*
코아회수율,,,,NNP,*,,코아회수율,*,*,*,*,*
RQD,,,,NNP,*,,RQD,*,*,*,*,*
표준관입시험,,,,NNP,*,,표준관입시험,*,*,*,*,*
TCR,,,,NNP,*,,TCR,*,*,*,*,*
지질해머,,,,NNP,*,,지질해머,*,*,*,*,*
슈미트 해머,,,,NNP,*,,슈미트 해머,*,*,*,*,*
반발치,,,,NNP,*,,반발치,*,*,*,*,*
탄성파속도,,,,NNP,*,,탄성파속도,*,*,*,*,*
점하중강도,,,,NNP,*,,점하중강도,*,*,*,*,*
일축압축강도시험,,,,NNP,*,,일축압축강도시험,*,*,*,*,*
암판정,,,,NNP,*,,암판정,*,*,*,*,*
유도 배수로,,,,NNP,*,,유도 배수로,*,*,*,*,*
준설사면,,,,NNP,*,,준설사면,*,*,*,*,*
원호활동,,,,NNP,*,,원호활동,*,*,*,*,*
런칭거더,,,,NNP,*,,런칭거더,*,*,*,*,*
겐츄리크레인,,,,NNP,*,,겐츄리크레인,*,*,*,*,*
동적하중,,,,NNP,*,,동적하중,*,*,*,*,*
순방향,,,,NNP,*,,순방향,*,*,*,*,*
처짐량,,,,NNP,*,,처짐량,*,*,*,*,*
힌지부,,,,NNP,*,,힌지부,*,*,*,*,*
노즈 힌지부,,,,NNP,*,,노즈 힌지부,*,*,*,*,*
비파괴검사,,,,NNP,*,,비파괴검사,*,*,*,*,*
안전인증,,,,NNP,*,,안전인증,*,*,*,*,*
분배전반,,,,NNP,*,,분배전반,*,*,*,*,*
인장응력,,,,NNP,*,,인장응력,*,*,*,*,*
등판각도,,,,NNP,*,,등판각도,*,*,*,*,*
회전반경,,,,NNP,*,,회전반경,*,*,*,*,*
스프레더빔,,,,NNP,*,,스프레더빔,*,*,*,*,*
행잉빔,,,,NNP,*,,행잉빔,*,*,*,*,*
회전 모먼트,,,,NNP,*,,회전 모먼트,*,*,*,*,*
도심축,,,,NNP,*,,도심축,*,*,*,*,*
키 세그먼트,,,,NNP,*,,키 세그먼트,*,*,*,*,*
믹서트럭,,,,NNP,*,,믹서트럭,*,*,*,*,*
강연성,,,,NNP,*,,강연성,*,*,*,*,*
쉬즈관,,,,NNP,*,,쉬즈관,*,*,*,*,*
그라우트재,,,,NNP,*,,그라우트재,*,*,*,*,*
잔류수,,,,NNP,*,,잔류수,*,*,*,*,*
휴먼에러,,,,NNP,*,,휴먼에러,*,*,*,*,*
런칭작업,,,,NNP,*,,런칭작업,*,*,*,*,*
전도붕괴,,,,NNP,*,,전도붕괴,*,*,*,*,*
유압장비,,,,NNP,*,,유압장비,*,*,*,*,*
유압호스,,,,NNP,*,,유압호스,*,*,*,*,*
가이드 플레이트,,,,NNP,*,,가이드 플레이트,*,*,*,*,*
테프론,,,,NNP,*,,테프론,*,*,*,*,*
메인써포트,,,,NNP,*,,메인써포트,*,*,*,*,*
지지기둥,,,,NNP,*,,지지기둥,*,*,*,*,*
탄성 슈,,,,NNP,*,,탄성 슈,*,*,*,*,*
피어 세그먼트,,,,NNP,*,,피어 세그먼트,*,*,*,*,*
곡선부,,,,NNP,*,,곡선부,*,*,*,*,*
피뢰설비,,,,NNP,*,,피뢰설비,*,*,*,*,*
급운행,,,,NNP,*,,급운행,*,*,*,*,*
급하강,,,,NNP,*,,급하강,*,*,*,*,*
노즈 이음부,,,,NNP,*,,노즈 이음부,*,*,*,*,*
트러스 노즈 개구부,,,,NNP,*,,트러스 노즈 개구부,*,*,*,*,*
노즈 상단 개구부,,,,NNP,*,,노즈 상단 개구부,*,*,*,*,*
노즈 이음부 상단 개구부,,,,NNP,*,,노즈 이음부 상단 개구부,*,*,*,*,*
관로매설공사,,,,NNP,*,,관로매설공사,*,*,*,*,*
좌표측량,,,,NNP,*,,좌표측량,*,*,*,*,*
관로동선,,,,NNP,*,,관로동선,*,*,*,*,*
상하수도관,,,,NNP,*,,상하수도관,*,*,*,*,*
도시가스관,,,,NNP,*,,도시가스관,*,*,*,*,*
전기정보통신관,,,,NNP,*,,전기정보통신관,*,*,*,*,*
열배관,,,,NNP,*,,열배관,*,*,*,*,*
방호울타리,,,,NNP,*,,방호울타리,*,*,*,*,*
폐자재,,,,NNP,*,,폐자재,*,*,*,*,*
후진경보기,,,,NNP,*,,후진경보기,*,*,*,*,*
후방카메라,,,,NNP,*,,후방카메라,*,*,*,*,*
굴착면,,,,NNP,*,,굴착면,*,*,*,*,*
지장물,,,,NNP,*,,지장물,*,*,*,*,*
가스관,,,,NNP,*,,가스관,*,*,*,*,*
굴착토사,,,,NNP,*,,굴착토사,*,*,*,*,*
수중펌프,,,,NNP,*,,수중펌프,*,*,*,*,*
벨트콘베이어,,,,NNP,*,,벨트콘베이어,*,*,*,*,*
공기호흡기,,,,NNP,*,,공기호흡기,*,*,*,*,*
도시가스,,,,NNP,*,,도시가스,*,*,*,*,*
인화성가스,,,,NNP,*,,인화성가스,*,*,*,*,*
황화수소,,,,NNP,*,,황화수소,*,*,*,*,*
유해가스,,,,NNP,*,,유해가스,*,*,*,*,*
토류벽,,,,NNP,*,,토류벽,*,*,*,*,*
구름멈춤대,,,,NNP,*,,구름멈춤대,*,*,*,*,*
퀵커플러,,,,NNP,*,,퀵커플러,*,*,*,*,*
타이어롤러,,,,NNP,*,,타이어롤러,*,*,*,*,*
머캐덤롤러,,,,NNP,*,,머캐덤롤러,*,*,*,*,*
탠덤롤러,,,,NNP,*,,탠덤롤러,*,*,*,*,*
관로 매설공사,,,,NNP,*,,관로 매설공사,*,*,*,*,*
유압식 추진공법,,,,NNP,*,,유압식 추진공법,*,*,*,*,*
반력벽,,,,NNP,*,,반력벽,*,*,*,*,*
추진 받침대,,,,NNP,*,,추진 받침대,*,*,*,*,*
선도관,,,,NNP,*,,선도관,*,*,*,*,*
추진관,,,,NNP,*,,추진관,*,*,*,*,*
잔토처리설비,,,,NNP,*,,잔토처리설비,*,*,*,*,*
토사반출,,,,NNP,*,,토사반출,*,*,*,*,*
통신선로,,,,NNP,*,,통신선로,*,*,*,*,*
파이프 루프 공법,,,,NNP,*,,파이프 루프 공법,*,*,*,*,*
그라우팅 공법,,,,NNP,*,,그라우팅 공법,*,*,*,*,*
안전장갑,,,,NNP,*,,안전장갑,*,*,*,*,*
펌프 카,,,,NNP,*,,펌프 카,*,*,*,*,*
받침목,,,,NNP,*,,받침목,*,*,*,*,*
크레인 붐,,,,NNP,*,,크레인 붐,*,*,*,*,*
협착,,,,NNP,*,,협착,*,*,*,*,*
콘크리트옹벽,,,,NNP,*,,콘크리트옹벽,*,*,*,*,*
지반개량,,,,NNP,*,,지반개량,*,*,*,*,*
지지말뚝,,,,NNP,*,,지지말뚝,*,*,*,*,*
H형강,,,,NNP,*,,H형강,*,*,*,*,*
편심추력,,,,NNP,*,,편심추력,*,*,*,*,*
체크벨브,,,,NNP,*,,체크벨브,*,*,*,*,*
다이얼게이지,,,,NNP,*,,다이얼게이지,*,*,*,*,*
타켓트,,,,NNP,*,,타켓트,*,*,*,*,*
진입부,,,,NNP,*,,진입부,*,*,*,*,*
원지반,,,,NNP,*,,원지반,*,*,*,*,*
지수제,,,,NNP,*,,지수제,*,*,*,*,*
윤활재,,,,NNP,*,,윤활재,*,*,*,*,*
배토량,,,,NNP,*,,배토량,*,*,*,*,*
토피고,,,,NNP,*,,토피고,*,*,*,*,*
추진압력,,,,NNP,*,,추진압력,*,*,*,*,*
추진속도,,,,NNP,*,,추진속도,*,*,*,*,*
대차,,,,NNP,*,,대차,*,*,*,*,*
가이드 레일,,,,NNP,*,,가이드 레일,*,*,*,*,*
유압펌프,,,,NNP,*,,유압펌프,*,*,*,*,*
소켓류,,,,NNP,*,,소켓류,*,*,*,*,*
냉각 팬,,,,NNP,*,,냉각 팬,*,*,*,*,*
갱내,,,,NNP,*,,갱내,*,*,*,*,*
옥외 방수형,,,,NNP,*,,옥외 방수형,*,*,*,*,*
이격 거리,,,,NNP,*,,이격 거리,*,*,*,*,*
지보공,,,,NNP,*,,지보공,*,*,*,*,*
굴착토,,,,NNP,*,,굴착토,*,*,*,*,*
회전 반경,,,,NNP,*,,회전 반경,*,*,*,*,*
경광등,,,,NNP,*,,경광등,*,*,*,*,*
가설대,,,,NNP,*,,가설대,*,*,*,*,*
간극수압,,,,NNP,*,,간극수압,*,*,*,*,*
주입압,,,,NNP,*,,주입압,*,*,*,*,*
주입압량,,,,NNP,*,,주입압량,*,*,*,*,*
본관용,,,,NNP,*,,본관용,*,*,*,*,*
부력 방지대,,,,NNP,*,,부력 방지대,*,*,*,*,*
지수활제,,,,NNP,*,,지수활제,*,*,*,*,*
마감철판,,,,NNP,*,,마감철판,*,*,*,*,*
강관 캡,,,,NNP,*,,강관 캡,*,*,*,*,*
햄머드릴,,,,NNP,*,,햄머드릴,*,*,*,*,*
공기배출구,,,,NNP,*,,공기배출구,*,*,*,*,*
RCD,,,,NNP,*,,RCD,*,*,*,*,*
가이드 프레임,,,,NNP,*,,가이드 프레임,*,*,*,*,*
지반보강,,,,NNP,*,,지반보강,*,*,*,*,*
SCP,,,,NNP,*,,SCP,*,*,*,*,*
CDM,,,,NNP,*,,CDM,*,*,*,*,*
압밀침하,,,,NNP,*,,압밀침하,*,*,*,*,*
재하시험,,,,NNP,*,,재하시험,*,*,*,*,*
수상복,,,,NNP,*,,수상복,*,*,*,*,*
송기설비,,,,NNP,*,,송기설비,*,*,*,*,*
Slime,,,,NNP,*,,Slime,*,*,*,*,*
침전조,,,,NNP,*,,침전조,*,*,*,*,*
주철근,,,,NNP,*,,주철근,*,*,*,*,*
원형틀,,,,NNP,*,,원형틀,*,*,*,*,*
조석간만,,,,NNP,*,,조석간만,*,*,*,*,*
제반 여건,,,,NNP,*,,제반 여건,*,*,*,*,*
하천류,,,,NNP,*,,하천류,*,*,*,*,*
부유토,,,,NNP,*,,부유토,*,*,*,*,*
잠수작업,,,,NNP,*,,잠수작업,*,*,*,*,*
호스절단,,,,NNP,*,,호스절단,*,*,*,*,*
잠수기구,,,,NNP,*,,잠수기구,*,*,*,*,*
공기압축기,,,,NNP,*,,공기압축기,*,*,*,*,*
송기관,,,,NNP,*,,송기관,*,*,*,*,*
압력조정기,,,,NNP,*,,압력조정기,*,*,*,*,*
콤푸레샤,,,,NNP,*,,콤푸레샤,*,*,*,*,*
예비공기조,,,,NNP,*,,예비공기조,*,*,*,*,*
공기청정기,,,,NNP,*,,공기청정기,*,*,*,*,*
공기호스,,,,NNP,*,,공기호스,*,*,*,*,*
수심측정기,,,,NNP,*,,수심측정기,*,*,*,*,*
잠수용,,,,NNP,*,,잠수용,*,*,*,*,*
수중전화,,,,NNP,*,,수중전화,*,*,*,*,*
송기량,,,,NNP,*,,송기량,*,*,*,*,*
수상구명복,,,,NNP,*,,수상구명복,*,*,*,*,*
해상기초 작업,,,,NNP,*,,해상기초 작업,*,*,*,*,*
주탑,,,,NNP,*,,주탑,*,*,*,*,*
줄걸이용,,,,NNP,*,,줄걸이용,*,*,*,*,*
적재슈트,,,,NNP,*,,적재슈트,*,*,*,*,*
콘크리트 펌프카,,,,NNP,*,,콘크리트 펌프카,*,*,*,*,*
플렉시블 호스,,,,NNP,*,,플렉시블 호스,*,*,*,*,*
스폰지볼,,,,NNP,*,,스폰지볼,*,*,*,*,*
포터블 펌프,,,,NNP,*,,포터블 펌프,*,*,*,*,*
벽이음,,,,NNP,*,,벽이음,*,*,*,*,*
카고 크레인,,,,NNP,*,,카고 크레인,*,*,*,*,*
받침철물,,,,NNP,*,,받침철물,*,*,*,*,*
잭베이스,,,,NNP,*,,잭베이스,*,*,*,*,*
밑둥잡이,,,,NNP,*,,밑둥잡이,*,*,*,*,*
합성섬유,,,,NNP,*,,합성섬유,*,*,*,*,*
달줄,,,,NNP,*,,달줄,*,*,*,*,*
달포대,,,,NNP,*,,달포대,*,*,*,*,*
전복선,,,,NNP,*,,전복선,*,*,*,*,*
풋스위치,,,,NNP,*,,풋스위치,*,*,*,*,*
상승이동빙지장치,,,,NNP,*,,상승이동빙지장치,*,*,*,*,*
주행차단장치,,,,NNP,*,,주행차단장치,*,*,*,*,*
과상승방지대,,,,NNP,*,,과상승방지대,*,*,*,*,*
비상정지장치,,,,NNP,*,,비상정지장치,*,*,*,*,*
기동 스위치,,,,NNP,*,,기동 스위치,*,*,*,*,*
MSDS,,,,NNP,*,,MSDS,*,*,*,*,*
등받이 울,,,,NNP,*,,등받이 울,*,*,*,*,*
핸드그라인더,,,,NNP,*,,핸드그라인더,*,*,*,*,*
교류아크용접기,,,,NNP,*,,교류아크용접기,*,*,*,*,*
PE관,,,,NNP,*,,PE관,*,*,*,*,*
역구배,,,,NNP,*,,역구배,*,*,*,*,*
굴착선단부,,,,NNP,*,,굴착선단부,*,*,*,*,*
쉬트파일,,,,NNP,*,,쉬트파일,*,*,*,*,*
버킷 굴삭기,,,,NNP,*,,버킷 굴삭기,*,*,*,*,*
세륜기,,,,NNP,*,,세륜기,*,*,*,*,*
C.I.P,,,,NNP,*,,C.I.P,*,*,*,*,*
버팀보,,,,NNP,*,,버팀보,*,*,*,*,*
침하계,,,,NNP,*,,침하계,*,*,*,*,*
응력계,,,,NNP,*,,응력계,*,*,*,*,*
지하매설관,,,,NNP,*,,지하매설관,*,*,*,*,*
H-Pile,,,,NNP,*,,H-Pile,*,*,*,*,*
트레미관,,,,NNP,*,,트레미관,*,*,*,*,*
세정수,,,,NNP,*,,세정수,*,*,*,*,*
M.S.G,,,,NNP,*,,M.S.G,*,*,*,*,*
S.G.R,,,,NNP,*,,S.G.R,*,*,*,*,*
L.W,,,,NNP,*,,L.W,*,*,*,*,*
J.S.P,,,,NNP,*,,J.S.P,*,*,*,*,*
C.C.P,,,,NNP,*,,C.C.P,*,*,*,*,*
권상드럼,,,,NNP,*,,권상드럼,*,*,*,*,*
C형강,,,,NNP,*,,C형강,*,*,*,*,*
와인더,,,,NNP,*,,와인더,*,*,*,*,*
리밋스위치,,,,NNP,*,,리밋스위치,*,*,*,*,*
블록 스토퍼,,,,NNP,*,,블록 스토퍼,*,*,*,*,*
자동 수평 조절장치,,,,NNP,*,,자동 수평 조절장치,*,*,*,*,*
전자식 수평 조절장치,,,,NNP,*,,전자식 수평 조절장치,*,*,*,*,*
전자식 과전류 계전기,,,,NNP,*,,전자식 과전류 계전기,*,*,*,*,*
이상음,,,,NNP,*,,이상음,*,*,*,*,*
전동식,,,,NNP,*,,전동식,*,*,*,*,*
매스콘크리트,,,,NNP,*,,매스콘크리트,*,*,*,*,*
상승계수,,,,NNP,*,,상승계수,*,*,*,*,*
Pipe cooling,,,,NNP,*,,Pipe cooling,*,*,*,*,*
쉬스,,,,NNP,*,,쉬스,*,*,*,*,*
PS강선축,,,,NNP,*,,PS강선축,*,*,*,*,*
탑기부,,,,NNP,*,,탑기부,*,*,*,*,*
단블럭,,,,NNP,*,,단블럭,*,*,*,*,*
Metal Touch,,,,NNP,*,,Metal Touch,*,*,*,*,*
선상 결박작업,,,,NNP,*,,선상 결박작업,*,*,*,*,*
콘크리트 페이스트,,,,NNP,*,,콘크리트 페이스트,*,*,*,*,*
진동다짐기,,,,NNP,*,,진동다짐기,*,*,*,*,*
프리캠버,,,,NNP,*,,프리캠버,*,*,*,*,*
캐트워크,,,,NNP,*,,캐트워크,*,*,*,*,*
스톰 로프,,,,NNP,*,,스톰 로프,*,*,*,*,*
케이블 포머,,,,NNP,*,,케이블 포머,*,*,*,*,*
새들,,,,NNP,*,,새들,*,*,*,*,*
셋백,,,,NNP,*,,셋백,*,*,*,*,*
스퀴징,,,,NNP,*,,스퀴징,*,*,*,*,*
용접지그,,,,NNP,*,,용접지그,*,*,*,*,*
자동전격방지기,,,,NNP,*,,자동전격방지기,*,*,*,*,*
보강트러스,,,,NNP,*,,보강트러스,*,*,*,*,*
해상크레인,,,,NNP,*,,해상크레인,*,*,*,*,*
리프팅 갠트리,,,,NNP,*,,리프팅 갠트리,*,*,*,*,*
준불연,,,,NNP,*,,준불연,*,*,*,*,*
인화성,,,,NNP,*,,인화성,*,*,*,*,*
산화성,,,,NNP,*,,산화성,*,*,*,*,*
가연성,,,,NNP,*,,가연성,*,*,*,*,*
자동제세동기,,,,NNP,*,,자동제세동기,*,*,*,*,*
심폐소생술,,,,NNP,*,,심폐소생술,*,*,*,*,*
합성수지류,,,,NNP,*,,합성수지류,*,*,*,*,*
ACS폼,,,,NNP,*,,ACS폼,*,*,*,*,*
피난구,,,,NNP,*,,피난구,*,*,*,*,*
밀리칸델라,,,,NNP,*,,밀리칸델라,*,*,*,*,*
커튼월,,,,NNP,*,,커튼월,*,*,*,*,*
건식연마작업,,,,NNP,*,,건식연마작업,*,*,*,*,*
꽂음접속기,,,,NNP,*,,꽂음접속기,*,*,*,*,*
옹이,,,,NNP,*,,옹이,*,*,*,*,*
작업의자형,,,,NNP,*,,작업의자형,*,*,*,*,*
P.P 로프,,,,NNP,*,,P.P 로프,*,*,*,*,*
P.E 로프,,,,NNP,*,,P.E 로프,*,*,*,*,*
고정점,,,,NNP,*,,고정점,*,*,*,*,*
8자매듭법,,,,NNP,*,,8자매듭법,*,*,*,*,*
카라비나,,,,NNP,*,,카라비나,*,*,*,*,*
트럭 크레인,,,,NNP,*,,트럭 크레인,*,*,*,*,*
자주식,,,,NNP,*,,자주식,*,*,*,*,*
주행체,,,,NNP,*,,주행체,*,*,*,*,*
선회체,,,,NNP,*,,선회체,*,*,*,*,*
승차석,,,,NNP,*,,승차석,*,*,*,*,*
선단부,,,,NNP,*,,선단부,*,*,*,*,*
인양물,,,,NNP,*,,인양물,*,*,*,*,*
보강토,,,,NNP,*,,보강토,*,*,*,*,*
뒷채움재,,,,NNP,*,,뒷채움재,*,*,*,*,*
통과백분률,,,,NNP,*,,통과백분률,*,*,*,*,*
내부마찰각,,,,NNP,*,,내부마찰각,*,*,*,*,*
유용토,,,,NNP,*,,유용토,*,*,*,*,*
표준삼축압축강도시험,,,,NNP,*,,표준삼축압축강도시험,*,*,*,*,*
전단시험,,,,NNP,*,,전단시험,*,*,*,*,*
보차도용,,,,NNP,*,,보차도용,*,*,*,*,*
결속봉,,,,NNP,*,,결속봉,*,*,*,*,*
소일네일링,,,,NNP,*,,소일네일링,*,*,*,*,*
앵커체,,,,NNP,*,,앵커체,*,*,*,*,*
터파기,,,,NNP,*,,터파기,*,*,*,*,*
인양공,,,,NNP,*,,인양공,*,*,*,*,*
띠형,,,,NNP,*,,띠형,*,*,*,*,*
겹이음,,,,NNP,*,,겹이음,*,*,*,*,*
방청재,,,,NNP,*,,방청재,*,*,*,*,*
배수재,,,,NNP,*,,배수재,*,*,*,*,*
용출수,,,,NNP,*,,용출수,*,*,*,*,*
비산차단벽,,,,NNP,*,,비산차단벽,*,*,*,*,*
용접방화포,,,,NNP,*,,용접방화포,*,*,*,*,*
산업안전보건법,,,,NNP,*,,산업안전보건법,*,*,*,*,*
대기환경보전법,,,,NNP,*,,대기환경보전법,*,*,*,*,*
폐기물관리법,,,,NNP,*,,폐기물관리법,*,*,*,*,*
크롤러크레인,,,,NNP,*,,크롤러크레인,*,*,*,*,*
후레임,,,,NNP,*,,후레임,*,*,*,*,*
팽창압,,,,NNP,*,,팽창압,*,*,*,*,*
하이드로잭,,,,NNP,*,,하이드로잭,*,*,*,*,*
재키,,,,NNP,*,,재키,*,*,*,*,*
쐐기타입기,,,,NNP,*,,쐐기타입기,*,*,*,*,*
절단줄톱,,,,NNP,*,,절단줄톱,*,*,*,*,*
절삭날,,,,NNP,*,,절삭날,*,*,*,*,*
줄톱,,,,NNP,*,,줄톱,*,*,*,*,*
배관보온재,,,,NNP,*,,배관보온재,*,*,*,*,*
폭풍압,,,,NNP,*,,폭풍압,*,*,*,*,*
차단막,,,,NNP,*,,차단막,*,*,*,*,*
자립고,,,,NNP,*,,자립고,*,*,*,*,*
Jib,,,,NNP,*,,Jib,*,*,*,*,*
Tip load,,,,NNP,*,,Tip load,*,*,*,*,*
텔레스코픽,,,,NNP,*,,텔레스코픽,*,*,*,*,*
토크렌치,,,,NNP,*,,토크렌치,*,*,*,*,*
내역서,,,,NNP,*,,내역서,*,*,*,*,*
질의회시,,,,NNP,*,,질의회시,*,*,*,*,*
공사시방서,,,,NNP,*,,공사시방서,*,*,*,*,*
물량내역서,,,,NNP,*,,물량내역서,*,*,*,*,*
건축구조기술사,,,,NNP,*,,건축구조기술사,*,*,*,*,*
토목구조기술사,,,,NNP,*,,토목구조기술사,*,*,*,*,*
토질 및 기초기술사,,,,NNP,*,,토질 및 기초기술사,*,*,*,*,*
건설기계기술사,,,,NNP,*,,건설기계기술사,*,*,*,*,*
일위대가,,,,NNP,*,,일위대가,*,*,*,*,*
반중력식,,,,NNP,*,,반중력식,*,*,*,*,*
역T형,,,,NNP,*,,역T형,*,*,*,*,*
L형,,,,NNP,*,,L형,*,*,*,*,*
풍화암,,,,NNP,*,,풍화암,*,*,*,*,*
장철근,,,,NNP,*,,장철근,*,*,*,*,*
깔목,,,,NNP,*,,깔목,*,*,*,*,*
외함접지,,,,NNP,*,,외함접지,*,*,*,*,*
붐대,,,,NNP,*,,붐대,*,*,*,*,*
특고압,,,,NNP,*,,특고압,*,*,*,*,*
브랭킷,,,,NNP,*,,브랭킷,*,*,*,*,*
되메움,,,,NNP,*,,되메움,*,*,*,*,*
드레인보드,,,,NNP,*,,드레인보드,*,*,*,*,*
컴팩터,,,,NNP,*,,컴팩터,*,*,*,*,*
래머,,,,NNP,*,,래머,*,*,*,*,*
포크레인,,,,NNP,*,,포크레인,*,*,*,*,*
특기시방,,,,NNP,*,,특기시방,*,*,*,*,*
뿜어 붙이기,,,,NNP,*,,뿜어 붙이기,*,*,*,*,*
주입재,,,,NNP,*,,주입재,*,*,*,*,*
스페이서,,,,NNP,*,,스페이서,*,*,*,*,*
포틀랜드 시멘트,,,,NNP,*,,포틀랜드 시멘트,*,*,*,*,*
조강 포틀랜드 시멘트,,,,NNP,*,,조강 포틀랜드 시멘트,*,*,*,*,*
뿜어붙이기,,,,NNP,*,,뿜어붙이기,*,*,*,*,*
지하수위계,,,,NNP,*,,지하수위계,*,*,*,*,*
상수관,,,,NNP,*,,상수관,*,*,*,*,*
어스 앵커,,,,NNP,*,,어스 앵커,*,*,*,*,*
이상토압,,,,NNP,*,,이상토압,*,*,*,*,*
정착장,,,,NNP,*,,정착장,*,*,*,*,*
자유장,,,,NNP,*,,자유장,*,*,*,*,*
엄지말뚝,,,,NNP,*,,엄지말뚝,*,*,*,*,*
검교정,,,,NNP,*,,검교정,*,*,*,*,*
늘음량,,,,NNP,*,,늘음량,*,*,*,*,*
상재하중,,,,NNP,*,,상재하중,*,*,*,*,*
제거식,,,,NNP,*,,제거식,*,*,*,*,*
유공강판,,,,NNP,*,,유공강판,*,*,*,*,*
방호울,,,,NNP,*,,방호울,*,*,*,*,*
대블럭,,,,NNP,*,,대블럭,*,*,*,*,*
플로팅 크레인,,,,NNP,*,,플로팅 크레인,*,*,*,*,*
강아치교,,,,NNP,*,,강아치교,*,*,*,*,*
아치리브,,,,NNP,*,,아치리브,*,*,*,*,*
수직매달기,,,,NNP,*,,수직매달기,*,*,*,*,*
경사매달기,,,,NNP,*,,경사매달기,*,*,*,*,*
가설재,,,,NNP,*,,가설재,*,*,*,*,*
대블럭 가설공법,,,,NNP,*,,대블럭 가설공법,*,*,*,*,*
벤트공법,,,,NNP,*,,벤트공법,*,*,*,*,*
케이블공법,,,,NNP,*,,케이블공법,*,*,*,*,*
회전공법,,,,NNP,*,,회전공법,*,*,*,*,*
경부고속전철,,,,NNP,*,,경부고속전철,*,*,*,*,*
모암고가교,,,,NNP,*,,모암고가교,*,*,*,*,*
압출공법,,,,NNP,*,,압출공법,*,*,*,*,*
하부벤트,,,,NNP,*,,하부벤트,*,*,*,*,*
교량거더,,,,NNP,*,,교량거더,*,*,*,*,*
구명로프,,,,NNP,*,,구명로프,*,*,*,*,*
구명튜브,,,,NNP,*,,구명튜브,*,*,*,*,*
중량부재,,,,NNP,*,,중량부재,*,*,*,*,*
보통작업,,,,NNP,*,,보통작업,*,*,*,*,*
초정밀,,,,NNP,*,,초정밀,*,*,*,*,*
투광등,,,,NNP,*,,투광등,*,*,*,*,*
오탁방지망,,,,NNP,*,,오탁방지망,*,*,*,*,*
지내력,,,,NNP,*,,지내력,*,*,*,*,*
로베드,,,,NNP,*,,로베드,*,*,*,*,*
볼록반사경,,,,NNP,*,,볼록반사경,*,*,*,*,*
하역장비,,,,NNP,*,,하역장비,*,*,*,*,*
화물적재,,,,NNP,*,,화물적재,*,*,*,*,*
강부재,,,,NNP,*,,강부재,*,*,*,*,*
사이드브레이크,,,,NNP,*,,사이드브레이크,*,*,*,*,*
구름방지용,,,,NNP,*,,구름방지용,*,*,*,*,*
스터트 볼트,,,,NNP,*,,스터트 볼트,*,*,*,*,*
달대비계,,,,NNP,*,,달대비계,*,*,*,*,*
바스켓 크레인,,,,NNP,*,,바스켓 크레인,*,*,*,*,*
항발기,,,,NNP,*,,항발기,*,*,*,*,*
추진강관,,,,NNP,*,,추진강관,*,*,*,*,*
철도궤도,,,,NNP,*,,철도궤도,*,*,*,*,*
매설관,,,,NNP,*,,매설관,*,*,*,*,*
기설구조물,,,,NNP,*,,기설구조물,*,*,*,*,*
타이로드,,,,NNP,*,,타이로드,*,*,*,*,*
강관 추진기계,,,,NNP,*,,강관 추진기계,*,*,*,*,*
반력대,,,,NNP,*,,반력대,*,*,*,*,*
관입오차,,,,NNP,*,,관입오차,*,*,*,*,*
헤드 커터,,,,NNP,*,,헤드 커터,*,*,*,*,*
가이드 빔,,,,NNP,*,,가이드 빔,*,*,*,*,*
강관압입,,,,NNP,*,,강관압입,*,*,*,*,*
발진대,,,,NNP,*,,발진대,*,*,*,*,*
가이드 도갱,,,,NNP,*,,가이드 도갱,*,*,*,*,*
선단슈,,,,NNP,*,,선단슈,*,*,*,*,*
러그-홀,,,,NNP,*,,러그-홀,*,*,*,*,*
종방향,,,,NNP,*,,종방향,*,*,*,*,*
시공이음,,,,NNP,*,,시공이음,*,*,*,*,*
우각부,,,,NNP,*,,우각부,*,*,*,*,*
L형강,,,,NNP,*,,L형강,*,*,*,*,*
페이스 잭,,,,NNP,*,,페이스 잭,*,*,*,*,*
걸침길이,,,,NNP,*,,걸침길이,*,*,*,*,*
전단 연결재,,,,NNP,*,,전단 연결재,*,*,*,*,*
슬링 와이어 로프,,,,NNP,*,,슬링 와이어 로프,*,*,*,*,*
철골보,,,,NNP,*,,철골보,*,*,*,*,*
아크용접,,,,NNP,*,,아크용접,*,*,*,*,*
수직생명줄,,,,NNP,*,,수직생명줄,*,*,*,*,*
포장밴드,,,,NNP,*,,포장밴드,*,*,*,*,*
외주부,,,,NNP,*,,외주부,*,*,*,*,*
판개,,,,NNP,*,,판개,*,*,*,*,*
골방향,,,,NNP,*,,골방향,*,*,*,*,*
커버플레이트,,,,NNP,*,,커버플레이트,*,*,*,*,*
필러플레이트,,,,NNP,*,,필러플레이트,*,*,*,*,*
점용접,,,,NNP,*,,점용접,*,*,*,*,*
엔드 클로저,,,,NNP,*,,엔드 클로저,*,*,*,*,*
용접봉,,,,NNP,*,,용접봉,*,*,*,*,*
지보재,,,,NNP,*,,지보재,*,*,*,*,*
주틀,,,,NNP,*,,주틀,*,*,*,*,*
난간틀,,,,NNP,*,,난간틀,*,*,*,*,*
교차가새,,,,NNP,*,,교차가새,*,*,*,*,*
발바퀴,,,,NNP,*,,발바퀴,*,*,*,*,*
횡가재,,,,NNP,*,,횡가재,*,*,*,*,*
한국산업표준,,,,NNP,*,,한국산업표준,*,*,*,*,*
난간재,,,,NNP,*,,난간재,*,*,*,*,*
가새재,,,,NNP,*,,가새재,*,*,*,*,*
지주재,,,,NNP,*,,지주재,*,*,*,*,*
안전인증고시,,,,NNP,*,,안전인증고시,*,*,*,*,*
힌지 핀,,,,NNP,*,,힌지 핀,*,*,*,*,*
발파기재,,,,NNP,*,,발파기재,*,*,*,*,*
씽커,,,,NNP,*,,씽커,*,*,*,*,*
장전공,,,,NNP,*,,장전공,*,*,*,*,*
전기뇌관,,,,NNP,*,,전기뇌관,*,*,*,*,*
회로선,,,,NNP,*,,회로선,*,*,*,*,*
지발뇌관,,,,NNP,*,,지발뇌관,*,*,*,*,*
저장소,,,,NNP,*,,저장소,*,*,*,*,*
흡습액,,,,NNP,*,,흡습액,*,*,*,*,*
갱도,,,,NNP,*,,갱도,*,*,*,*,*
철근 콘크리트,,,,NNP,*,,철근 콘크리트,*,*,*,*,*
콘크리트 블록,,,,NNP,*,,콘크리트 블록,*,*,*,*,*
수불대장,,,,NNP,*,,수불대장,*,*,*,*,*
용해기,,,,NNP,*,,용해기,*,*,*,*,*
도통시험기,,,,NNP,*,,도통시험기,*,*,*,*,*
저항측정기,,,,NNP,*,,저항측정기,*,*,*,*,*
발파모선,,,,NNP,*,,발파모선,*,*,*,*,*
발파보조모선,,,,NNP,*,,발파보조모선,*,*,*,*,*
공내뇌관,,,,NNP,*,,공내뇌관,*,*,*,*,*
MS뇌관,,,,NNP,*,,MS뇌관,*,*,*,*,*
LP뇌관,,,,NNP,*,,LP뇌관,*,*,*,*,*
표면연결뇌관,,,,NNP,*,,표면연결뇌관,*,*,*,*,*
TLD,,,,NNP,*,,TLD,*,*,*,*,*
번치 커넥터,,,,NNP,*,,번치 커넥터,*,*,*,*,*
비전기발파,,,,NNP,*,,비전기발파,*,*,*,*,*
시그널튜브,,,,NNP,*,,시그널튜브,*,*,*,*,*
베리어 백,,,,NNP,*,,베리어 백,*,*,*,*,*
비산파편,,,,NNP,*,,비산파편,*,*,*,*,*
단발발파,,,,NNP,*,,단발발파,*,*,*,*,*
지발발파,,,,NNP,*,,지발발파,*,*,*,*,*
저항치,,,,NNP,*,,저항치,*,*,*,*,*
계산치,,,,NNP,*,,계산치,*,*,*,*,*
허용오차,,,,NNP,*,,허용오차,*,*,*,*,*
소요전압,,,,NNP,*,,소요전압,*,*,*,*,*
불량개소,,,,NNP,*,,불량개소,*,*,*,*,*
광전자,,,,NNP,*,,광전자,*,*,*,*,*
불발공,,,,NNP,*,,불발공,*,*,*,*,*
수평천공,,,,NNP,*,,수평천공,*,*,*,*,*
기폭약포,,,,NNP,*,,기폭약포,*,*,*,*,*
테두리로프,,,,NNP,*,,테두리로프,*,*,*,*,*
달기로프,,,,NNP,*,,달기로프,*,*,*,*,*
그물코,,,,NNP,*,,그물코,*,*,*,*,*
폴리에스텔,,,,NNP,*,,폴리에스텔,*,*,*,*,*
안전인증번호,,,,NNP,*,,안전인증번호,*,*,*,*,*
관계전문가,,,,NNP,*,,관계전문가,*,*,*,*,*
먹줄 메김,,,,NNP,*,,먹줄 메김,*,*,*,*,*
잭 베이스,,,,NNP,*,,잭 베이스,*,*,*,*,*
가새,,,,NNP,*,,가새,*,*,*,*,*
U 헤드 잭,,,,NNP,*,,U 헤드 잭,*,*,*,*,*
명에,,,,NNP,*,,명에,*,*,*,*,*
이동식 거푸집,,,,NNP,*,,이동식 거푸집,*,*,*,*,*
ACS,,,,NNP,*,,ACS,*,*,*,*,*
CPB,,,,NNP,*,,CPB,*,*,*,*,*
코아 월,,,,NNP,*,,코아 월,*,*,*,*,*
슬래브,,,,NNP,*,,슬래브,*,*,*,*,*
대비표,,,,NNP,*,,대비표,*,*,*,*,*
절차서,,,,NNP,*,,절차서,*,*,*,*,*
난연재,,,,NNP,*,,난연재,*,*,*,*,*
코쿤시스템,,,,NNP,*,,코쿤시스템,*,*,*,*,*
벨트 트러스,,,,NNP,*,,벨트 트러스,*,*,*,*,*
SCN,,,,NNP,*,,SCN,*,*,*,*,*
선행공법,,,,NNP,*,,선행공법,*,*,*,*,*
특수가설장비,,,,NNP,*,,특수가설장비,*,*,*,*,*
온도하중,,,,NNP,*,,온도하중,*,*,*,*,*
유압실린더,,,,NNP,*,,유압실린더,*,*,*,*,*
크라이밍 슈,,,,NNP,*,,크라이밍 슈,*,*,*,*,*
월 슈,,,,NNP,*,,월 슈,*,*,*,*,*
임베디드 플레이트,,,,NNP,*,,임베디드 플레이트,*,*,*,*,*
압송배관,,,,NNP,*,,압송배관,*,*,*,*,*
회전기어,,,,NNP,*,,회전기어,*,*,*,*,*
선회속도하중,,,,NNP,*,,선회속도하중,*,*,*,*,*
권상속도,,,,NNP,*,,권상속도,*,*,*,*,*
소요지내력,,,,NNP,*,,소요지내력,*,*,*,*,*
벽체지지,,,,NNP,*,,벽체지지,*,*,*,*,*
간이화장실,,,,NNP,*,,간이화장실,*,*,*,*,*
피난안전구역,,,,NNP,*,,피난안전구역,*,*,*,*,*
피난유도시설,,,,NNP,*,,피난유도시설,*,*,*,*,*
반사조끼,,,,NNP,*,,반사조끼,*,*,*,*,*
전자신호봉,,,,NNP,*,,전자신호봉,*,*,*,*,*
아스팔트피니셔,,,,NNP,*,,아스팔트피니셔,*,*,*,*,*
혼합재,,,,NNP,*,,혼합재,*,*,*,*,*
피니셔,,,,NNP,*,,피니셔,*,*,*,*,*
돌관,,,,NNP,*,,돌관,*,*,*,*,*
근로기준법,,,,NNP,*,,근로기준법,*,*,*,*,*
가연성가스,,,,NNP,*,,가연성가스,*,*,*,*,*
점멸등,,,,NNP,*,,점멸등,*,*,*,*,*
반사테이프,,,,NNP,*,,반사테이프,*,*,*,*,*
TBM,,,,NNP,*,,TBM,*,*,*,*,*
비상조명기기,,,,NNP,*,,비상조명기기,*,*,*,*,*
경고음,,,,NNP,*,,경고음,*,*,*,*,*
전원 인출 회로,,,,NNP,*,,전원 인출 회로,*,*,*,*,*
간이 혈당계,,,,NNP,*,,간이 혈당계,*,*,*,*,*
유도등,,,,NNP,*,,유도등,*,*,*,*,*
조명등,,,,NNP,*,,조명등,*,*,*,*,*
중간말뚝,,,,NNP,*,,중간말뚝,*,*,*,*,*
방호관,,,,NNP,*,,방호관,*,*,*,*,*
가설전등,,,,NNP,*,,가설전등,*,*,*,*,*
고압살수기,,,,NNP,*,,고압살수기,*,*,*,*,*
양수기,,,,NNP,*,,양수기,*,*,*,*,*
전등 보호망,,,,NNP,*,,전등 보호망,*,*,*,*,*
가공 배선,,,,NNP,*,,가공 배선,*,*,*,*,*
소일 시멘트,,,,NNP,*,,소일 시멘트,*,*,*,*,*
근입깊이,,,,NNP,*,,근입깊이,*,*,*,*,*
보걸이,,,,NNP,*,,보걸이,*,*,*,*,*
스티프너,,,,NNP,*,,스티프너,*,*,*,*,*
잭킹,,,,NNP,*,,잭킹,*,*,*,*,*
버럭,,,,NNP,*,,버럭,*,*,*,*,*
반출구,,,,NNP,*,,반출구,*,*,*,*,*
안전울,,,,NNP,*,,안전울,*,*,*,*,*
열전도,,,,NNP,*,,열전도,*,*,*,*,*
불티받이포,,,,NNP,*,,불티받이포,*,*,*,*,*
폴리우레탄폼,,,,NNP,*,,폴리우레탄폼,*,*,*,*,*
샌드위치 패널,,,,NNP,*,,샌드위치 패널,*,*,*,*,*
접지 클램프,,,,NNP,*,,접지 클램프,*,*,*,*,*
조임물,,,,NNP,*,,조임물,*,*,*,*,*
가스누출감지기,,,,NNP,*,,가스누출감지기,*,*,*,*,*
가스용기,,,,NNP,*,,가스용기,*,*,*,*,*
압력조절기,,,,NNP,*,,압력조절기,*,*,*,*,*
전극용 홀더,,,,NNP,*,,전극용 홀더,*,*,*,*,*
열손상,,,,NNP,*,,열손상,*,*,*,*,*
철재빔,,,,NNP,*,,철재빔,*,*,*,*,*
용접 흄,,,,NNP,*,,용접 흄,*,*,*,*,*
아크광,,,,NNP,*,,아크광,*,*,*,*,*
차음보호구,,,,NNP,*,,차음보호구,*,*,*,*,*
공정안전보고서,,,,NNP,*,,공정안전보고서,*,*,*,*,*
PSM,,,,NNP,*,,PSM,*,*,*,*,*
맹판,,,,NNP,*,,맹판,*,*,*,*,*
에틸알콜,,,,NNP,*,,에틸알콜,*,*,*,*,*
불활성카스,,,,NNP,*,,불활성카스,*,*,*,*,*
탄산가스,,,,NNP,*,,탄산가스,*,*,*,*,*
공기공급식,,,,NNP,*,,공기공급식,*,*,*,*,*
공기공급관,,,,NNP,*,,공기공급관,*,*,*,*,*
에어라인,,,,NNP,*,,에어라인,*,*,*,*,*
흡수탑,,,,NNP,*,,흡수탑,*,*,*,*,*
특등급,,,,NNP,*,,특등급,*,*,*,*,*
보호복,,,,NNP,*,,보호복,*,*,*,*,*
계기류,,,,NNP,*,,계기류,*,*,*,*,*
추락방망,,,,NNP,*,,추락방망,*,*,*,*,*
파라펫,,,,NNP,*,,파라펫,*,*,*,*,*
인조섬유,,,,NNP,*,,인조섬유,*,*,*,*,*
폴리프로필렌,,,,NNP,*,,폴리프로필렌,*,*,*,*,*
라쳇,,,,NNP,*,,라쳇,*,*,*,*,*
정격설치하중,,,,NNP,*,,정격설치하중,*,*,*,*,*
강박스,,,,NNP,*,,강박스,*,*,*,*,*
가조립,,,,NNP,*,,가조립,*,*,*,*,*
수평 브레이싱,,,,NNP,*,,수평 브레이싱,*,*,*,*,*
앵글 볼트,,,,NNP,*,,앵글 볼트,*,*,*,*,*
체결력,,,,NNP,*,,체결력,*,*,*,*,*
교량받침,,,,NNP,*,,교량받침,*,*,*,*,*
이동식 크레인,,,,NNP,*,,이동식 크레인,*,*,*,*,*
가체결,,,,NNP,*,,가체결,*,*,*,*,*
강거더,,,,NNP,*,,강거더,*,*,*,*,*
편구배,,,,NNP,*,,편구배,*,*,*,*,*
횡버팀목,,,,NNP,*,,횡버팀목,*,*,*,*,*
미고정,,,,NNP,*,,미고정,*,*,*,*,*
보호캡,,,,NNP,*,,보호캡,*,*,*,*,*
안내줄,,,,NNP,*,,안내줄,*,*,*,*,*
안정액,,,,NNP,*,,안정액,*,*,*,*,*
철근조립장,,,,NNP,*,,철근조립장,*,*,*,*,*
화학물질안전보건,,,,NNP,*,,화학물질안전보건,*,*,*,*,*
잡석다짐,,,,NNP,*,,잡석다짐,*,*,*,*,*
애지테이터,,,,NNP,*,,애지테이터,*,*,*,*,*
지하연속벽,,,,NNP,*,,지하연속벽,*,*,*,*,*
피드펌프,,,,NNP,*,,피드펌프,*,*,*,*,*
구동벨트,,,,NNP,*,,구동벨트,*,*,*,*,*
보조크레인,,,,NNP,*,,보조크레인,*,*,*,*,*
행그래브,,,,NNP,*,,행그래브,*,*,*,*,*
트렌치 거터,,,,NNP,*,,트렌치 거터,*,*,*,*,*
본굴착,,,,NNP,*,,본굴착,*,*,*,*,*
흡입펌프,,,,NNP,*,,흡입펌프,*,*,*,*,*
디샌더,,,,NNP,*,,디샌더,*,*,*,*,*
여과수,,,,NNP,*,,여과수,*,*,*,*,*
pH,,,,NNP,*,,pH,*,*,*,*,*
재사용,,,,NNP,*,,재사용,*,*,*,*,*
디샌딩,,,,NNP,*,,디샌딩,*,*,*,*,*
폐기안정액처리,,,,NNP,*,,폐기안정액처리,*,*,*,*,*
폐기물,,,,NNP,*,,폐기물,*,*,*,*,*
마일드 바,,,,NNP,*,,마일드 바,*,*,*,*,*
조금구,,,,NNP,*,,조금구,*,*,*,*,*
타설량,,,,NNP,*,,타설량,*,*,*,*,*
타설고,,,,NNP,*,,타설고,*,*,*,*,*
감리자,,,,NNP,*,,감리자,*,*,*,*,*
안전관리자,,,,NNP,*,,안전관리자,*,*,*,*,*
지중경사계,,,,NNP,*,,지중경사계,*,*,*,*,*
변형률계,,,,NNP,*,,변형률계,*,*,*,*,*
하중계,,,,NNP,*,,하중계,*,*,*,*,*
건물경사계,,,,NNP,*,,건물경사계,*,*,*,*,*
초기치,,,,NNP,*,,초기치,*,*,*,*,*
관리기준치,,,,NNP,*,,관리기준치,*,*,*,*,*
선행굴착,,,,NNP,*,,선행굴착,*,*,*,*,*
관리치,,,,NNP,*,,관리치,*,*,*,*,*
계측값,,,,NNP,*,,계측값,*,*,*,*,*
경사계관,,,,NNP,*,,경사계관,*,*,*,*,*
유한 요소법,,,,NNP,*,,유한 요소법,*,*,*,*,*
FEM,,,,NNP,*,,FEM,*,*,*,*,*
유한차분법,,,,NNP,*,,유한차분법,*,*,*,*,*
FDM,,,,NNP,*,,FDM,*,*,*,*,*
하당분담법,,,,NNP,*,,하당분담법,*,*,*,*,*
단순보법,,,,NNP,*,,단순보법,*,*,*,*,*
연속보법,,,,NNP,*,,연속보법,*,*,*,*,*
자립식 흙막이 벽체,,,,NNP,*,,자립식 흙막이 벽체,*,*,*,*,*
파괴면,,,,NNP,*,,파괴면,*,*,*,*,*
과굴착,,,,NNP,*,,과굴착,*,*,*,*,*
참여자,,,,NNP,*,,참여자,*,*,*,*,*
조종원,,,,NNP,*,,조종원,*,*,*,*,*
안전하중,,,,NNP,*,,안전하중,*,*,*,*,*
가공전선,,,,NNP,*,,가공전선,*,*,*,*,*
작업계획도,,,,NNP,*,,작업계획도,*,*,*,*,*
건설사업관리자,,,,NNP,*,,건설사업관리자,*,*,*,*,*
개보수,,,,NNP,*,,개보수,*,*,*,*,*
이격거리,,,,NNP,*,,이격거리,*,*,*,*,*
자재적치,,,,NNP,*,,자재적치,*,*,*,*,*
난방배관,,,,NNP,*,,난방배관,*,*,*,*,*
RCS,,,,NNP,*,,RCS,*,*,*,*,*
강구조물,,,,NNP,*,,강구조물,*,*,*,*,*
M-BAR,,,,NNP,*,,M-BAR,*,*,*,*,*
취급작업계획,,,,NNP,*,,취급작업계획,*,*,*,*,*
차량계,,,,NNP,*,,차량계,*,*,*,*,*
하역운반기계작업계획,,,,NNP,*,,하역운반기계작업계획,*,*,*,*,*
고소사다리,,,,NNP,*,,고소사다리,*,*,*,*,*
지게차,,,,NNP,*,,지게차,*,*,*,*,*
드릴,,,,NNP,*,,드릴,*,*,*,*,*
유기용제,,,,NNP,*,,유기용제,*,*,*,*,*
드릴비트,,,,NNP,*,,드릴비트,*,*,*,*,*
압력용기,,,,NNP,*,,압력용기,*,*,*,*,*
전동드릴,,,,NNP,*,,전동드릴,*,*,*,*,*
경량철골천장틀,,,,NNP,*,,경량철골천장틀,*,*,*,*,*
천장재,,,,NNP,*,,천장재,*,*,*,*,*
후면개방식,,,,NNP,*,,후면개방식,*,*,*,*,*
하면개방식,,,,NNP,*,,하면개방식,*,*,*,*,*
측면개방식,,,,NNP,*,,측면개방식,*,*,*,*,*
후륜 구동식,,,,NNP,*,,후륜 구동식,*,*,*,*,*
전륜 구동식,,,,NNP,*,,전륜 구동식,*,*,*,*,*
4륜 구동식,,,,NNP,*,,4륜 구동식,*,*,*,*,*
2축식,,,,NNP,*,,2축식,*,*,*,*,*
3축식,,,,NNP,*,,3축식,*,*,*,*,*
다축식,,,,NNP,*,,다축식,*,*,*,*,*
적재중량,,,,NNP,*,,적재중량,*,*,*,*,*
일반형,,,,NNP,*,,일반형,*,*,*,*,*
덤프형,,,,NNP,*,,덤프형,*,*,*,*,*
밴형,,,,NNP,*,,밴형,*,*,*,*,*
특수용도형,,,,NNP,*,,특수용도형,*,*,*,*,*
운송형,,,,NNP,*,,운송형,*,*,*,*,*
견인형,,,,NNP,*,,견인형,*,*,*,*,*
영업용,,,,NNP,*,,영업용,*,*,*,*,*
가동률,,,,NNP,*,,가동률,*,*,*,*,*
안전지주,,,,NNP,*,,안전지주,*,*,*,*,*
후미등,,,,NNP,*,,후미등,*,*,*,*,*
안개등,,,,NNP,*,,안개등,*,*,*,*,*
후사경,,,,NNP,*,,후사경,*,*,*,*,*
향정신성,,,,NNP,*,,향정신성,*,*,*,*,*
보강링,,,,NNP,*,,보강링,*,*,*,*,*
L.P,,,,NNP,*,,L.P,*,*,*,*,*
고정핀,,,,NNP,*,,고정핀,*,*,*,*,*
각입,,,,NNP,*,,각입,*,*,*,*,*
상부재,,,,NNP,*,,상부재,*,*,*,*,*
기초판,,,,NNP,*,,기초판,*,*,*,*,*
주각재,,,,NNP,*,,주각재,*,*,*,*,*
집수구,,,,NNP,*,,집수구,*,*,*,*,*
조립봉,,,,NNP,*,,조립봉,*,*,*,*,*
우물통,,,,NNP,*,,우물통,*,*,*,*,*
대변재,,,,NNP,*,,대변재,*,*,*,*,*
대각재,,,,NNP,*,,대각재,*,*,*,*,*
커먼,,,,NNP,*,,커먼,*,*,*,*,*
성토면,,,,NNP,*,,성토면,*,*,*,*,*
절토면,,,,NNP,*,,절토면,*,*,*,*,*
고혈압,,,,NNP,*,,고혈압,*,*,*,*,*
복공판,,,,NNP,*,,복공판,*,*,*,*,*
락 레버,,,,NNP,*,,락 레버,*,*,*,*,*
주주재,,,,NNP,*,,주주재,*,*,*,*,*
타공작물,,,,NNP,*,,타공작물,*,*,*,*,*
하강장,,,,NNP,*,,하강장,*,*,*,*,*
주회전,,,,NNP,*,,주회전,*,*,*,*,*
드럼장,,,,NNP,*,,드럼장,*,*,*,*,*
긴선,,,,NNP,*,,긴선,*,*,*,*,*
동연선,,,,NNP,*,,동연선,*,*,*,*,*
펴기,,,,NNP,*,,펴기,*,*,*,*,*
고저차,,,,NNP,*,,고저차,*,*,*,*,*
접지로라,,,,NNP,*,,접지로라,*,*,*,*,*
캄아롱,,,,NNP,*,,캄아롱,*,*,*,*,*
심부름 바,,,,NNP,*,,심부름 바,*,*,*,*,*
횡단물,,,,NNP,*,,횡단물,*,*,*,*,*
특고압선로,,,,NNP,*,,특고압선로,*,*,*,*,*
보선원,,,,NNP,*,,보선원,*,*,*,*,*
카고,,,,NNP,*,,카고,*,*,*,*,*
형강,,,,NNP,*,,형강,*,*,*,*,*
제원표,,,,NNP,*,,제원표,*,*,*,*,*
델레스코픽형,,,,NNP,*,,델레스코픽형,*,*,*,*,*
역붐,,,,NNP,*,,역붐,*,*,*,*,*
이론치,,,,NNP,*,,이론치,*,*,*,*,*
주상도,,,,NNP,*,,주상도,*,*,*,*,*
점성토층,,,,NNP,*,,점성토층,*,*,*,*,*
재하폭,,,,NNP,*,,재하폭,*,*,*,*,*
동해석,,,,NNP,*,,동해석,*,*,*,*,*
요철지반,,,,NNP,*,,요철지반,*,*,*,*,*
성토부,,,,NNP,*,,성토부,*,*,*,*,*
되메기,,,,NNP,*,,되메기,*,*,*,*,*
휨검토,,,,NNP,*,,휨검토,*,*,*,*,*
휨모멘트,,,,NNP,*,,휨모멘트,*,*,*,*,*
휨응력,,,,NNP,*,,휨응력,*,*,*,*,*
폭등,,,,NNP,*,,폭등,*,*,*,*,*
형틀공,,,,NNP,*,,형틀공,*,*,*,*,*
철근공,,,,NNP,*,,철근공,*,*,*,*,*
교차부,,,,NNP,*,,교차부,*,*,*,*,*
맞댐,,,,NNP,*,,맞댐,*,*,*,*,*
와렌,,,,NNP,*,,와렌,*,*,*,*,*
하우,,,,NNP,*,,하우,*,*,*,*,*
커브길,,,,NNP,*,,커브길,*,*,*,*,*
스크루잭,,,,NNP,*,,스크루잭,*,*,*,*,*
보호관,,,,NNP,*,,보호관,*,*,*,*,*
버림,,,,NNP,*,,버림,*,*,*,*,*
직진식,,,,NNP,*,,직진식,*,*,*,*,*
훅해지,,,,NNP,*,,훅해지,*,*,*,*,*
지시계,,,,NNP,*,,지시계,*,*,*,*,*
붐 회전방지장치,,,,NNP,*,,붐 회전방지장치,*,*,*,*,*
가시설물,,,,NNP,*,,가시설물,*,*,*,*,*
Shield-T.B.M,,,,NNP,*,,Shield-T.B.M,*,*,*,*,*
시추,,,,NNP,*,,시추,*,*,*,*,*
보링,,,,NNP,*,,보링,*,*,*,*,*
평편성,,,,NNP,*,,평편성,*,*,*,*,*
대피소,,,,NNP,*,,대피소,*,*,*,*,*
비전기식,,,,NNP,*,,비전기식,*,*,*,*,*
NATM공법,,,,NNP,*,,NATM공법,*,*,*,*,*
무지보구간,,,,NNP,*,,무지보구간,*,*,*,*,*
이렉터,,,,NNP,*,,이렉터,*,*,*,*,*
KS,,,,NNP,*,,KS,*,*,*,*,*
조적,,,,NNP,*,,조적,*,*,*,*,*
각륜,,,,NNP,*,,각륜,*,*,*,*,*
텔레스코픽 핸들러,,,,NNP,*,,텔레스코픽 핸들러,*,*,*,*,*
내림추,,,,NNP,*,,내림추,*,*,*,*,*
인방보,,,,NNP,*,,인방보,*,*,*,*,*
ALC블럭,,,,NNP,*,,ALC블럭,*,*,*,*,*
쌓기,,,,NNP,*,,쌓기,*,*,*,*,*
종철근,,,,NNP,*,,종철근,*,*,*,*,*
블라스팅,,,,NNP,*,,블라스팅,*,*,*,*,*
클라이밍 슈,,,,NNP,*,,클라이밍 슈,*,*,*,*,*
LOT,,,,NNP,*,,LOT,*,*,*,*,*
폼 트래블러,,,,NNP,*,,폼 트래블러,*,*,*,*,*
리어 트러스,,,,NNP,*,,리어 트러스,*,*,*,*,*
앵커 바,,,,NNP,*,,앵커 바,*,*,*,*,*
후미부,,,,NNP,*,,후미부,*,*,*,*,*
인장너트,,,,NNP,*,,인장너트,*,*,*,*,*
콜드 조인트,,,,NNP,*,,콜드 조인트,*,*,*,*,*
텐돈,,,,NNP,*,,텐돈,*,*,*,*,*
그라우트 캡,,,,NNP,*,,그라우트 캡,*,*,*,*,*
언릴러,,,,NNP,*,,언릴러,*,*,*,*,*
휨강성,,,,NNP,*,,휨강성,*,*,*,*,*
쇠솔,,,,NNP,*,,쇠솔,*,*,*,*,*
샌드페이퍼,,,,NNP,*,,샌드페이퍼,*,*,*,*,*
강관틀,,,,NNP,*,,강관틀,*,*,*,*,*
덧댐목,,,,NNP,*,,덧댐목,*,*,*,*,*
절단날,,,,NNP,*,,절단날,*,*,*,*,*
절곡기,,,,NNP,*,,절곡기,*,*,*,*,*
풋 스위치,,,,NNP,*,,풋 스위치,*,*,*,*,*
버팀재,,,,NNP,*,,버팀재,*,*,*,*,*
펌프카,,,,NNP,*,,펌프카,*,*,*,*,*
유니트,,,,NNP,*,,유니트,*,*,*,*,*
크로스빔,,,,NNP,*,,크로스빔,*,*,*,*,*
슬라브슈,,,,NNP,*,,슬라브슈,*,*,*,*,*
클라이밍 콘,,,,NNP,*,,클라이밍 콘,*,*,*,*,*
스크류온콘,,,,NNP,*,,스크류온콘,*,*,*,*,*
디비닥,,,,NNP,*,,디비닥,*,*,*,*,*
비계틀,,,,NNP,*,,비계틀,*,*,*,*,*
시스템 폼,,,,NNP,*,,시스템 폼,*,*,*,*,*
스트롱백,,,,NNP,*,,스트롱백,*,*,*,*,*
헤비듀티스핀,,,,NNP,*,,헤비듀티스핀,*,*,*,*,*
스레디드 플레이트,,,,NNP,*,,스레디드 플레이트,*,*,*,*,*
M24볼트,,,,NNP,*,,M24볼트,*,*,*,*,*
걸고리,,,,NNP,*,,걸고리,*,*,*,*,*
휘니샤,,,,NNP,*,,휘니샤,*,*,*,*,*
면처리,,,,NNP,*,,면처리,*,*,*,*,*
V-벨트,,,,NNP,*,,V-벨트,*,*,*,*,*
강널말뚝,,,,NNP,*,,강널말뚝,*,*,*,*,*
줄파기,,,,NNP,*,,줄파기,*,*,*,*,*
가복공,,,,NNP,*,,가복공,*,*,*,*,*
도장면,,,,NNP,*,,도장면,*,*,*,*,*
포개,,,,NNP,*,,포개,*,*,*,*,*
지수재,,,,NNP,*,,지수재,*,*,*,*,*
세우기,,,,NNP,*,,세우기,*,*,*,*,*
이형,,,,NNP,*,,이형,*,*,*,*,*
박기작업,,,,NNP,*,,박기작업,*,*,*,*,*
보호대,,,,NNP,*,,보호대,*,*,*,*,*
편압,,,,NNP,*,,편압,*,*,*,*,*
슬립폼,,,,NNP,*,,슬립폼,*,*,*,*,*
Auto Climbing Form,,,,NNP,*,,Auto Climbing Form,*,*,*,*,*
Erection Truss,,,,NNP,*,,Erection Truss,*,*,*,*,*
Strut,,,,NNP,*,,Strut,*,*,*,*,*
Heaving Lifting공법,,,,NNP,*,,Heaving Lifting공법,*,*,*,*,*
가로보,,,,NNP,*,,가로보,*,*,*,*,*
반단면,,,,NNP,*,,반단면,*,*,*,*,*
브레이싱,,,,NNP,*,,브레이싱,*,*,*,*,*
Leg,,,,NNP,*,,Leg,*,*,*,*,*
Camber,,,,NNP,*,,Camber,*,*,*,*,*
슬립업,,,,NNP,*,,슬립업,*,*,*,*,*
파이널 리미트 스위치,,,,NNP,*,,파이널 리미트 스위치,*,*,*,*,*
인터록,,,,NNP,*,,인터록,*,*,*,*,*
Wedging Device,,,,NNP,*,,Wedging Device,*,*,*,*,*
Lifting,,,,NNP,*,,Lifting,*,*,*,*,*
Wedging Blocking System,,,,NNP,*,,Wedging Blocking System,*,*,*,*,*
Bracing,,,,NNP,*,,Bracing,*,*,*,*,*
PC강선,,,,NNP,*,,PC강선,*,*,*,*,*
탑정부,,,,NNP,*,,탑정부,*,*,*,*,*
Strand Wire,,,,NNP,*,,Strand Wire,*,*,*,*,*
Pumping System,,,,NNP,*,,Pumping System,*,*,*,*,*
U자,,,,NNP,*,,U자,*,*,*,*,*
로우프,,,,NNP,*,,로우프,*,*,*,*,*
웨빙,,,,NNP,*,,웨빙,*,*,*,*,*
와이퍼로우프,,,,NNP,*,,와이퍼로우프,*,*,*,*,*
박클,,,,NNP,*,,박클,*,*,*,*,*
D링,,,,NNP,*,,D링,*,*,*,*,*
각링부,,,,NNP,*,,각링부,*,*,*,*,*
크립,,,,NNP,*,,크립,*,*,*,*,*
횡마,,,,NNP,*,,횡마,*,*,*,*,*
작업구,,,,NNP,*,,작업구,*,*,*,*,*
탑다운,,,,NNP,*,,탑다운,*,*,*,*,*
R.C.D작업,,,,NNP,*,,R.C.D작업,*,*,*,*,*
안내벽,,,,NNP,*,,안내벽,*,*,*,*,*
횡력,,,,NNP,*,,횡력,*,*,*,*,*
연직도,,,,NNP,*,,연직도,*,*,*,*,*
카운터 월,,,,NNP,*,,카운터 월,*,*,*,*,*
굴곡면,,,,NNP,*,,굴곡면,*,*,*,*,*
크람쉘,,,,NNP,*,,크람쉘,*,*,*,*,*
깔쭉기구,,,,NNP,*,,깔쭉기구,*,*,*,*,*
제무,,,,NNP,*,,제무,*,*,*,*,*
배토판,,,,NNP,*,,배토판,*,*,*,*,*
노면,,,,NNP,*,,노면,*,*,*,*,*
지중전선로,,,,NNP,*,,지중전선로,*,*,*,*,*
훅걸이,,,,NNP,*,,훅걸이,*,*,*,*,*
디젤 햄머,,,,NNP,*,,디젤 햄머,*,*,*,*,*
건널다리,,,,NNP,*,,건널다리,*,*,*,*,*
쐐기목,,,,NNP,*,,쐐기목,*,*,*,*,*
축봉,,,,NNP,*,,축봉,*,*,*,*,*
어스오거,,,,NNP,*,,어스오거,*,*,*,*,*
잭키,,,,NNP,*,,잭키,*,*,*,*,*
U볼트,,,,NNP,*,,U볼트,*,*,*,*,*
고강도,,,,NNP,*,,고강도,*,*,*,*,*
이동대차,,,,NNP,*,,이동대차,*,*,*,*,*
비계보,,,,NNP,*,,비계보,*,*,*,*,*
추진코,,,,NNP,*,,추진코,*,*,*,*,*
전단응력,,,,NNP,*,,전단응력,*,*,*,*,*
코핑부,,,,NNP,*,,코핑부,*,*,*,*,*
침강식,,,,NNP,*,,침강식,*,*,*,*,*
주항로,,,,NNP,*,,주항로,*,*,*,*,*
급결,,,,NNP,*,,급결,*,*,*,*,*
침투수,,,,NNP,*,,침투수,*,*,*,*,*
흡수재,,,,NNP,*,,흡수재,*,*,*,*,*
배치플랜트,,,,NNP,*,,배치플랜트,*,*,*,*,*
들고리,,,,NNP,*,,들고리,*,*,*,*,*
날끝,,,,NNP,*,,날끝,*,*,*,*,*
실트질,,,,NNP,*,,실트질,*,*,*,*,*
리버스서큐레이션 드릴,,,,NNP,*,,리버스서큐레이션 드릴,*,*,*,*,*
감압증,,,,NNP,*,,감압증,*,*,*,*,*
양정고,,,,NNP,*,,양정고,*,*,*,*,*
토출경,,,,NNP,*,,토출경,*,*,*,*,*
밑깍기,,,,NNP,*,,밑깍기,*,*,*,*,*
SCW,,,,NNP,*,,SCW,*,*,*,*,*
혼화재,,,,NNP,*,,혼화재,*,*,*,*,*
오우거 롯드,,,,NNP,*,,오우거 롯드,*,*,*,*,*
베이스 머신,,,,NNP,*,,베이스 머신,*,*,*,*,*
캡빔,,,,NNP,*,,캡빔,*,*,*,*,*
결공법,,,,NNP,*,,결공법,*,*,*,*,*
여굴,,,,NNP,*,,여굴,*,*,*,*,*
폭속,,,,NNP,*,,폭속,*,*,*,*,*
파이프루프,,,,NNP,*,,파이프루프,*,*,*,*,*
포아폴링,,,,NNP,*,,포아폴링,*,*,*,*,*
프리그라우팅,,,,NNP,*,,프리그라우팅,*,*,*,*,*
국부미진동,,,,NNP,*,,국부미진동,*,*,*,*,*
점보드릴,,,,NNP,*,,점보드릴,*,*,*,*,*
레그햄머,,,,NNP,*,,레그햄머,*,*,*,*,*
장약봉,,,,NNP,*,,장약봉,*,*,*,*,*
충진제,,,,NNP,*,,충진제,*,*,*,*,*
록볼트,,,,NNP,*,,록볼트,*,*,*,*,*
점화,,,,NNP,*,,점화,*,*,*,*,*
로더 헤더,,,,NNP,*,,로더 헤더,*,*,*,*,*
쉬일드 머쉰,,,,NNP,*,,쉬일드 머쉰,*,*,*,*,*
터널보링머쉰,,,,NNP,*,,터널보링머쉰,*,*,*,*,*
급결재,,,,NNP,*,,급결재,*,*,*,*,*
소철선,,,,NNP,*,,소철선,*,*,*,*,*
대상암반면,,,,NNP,*,,대상암반면,*,*,*,*,*
강아치,,,,NNP,*,,강아치,*,*,*,*,*
덧댐판,,,,NNP,*,,덧댐판,*,*,*,*,*
록 볼트공,,,,NNP,*,,록 볼트공,*,*,*,*,*
보아홀,,,,NNP,*,,보아홀,*,*,*,*,*
크롤라드릴,,,,NNP,*,,크롤라드릴,*,*,*,*,*
에어 오거,,,,NNP,*,,에어 오거,*,*,*,*,*
이물질,,,,NNP,*,,이물질,*,*,*,*,*
라이닝플레이트,,,,NNP,*,,라이닝플레이트,*,*,*,*,*
지중침하,,,,NNP,*,,지중침하,*,*,*,*,*
채수대,,,,NNP,*,,채수대,*,*,*,*,*
소요환기량,,,,NNP,*,,소요환기량,*,*,*,*,*
단열,,,,NNP,*,,단열,*,*,*,*,*
숏크리트,,,,NNP,*,,숏크리트,*,*,*,*,*
회차로,,,,NNP,*,,회차로,*,*,*,*,*
터널라이닝,,,,NNP,*,,터널라이닝,*,*,*,*,*
핸드 파레트 트럭,,,,NNP,*,,핸드 파레트 트럭,*,*,*,*,*
자재보관,,,,NNP,*,,자재보관,*,*,*,*,*
승하강,,,,NNP,*,,승하강,*,*,*,*,*
답단,,,,NNP,*,,답단,*,*,*,*,*
인서트,,,,NNP,*,,인서트,*,*,*,*,*
캐링채널,,,,NNP,*,,캐링채널,*,*,*,*,*
먹메김,,,,NNP,*,,먹메김,*,*,*,*,*
비산물,,,,NNP,*,,비산물,*,*,*,*,*
런너,,,,NNP,*,,런너,*,*,*,*,*
스터드,,,,NNP,*,,스터드,*,*,*,*,*
F.C.M공법,,,,NNP,*,,F.C.M공법,*,*,*,*,*
주두부,,,,NNP,*,,주두부,*,*,*,*,*
측경,,,,NNP,*,,측경,*,*,*,*,*
스큐류 잭,,,,NNP,*,,스큐류 잭,*,*,*,*,*
가벤트,,,,NNP,*,,가벤트,*,*,*,*,*
FCM,,,,NNP,*,,FCM,*,*,*,*,*
앵커잭,,,,NNP,*,,앵커잭,*,*,*,*,*
포스트텐셔닝,,,,NNP,*,,포스트텐셔닝,*,*,*,*,*
텐던,,,,NNP,*,,텐던,*,*,*,*,*
헌치,,,,NNP,*,,헌치,*,*,*,*,*
캔틸러버,,,,NNP,*,,캔틸러버,*,*,*,*,*
에어콤푸레서,,,,NNP,*,,에어콤푸레서,*,*,*,*,*
칩핑,,,,NNP,*,,칩핑,*,*,*,*,*
솟음값,,,,NNP,*,,솟음값,*,*,*,*,*
궤도차륜,,,,NNP,*,,궤도차륜,*,*,*,*,*
운행로,,,,NNP,*,,운행로,*,*,*,*,*
정리원,,,,NNP,*,,정리원,*,*,*,*,*
경사면,,,,NNP,*,,경사면,*,*,*,*,*
절취면,,,,NNP,*,,절취면,*,*,*,*,*
근입장,,,,NNP,*,,근입장,*,*,*,*,*
데오도라이트,,,,NNP,*,,데오도라이트,*,*,*,*,*
파이핑,,,,NNP,*,,파이핑,*,*,*,*,*
안내보,,,,NNP,*,,안내보,*,*,*,*,*
재킹력,,,,NNP,*,,재킹력,*,*,*,*,*
팩커,,,,NNP,*,,팩커,*,*,*,*,*
웰포인트,,,,NNP,*,,웰포인트,*,*,*,*,*
천공장,,,,NNP,*,,천공장,*,*,*,*,*
진동치,,,,NNP,*,,진동치,*,*,*,*,*
진동파,,,,NNP,*,,진동파,*,*,*,*,*
포폴링,,,,NNP,*,,포폴링,*,*,*,*,*
불발잔약,,,,NNP,*,,불발잔약,*,*,*,*,*
가교각,,,,NNP,*,,가교각,*,*,*,*,*
릴렉세이션,,,,NNP,*,,릴렉세이션,*,*,*,*,*
모우멘트,,,,NNP,*,,모우멘트,*,*,*,*,*
믹서기,,,,NNP,*,,믹서기,*,*,*,*,*
I.L.M,,,,NNP,*,,I.L.M,*,*,*,*,*
무한궤도식,,,,NNP,*,,무한궤도식,*,*,*,*,*
타이어식,,,,NNP,*,,타이어식,*,*,*,*,*
클램쉘,,,,NNP,*,,클램쉘,*,*,*,*,*
협착방지봉,,,,NNP,*,,협착방지봉,*,*,*,*,*
보호망,,,,NNP,*,,보호망,*,*,*,*,*
켑타이어,,,,NNP,*,,켑타이어,*,*,*,*,*
타설,,,,NNP,*,,타설,*,*,*,*,*
에어 컴푸레서,,,,NNP,*,,에어 컴푸레서,*,*,*,*,*
양생포,,,,NNP,*,,양생포,*,*,*,*,*
적설량,,,,NNP,*,,적설량,*,*,*,*,*
매뉴얼,,,,NNP,*,,매뉴얼,*,*,*,*,*
흐름도,,,,NNP,*,,흐름도,*,*,*,*,*
우레탄폼,,,,NNP,*,,우레탄폼,*,*,*,*,*
안전휀스,,,,NNP,*,,안전휀스,*,*,*,*,*
대피로,,,,NNP,*,,대피로,*,*,*,*,*
성토용,,,,NNP,*,,성토용,*,*,*,*,*
흙막이판,,,,NNP,*,,흙막이판,*,*,*,*,*
비닐막,,,,NNP,*,,비닐막,*,*,*,*,*
대기반,,,,NNP,*,,대기반,*,*,*,*,*
절연용,,,,NNP,*,,절연용,*,*,*,*,*
방호구,,,,NNP,*,,방호구,*,*,*,*,*
도전성,,,,NNP,*,,도전성,*,*,*,*,*
차단형,,,,NNP,*,,차단형,*,*,*,*,*
금속류,,,,NNP,*,,금속류,*,*,*,*,*
산업표준화법,,,,NNP,*,,산업표준화법,*,*,*,*,*
떨어짐,,,,NNP,*,,떨어짐,*,*,*,*,*
넘어짐,,,,NNP,*,,넘어짐,*,*,*,*,*
수직구,,,,NNP,*,,수직구,*,*,*,*,*
모래함,,,,NNP,*,,모래함,*,*,*,*,*
바닥판,,,,NNP,*,,바닥판,*,*,*,*,*
충분,,,,NNP,*,,충분,*,*,*,*,*
앵커부,,,,NNP,*,,앵커부,*,*,*,*,*
인양용,,,,NNP,*,,인양용,*,*,*,*,*
벗겨짐,,,,NNP,*,,벗겨짐,*,*,*,*,*
보호물,,,,NNP,*,,보호물,*,*,*,*,*
하중분산 보,,,,NNP,*,,하중분산 보,*,*,*,*,*
벽체용,,,,NNP,*,,벽체용,*,*,*,*,*
부재별,,,,NNP,*,,부재별,*,*,*,*,*
지지점,,,,NNP,*,,지지점,*,*,*,*,*
버팀대,,,,NNP,*,,버팀대,*,*,*,*,*
플레이트 홀,,,,NNP,*,,플레이트 홀,*,*,*,*,*
작은 보,,,,NNP,*,,작은 보,*,*,*,*,*
큰 보,,,,NNP,*,,큰 보,*,*,*,*,*
갈라짐,,,,NNP,*,,갈라짐,*,*,*,*,*
침매공법,,,,NNP,*,,침매공법,*,*,*,*,*
함체,,,,NNP,*,,함체,*,*,*,*,*
드라이독,,,,NNP,*,,드라이독,*,*,*,*,*
가 격벽,,,,NNP,*,,가 격벽,*,*,*,*,*
가 기초,,,,NNP,*,,가 기초,*,*,*,*,*
준설면,,,,NNP,*,,준설면,*,*,*,*,*
흡입수,,,,NNP,*,,흡입수,*,*,*,*,*
골재층,,,,NNP,*,,골재층,*,*,*,*,*
감압용,,,,NNP,*,,감압용,*,*,*,*,*
안전걸이,,,,NNP,*,,안전걸이,*,*,*,*,*
완경사,,,,NNP,*,,완경사,*,*,*,*,*
감시점,,,,NNP,*,,감시점,*,*,*,*,*
방지막,,,,NNP,*,,방지막,*,*,*,*,*
오일휀스,,,,NNP,*,,오일휀스,*,*,*,*,*
준설토,,,,NNP,*,,준설토,*,*,*,*,*
투기장,,,,NNP,*,,투기장,*,*,*,*,*
폐선박,,,,NNP,*,,폐선박,*,*,*,*,*
자기탐사,,,,NNP,*,,자기탐사,*,*,*,*,*
석회계,,,,NNP,*,,석회계,*,*,*,*,*
첨가재,,,,NNP,*,,첨가재,*,*,*,*,*
전류치,,,,NNP,*,,전류치,*,*,*,*,*
개량재,,,,NNP,*,,개량재,*,*,*,*,*
토출량,,,,NNP,*,,토출량,*,*,*,*,*
경화재,,,,NNP,*,,경화재,*,*,*,*,*
피항,,,,NNP,*,,피항,*,*,*,*,*
침매함,,,,NNP,*,,침매함,*,*,*,*,*
정렬선,,,,NNP,*,,정렬선,*,*,*,*,*
기나 가스켓,,,,NNP,*,,기나 가스켓,*,*,*,*,*
첨두부,,,,NNP,*,,첨두부,*,*,*,*,*
재침설,,,,NNP,*,,재침설,*,*,*,*,*
피복석,,,,NNP,*,,피복석,*,*,*,*,*
액상화,,,,NNP,*,,액상화,*,*,*,*,*
필증,,,,NNP,*,,필증,*,*,*,*,*
방지포,,,,NNP,*,,방지포,*,*,*,*,*
제거막,,,,NNP,*,,제거막,*,*,*,*,*
배출부,,,,NNP,*,,배출부,*,*,*,*,*
계류용,,,,NNP,*,,계류용,*,*,*,*,*
타선박,,,,NNP,*,,타선박,*,*,*,*,*
견인식,,,,NNP,*,,견인식,*,*,*,*,*
발진부,,,,NNP,*,,발진부,*,*,*,*,*
연암부,,,,NNP,*,,연암부,*,*,*,*,*
경암부,,,,NNP,*,,경암부,*,*,*,*,*
전단면,,,,NNP,*,,전단면,*,*,*,*,*
붕괴성,,,,NNP,*,,붕괴성,*,*,*,*,*
호흡용,,,,NNP,*,,호흡용,*,*,*,*,*
근입,,,,NNP,*,,근입,*,*,*,*,*
추진틀,,,,NNP,*,,추진틀,*,*,*,*,*
리미트,,,,NNP,*,,리미트,*,*,*,*,*
압입량,,,,NNP,*,,압입량,*,*,*,*,*
관마개,,,,NNP,*,,관마개,*,*,*,*,*
흙막이용,,,,NNP,*,,흙막이용,*,*,*,*,*
측벽부,,,,NNP,*,,측벽부,*,*,*,*,*
그라우팅량,,,,NNP,*,,그라우팅량,*,*,*,*,*
용접성,,,,NNP,*,,용접성,*,*,*,*,*
탐상법,,,,NNP,*,,탐상법,*,*,*,*,*
자립도,,,,NNP,*,,자립도,*,*,*,*,*
가이데릭,,,,NNP,*,,가이데릭,*,*,*,*,*
삼각데릭,,,,NNP,*,,삼각데릭,*,*,*,*,*
드래프트 핀,,,,NNP,*,,드래프트 핀,*,*,*,*,*
샤클핀,,,,NNP,*,,샤클핀,*,*,*,*,*
이음철판,,,,NNP,*,,이음철판,*,*,*,*,*
세우기 철판,,,,NNP,*,,세우기 철판,*,*,*,*,*
광파기,,,,NNP,*,,광파기,*,*,*,*,*
턴버클,,,,NNP,*,,턴버클,*,*,*,*,*
불연포,,,,NNP,*,,불연포,*,*,*,*,*
윈드라스,,,,NNP,*,,윈드라스,*,*,*,*,*
점회원,,,,NNP,*,,점회원,*,*,*,*,*
보일링,,,,NNP,*,,보일링,*,*,*,*,*
히빙,,,,NNP,*,,히빙,*,*,*,*,*
절곡부,,,,NNP,*,,절곡부,*,*,*,*,*
분기부,,,,NNP,*,,분기부,*,*,*,*,*
단관부,,,,NNP,*,,단관부,*,*,*,*,*
구근강도,,,,NNP,*,,구근강도,*,*,*,*,*
편굴착,,,,NNP,*,,편굴착,*,*,*,*,*
신장량,,,,NNP,*,,신장량,*,*,*,*,*
긴장력,,,,NNP,*,,긴장력,*,*,*,*,*
PCT거더,,,,NNP,*,,PCT거더,*,*,*,*,*
PCT거더교,,,,NNP,*,,PCT거더교,*,*,*,*,*
공사명,,,,NNP,*,,공사명,*,*,*,*,*
감리원,,,,NNP,*,,감리원,*,*,*,*,*
하수급자,,,,NNP,*,,하수급자,*,*,*,*,*
이형강봉,,,,NNP,*,,이형강봉,*,*,*,*,*
강형부재,,,,NNP,*,,강형부재,*,*,*,*,*
탈형,,,,NNP,*,,탈형,*,*,*,*,*
폐드럼통,,,,NNP,*,,폐드럼통,*,*,*,*,*
떠붙임,,,,NNP,*,,떠붙임,*,*,*,*,*
판형붙임,,,,NNP,*,,판형붙임,*,*,*,*,*
노루발,,,,NNP,*,,노루발,*,*,*,*,*
공구함,,,,NNP,*,,공구함,*,*,*,*,*
후레싱,,,,NNP,*,,후레싱,*,*,*,*,*
알품,,,,NNP,*,,알품,*,*,*,*,*
NRC보,,,,NNP,*,,NRC보,*,*,*,*,*
타설공,,,,NNP,*,,타설공,*,*,*,*,*
폐전선,,,,NNP,*,,폐전선,*,*,*,*,*
환기휀,,,,NNP,*,,환기휀,*,*,*,*,*
방화문틀,,,,NNP,*,,방화문틀,*,*,*,*,*
탑시브,,,,NNP,*,,탑시브,*,*,*,*,*
멍에재,,,,NNP,*,,멍에재,*,*,*,*,*
메모도,,,,NNP,*,,메모도,*,*,*,*,*
전동톱,,,,NNP,*,,전동톱,*,*,*,*,*
튜브형,,,,NNP,*,,튜브형,*,*,*,*,*
락볼트,,,,NNP,*,,락볼트,*,*,*,*,*
적재용,,,,NNP,*,,적재용,*,*,*,*,*
앞들기,,,,NNP,*,,앞들기,*,*,*,*,*
조적공,,,,NNP,*,,조적공,*,*,*,*,*
비계포,,,,NNP,*,,비계포,*,*,*,*,*
파렛트,,,,NNP,*,,파렛트,*,*,*,*,*
원형톱,,,,NNP,*,,원형톱,*,*,*,*,*
알폼핀,,,,NNP,*,,알폼핀,*,*,*,*,*
암버럭,,,,NNP,*,,암버럭,*,*,*,*,*
종골뼈,,,,NNP,*,,종골뼈,*,*,*,*,*
비계공,,,,NNP,*,,비계공,*,*,*,*,*
못조각,,,,NNP,*,,못조각,*,*,*,*,*
연마날,,,,NNP,*,,연마날,*,*,*,*,*
앙카,,,,NNP,*,,앙카,*,*,*,*,*
컷팅기,,,,NNP,*,,컷팅기,*,*,*,*,*
메탈라스,,,,NNP,*,,메탈라스,*,*,*,*,*
리바운딩,,,,NNP,*,,리바운딩,*,*,*,*,*
조적쌓기,,,,NNP,*,,조적쌓기,*,*,*,*,*
차폐판,,,,NNP,*,,차폐판,*,*,*,*,*
공구통,,,,NNP,*,,공구통,*,*,*,*,*
누름콘크리트,,,,NNP,*,,누름콘크리트,*,*,*,*,*
버림콘크리트,,,,NNP,*,,버림콘크리트,*,*,*,*,*
근생빌딩,,,,NNP,*,,근생빌딩,*,*,*,*,*
빠루망치,,,,NNP,*,,빠루망치,*,*,*,*,*
밴딩기,,,,NNP,*,,밴딩기,*,*,*,*,*
중분대,,,,NNP,*,,중분대,*,*,*,*,*
아시바,,,,NNP,*,,아시바,*,*,*,*,*
후렌지,,,,NNP,*,,후렌지,*,*,*,*,*
레이턴스,,,,NNP,*,,레이턴스,*,*,*,*,*
어스앙카,,,,NNP,*,,어스앙카,*,*,*,*,*
조적벽,,,,NNP,*,,조적벽,*,*,*,*,*
내력벽,,,,NNP,*,,내력벽,*,*,*,*,*
가벽,,,,NNP,*,,가벽,*,*,*,*,*
벽체건식,,,,NNP,*,,벽체건식,*,*,*,*,*
습식벽체,,,,NNP,*,,습식벽체,*,*,*,*,*
건식벽체,,,,NNP,*,,건식벽체,*,*,*,*,*
흡음,,,,NNP,*,,흡음,*,*,*,*,*
천막틀,,,,NNP,*,,천막틀,*,*,*,*,*
목재틀,,,,NNP,*,,목재틀,*,*,*,*,*
엠베드,,,,NNP,*,,엠베드,*,*,*,*,*
타카총,,,,NNP,*,,타카총,*,*,*,*,*
주형보,,,,NNP,*,,주형보,*,*,*,*,*
주형받침보,,,,NNP,*,,주형받침보,*,*,*,*,*
못뽑기,,,,NNP,*,,못뽑기,*,*,*,*,*
쁘레카,,,,NNP,*,,쁘레카,*,*,*,*,*
뿌레카,,,,NNP,*,,뿌레카,*,*,*,*,*
손빠루,,,,NNP,*,,손빠루,*,*,*,*,*
샷보도,,,,NNP,*,,샷보도,*,*,*,*,*
오비끼,,,,NNP,*,,오비끼,*,*,*,*,*
샷보드,,,,NNP,*,,샷보드,*,*,*,*,*
삿보드,,,,NNP,*,,삿보드,*,*,*,*,*
PC암거,,,,NNP,*,,PC암거,*,*,*,*,*
SCW천공,,,,NNP,*,,SCW천공,*,*,*,*,*
끊어치기,,,,NNP,*,,끊어치기,*,*,*,*,*
바이브레다,,,,NNP,*,,바이브레다,*,*,*,*,*
크렘쉘,,,,NNP,*,,크렘쉘,*,*,*,*,*
스라브,,,,NNP,*,,스라브,*,*,*,*,*
바브켓,,,,NNP,*,,바브켓,*,*,*,*,*
쏘일네일링,,,,NNP,*,,쏘일네일링,*,*,*,*,*
근고블록,,,,NNP,*,,근고블록,*,*,*,*,*
데크피니셔,,,,NNP,*,,데크피니셔,*,*,*,*,*
용수개거,,,,NNP,*,,용수개거,*,*,*,*,*
래미탈,,,,NNP,*,,래미탈,*,*,*,*,*
수평조절목,,,,NNP,*,,수평조절목,*,*,*,*,*
PHC파일,,,,NNP,*,,PHC파일,*,*,*,*,*
식생매트,,,,NNP,*,,식생매트,*,*,*,*,*
내민보,,,,NNP,*,,내민보,*,*,*,*,*
테트라네오,,,,NNP,*,,테트라네오,*,*,*,*,*
유공발판,,,,NNP,*,,유공발판,*,*,*,*,*
AL루버,,,,NNP,*,,AL루버,*,*,*,*,*
알루미늄루버,,,,NNP,*,,알루미늄루버,*,*,*,*,*
틀비계,,,,NNP,*,,틀비계,*,*,*,*,*
커터날,,,,NNP,*,,커터날,*,*,*,*,*
벤딩기,,,,NNP,*,,벤딩기,*,*,*,*,*
붙임용,,,,NNP,*,,붙임용,*,*,*,*,*
몰탈통,,,,NNP,*,,몰탈통,*,*,*,*,*
복지관,,,,NNP,*,,복지관,*,*,*,*,*
슁글,,,,NNP,*,,슁글,*,*,*,*,*
불투명,,,,NNP,*,,불투명,*,*,*,*,*
시트지,,,,NNP,*,,시트지,*,*,*,*,*
배수판,,,,NNP,*,,배수판,*,*,*,*,*
아스콘,,,,NNP,*,,아스콘,*,*,*,*,*
덧씌우기,,,,NNP,*,,덧씌우기,*,*,*,*,*
블루폼,,,,NNP,*,,블루폼,*,*,*,*,*
과상승,,,,NNP,*,,과상승,*,*,*,*,*
방지봉,,,,NNP,*,,방지봉,*,*,*,*,*
조절목,,,,NNP,*,,조절목,*,*,*,*,*
무게추,,,,NNP,*,,무게추,*,*,*,*,*
오무리,,,,NNP,*,,오무리,*,*,*,*,*
케비넷,,,,NNP,*,,케비넷,*,*,*,*,*
연석날,,,,NNP,*,,연석날,*,*,*,*,*
홀딩기,,,,NNP,*,,홀딩기,*,*,*,*,*
트롤리,,,,NNP,*,,트롤리,*,*,*,*,*
훅블럭,,,,NNP,*,,훅블럭,*,*,*,*,*
벌목용,,,,NNP,*,,벌목용,*,*,*,*,*
엔진톱,,,,NNP,*,,엔진톱,*,*,*,*,*
메타세콰이아,,,,NNP,*,,메타세콰이아,*,*,*,*,*
네모도,,,,NNP,*,,네모도,*,*,*,*,*
화이바,,,,NNP,*,,화이바,*,*,*,*,*
탐방로,,,,NNP,*,,탐방로,*,*,*,*,*
커터칼,,,,NNP,*,,커터칼,*,*,*,*,*
페이로더,,,,NNP,*,,페이로더,*,*,*,*,*
PP로프,,,,NNP,*,,PP로프,*,*,*,*,*
톤마대,,,,NNP,*,,톤마대,*,*,*,*,*
도르레,,,,NNP,*,,도르레,*,*,*,*,*
레벨목,,,,NNP,*,,레벨목,*,*,*,*,*
U형개거,,,,NNP,*,,U형개거,*,*,*,*,*
SP헤드,,,,NNP,*,,SP헤드,*,*,*,*,*
라이닝폼,,,,NNP,*,,라이닝폼,*,*,*,*,*
패널공,,,,NNP,*,,패널공,*,*,*,*,*
콤비롤러,,,,NNP,*,,콤비롤러,*,*,*,*,*
H빔,,,,NNP,*,,H빔,*,*,*,*,*
PC슬라브,,,,NNP,*,,PC슬라브,*,*,*,*,*
선라이트,,,,NNP,*,,선라이트,*,*,*,*,*
칼라강판,,,,NNP,*,,칼라강판,*,*,*,*,*
PIT바닥,,,,NNP,*,,PIT바닥,*,*,*,*,*
PC거더,,,,NNP,*,,PC거더,*,*,*,*,*
PC빔,,,,NNP,*,,PC빔,*,*,*,*,*
식재목,,,,NNP,*,,식재목,*,*,*,*,*
이식장,,,,NNP,*,,이식장,*,*,*,*,*
퍼징댐,,,,NNP,*,,퍼징댐,*,*,*,*,*
러핑크레인,,,,NNP,*,,러핑크레인,*,*,*,*,*
텔레스코핑,,,,NNP,*,,텔레스코핑,*,*,*,*,*
막장면,,,,NNP,*,,막장면,*,*,*,*,*
주전원선,,,,NNP,*,,주전원선,*,*,*,*,*
퍼린,,,,NNP,*,,퍼린,*,*,*,*,*
다듬기,,,,NNP,*,,다듬기,*,*,*,*,*
분진망,,,,NNP,*,,분진망,*,*,*,*,*
PSC빔,,,,NNP,*,,PSC빔,*,*,*,*,*
피재자,,,,NNP,*,,피재자,*,*,*,*,*
한강물,,,,NNP,*,,한강물,*,*,*,*,*
유입수,,,,NNP,*,,유입수,*,*,*,*,*
돌쌓기,,,,NNP,*,,돌쌓기,*,*,*,*,*
면고르기,,,,NNP,*,,면고르기,*,*,*,*,*
천막지,,,,NNP,*,,천막지,*,*,*,*,*
스프링쿨러,,,,NNP,*,,스프링쿨러,*,*,*,*,*
스트롱앙카,,,,NNP,*,,스트롱앙카,*,*,*,*,*
하수강,,,,NNP,*,,하수강,*,*,*,*,*
아나방,,,,NNP,*,,아나방,*,*,*,*,*
시트파일,,,,NNP,*,,시트파일,*,*,*,*,*
P.S.P,,,,NNP,*,,P.S.P,*,*,*,*,*
PRD Pile,,,,NNP,*,,PRD Pile,*,*,*,*,*
선회부,,,,NNP,*,,선회부,*,*,*,*,*
PHC말뚝,,,,NNP,*,,PHC말뚝,*,*,*,*,*
동재하시험,,,,NNP,*,,동재하시험,*,*,*,*,*
정재하시험,,,,NNP,*,,정재하시험,*,*,*,*,*
쌍줄비계,,,,NNP,*,,쌍줄비계,*,*,*,*,*
외줄비계,,,,NNP,*,,외줄비계,*,*,*,*,*
단관비계,,,,NNP,*,,단관비계,*,*,*,*,*
과하중,,,,NNP,*,,과하중,*,*,*,*,*
분배기,,,,NNP,*,,분배기,*,*,*,*,*
COS 교체작업,,,,NNP,*,,COS 교체작업,*,*,*,*,*
오수관로,,,,NNP,*,,오수관로,*,*,*,*,*
석분부설,,,,NNP,*,,석분부설,*,*,*,*,*
연삭숫돌,,,,NNP,*,,연삭숫돌,*,*,*,*,*
할암기,,,,NNP,*,,할암기,*,*,*,*,*
천정판,,,,NNP,*,,천정판,*,*,*,*,*
워크웨이,,,,NNP,*,,워크웨이,*,*,*,*,*
밴딩폼,,,,NNP,*,,밴딩폼,*,*,*,*,*
C.P.B,,,,NNP,*,,C.P.B,*,*,*,*,*
A.C.S Form,,,,NNP,*,,A.C.S Form,*,*,*,*,*
지지로프,,,,NNP,*,,지지로프,*,*,*,*,*
갈고리형,,,,NNP,*,,갈고리형,*,*,*,*,*
퀵-커플러,,,,NNP,*,,퀵-커플러,*,*,*,*,*
철구조물,,,,NNP,*,,철구조물,*,*,*,*,*
상부공,,,,NNP,*,,상부공,*,*,*,*,*
하부공,,,,NNP,*,,하부공,*,*,*,*,*
절토사면,,,,NNP,*,,절토사면,*,*,*,*,*
Pier Band,,,,NNP,*,,Pier Band,*,*,*,*,*
와이어브러쉬,,,,NNP,*,,와이어브러쉬,*,*,*,*,*
그레이팅,,,,NNP,*,,그레이팅,*,*,*,*,*
폐석면,,,,NNP,*,,폐석면,*,*,*,*,*
내화뿜칠재,,,,NNP,*,,내화뿜칠재,*,*,*,*,*
IPC Girder,,,,NNP,*,,IPC Girder,*,*,*,*,*
Cross Beam,,,,NNP,*,,Cross Beam,*,*,*,*,*
Shoe,,,,NNP,*,,Shoe,*,*,*,*,*
턴테이블,,,,NNP,*,,턴테이블,*,*,*,*,*
호리빔,,,,NNP,*,,호리빔,*,*,*,*,*
암사면,,,,NNP,*,,암사면,*,*,*,*,*
Counter Jib,,,,NNP,*,,Counter Jib,*,*,*,*,*
절취사면,,,,NNP,*,,절취사면,*,*,*,*,*
조임철물,,,,NNP,*,,조임철물,*,*,*,*,*
성곽돌,,,,NNP,*,,성곽돌,*,*,*,*,*
굴착법면,,,,NNP,*,,굴착법면,*,*,*,*,*
슁글재,,,,NNP,*,,슁글재,*,*,*,*,*
BOX형,,,,NNP,*,,BOX형,*,*,*,*,*
철골공,,,,NNP,*,,철골공,*,*,*,*,*
카-훼리선,,,,NNP,*,,카-훼리선,*,*,*,*,*
Walkway,,,,NNP,*,,Walkway,*,*,*,*,*
Rock Bolt,,,,NNP,*,,Rock Bolt,*,*,*,*,*
카리프트,,,,NNP,*,,카리프트,*,*,*,*,*
컴프레셔,,,,NNP,*,,컴프레셔,*,*,*,*,*
창호공,,,,NNP,*,,창호공,*,*,*,*,*
창호틀,,,,NNP,*,,창호틀,*,*,*,*,*
제연덕트,,,,NNP,*,,제연덕트,*,*,*,*,*
오거모터,,,,NNP,*,,오거모터,*,*,*,*,*
tm스크류,,,,NNP,*,,tm스크류,*,*,*,*,*
FRP물탱크,,,,NNP,*,,FRP물탱크,*,*,*,*,*
파쇄물,,,,NNP,*,,파쇄물,*,*,*,*,*
I-형강,,,,NNP,*,,I-형강,*,*,*,*,*
U자형,,,,NNP,*,,U자형,*,*,*,*,*
교량 빔,,,,NNP,*,,교량 빔,*,*,*,*,*
관접합,,,,NNP,*,,관접합,*,*,*,*,*
Arch Beam,,,,NNP,*,,Arch Beam,*,*,*,*,*
캐로솔,,,,NNP,*,,캐로솔,*,*,*,*,*
보조기층재,,,,NNP,*,,보조기층재,*,*,*,*,*
구름대,,,,NNP,*,,구름대,*,*,*,*,*
캣워크,,,,NNP,*,,캣워크,*,*,*,*,*
A형사다리,,,,NNP,*,,A형사다리,*,*,*,*,*
그래브,,,,NNP,*,,그래브,*,*,*,*,*
FRP 채광판,,,,NNP,*,,FRP 채광판,*,*,*,*,*
채광판,,,,NNP,*,,채광판,*,*,*,*,*
보호벽,,,,NNP,*,,보호벽,*,*,*,*,*
돌붙임,,,,NNP,*,,돌붙임,*,*,*,*,*
Z형강,,,,NNP,*,,Z형강,*,*,*,*,*
잠수사,,,,NNP,*,,잠수사,*,*,*,*,*
스쿠바,,,,NNP,*,,스쿠바,*,*,*,*,*
PP마대,,,,NNP,*,,PP마대,*,*,*,*,*
고무칩,,,,NNP,*,,고무칩,*,*,*,*,*
빔클램프,,,,NNP,*,,빔클램프,*,*,*,*,*
컷아웃스위치,,,,NNP,*,,컷아웃스위치,*,*,*,*,*
시트바,,,,NNP,*,,시트바,*,*,*,*,*
뒤채움,,,,NNP,*,,뒤채움,*,*,*,*,*
맹판이,,,,NNP,*,,맹판이,*,*,*,*,*
포장공,,,,NNP,*,,포장공,*,*,*,*,*
물뿌리기,,,,NNP,*,,물뿌리기,*,*,*,*,*
하역기,,,,NNP,*,,하역기,*,*,*,*,*
피복공,,,,NNP,*,,피복공,*,*,*,*,*
아스콘괴,,,,NNP,*,,아스콘괴,*,*,*,*,*
카박스,,,,NNP,*,,카박스,*,*,*,*,*
모델하우스,,,,NNP,*,,모델하우스,*,*,*,*,*
긴결철선,,,,NNP,*,,긴결철선,*,*,*,*,*
슬러지,,,,NNP,*,,슬러지,*,*,*,*,*
부스바,,,,NNP,*,,부스바,*,*,*,*,*
FCM 주두부,,,,NNP,*,,FCM 주두부,*,*,*,*,*
레이스웨이,,,,NNP,*,,레이스웨이,*,*,*,*,*
열병합,,,,NNP,*,,열병합,*,*,*,*,*
하수관로,,,,NNP,*,,하수관로,*,*,*,*,*
피난참,,,,NNP,*,,피난참,*,*,*,*,*
녹막이,,,,NNP,*,,녹막이,*,*,*,*,*
페인트칠,,,,NNP,*,,페인트칠,*,*,*,*,*
넘어짐재해,,,,NNP,*,,넘어짐재해,*,*,*,*,*
조립강주,,,,NNP,*,,조립강주,*,*,*,*,*
근입량,,,,NNP,*,,근입량,*,*,*,*,*
낙하고,,,,NNP,*,,낙하고,*,*,*,*,*
본항타,,,,NNP,*,,본항타,*,*,*,*,*
시항타,,,,NNP,*,,시항타,*,*,*,*,*
권과,,,,NNP,*,,권과,*,*,*,*,*
부착구금,,,,NNP,*,,부착구금,*,*,*,*,*
방지대,,,,NNP,*,,방지대,*,*,*,*,*
항타용,,,,NNP,*,,항타용,*,*,*,*,*
훅블록,,,,NNP,*,,훅블록,*,*,*,*,*
유도원,,,,NNP,*,,유도원,*,*,*,*,*
비틀림,,,,NNP,*,,비틀림,*,*,*,*,*
이소시아네이트,,,,NNP,*,,이소시아네이트,*,*,*,*,*
폴리올,,,,NNP,*,,폴리올,*,*,*,*,*
고열물,,,,NNP,*,,고열물,*,*,*,*,*
싸이클로펜탄,,,,NNP,*,,싸이클로펜탄,*,*,*,*,*
사이클로펜탄,,,,NNP,*,,사이클로펜탄,*,*,*,*,*
용제류,,,,NNP,*,,용제류,*,*,*,*,*
환기량,,,,NNP,*,,환기량,*,*,*,*,*
맹독성,,,,NNP,*,,맹독성,*,*,*,*,*
이산화황,,,,NNP,*,,이산화황,*,*,*,*,*
슈퍼용,,,,NNP,*,,슈퍼용,*,*,*,*,*
주방용,,,,NNP,*,,주방용,*,*,*,*,*
근무조,,,,NNP,*,,근무조,*,*,*,*,*
와이어 메시,,,,NNP,*,,와이어 메시,*,*,*,*,*
격리재,,,,NNP,*,,격리재,*,*,*,*,*
토요일,,,,NNP,*,,토요일,*,*,*,*,*
전면부,,,,NNP,*,,전면부,*,*,*,*,*
재해,,,,NNP,*,,재해,*,*,*,*,*
보구간,,,,NNP,*,,보구간,*,*,*,*,*
이동,,,,NNP,*,,이동,*,*,*,*,*
제조동,,,,NNP,*,,제조동,*,*,*,*,*
베이스판넬,,,,NNP,*,,베이스판넬,*,*,*,*,*
새미보,,,,NNP,*,,새미보,*,*,*,*,*
특이사항,,,,NNP,*,,특이사항,*,*,*,*,*
오수차,,,,NNP,*,,오수차,*,*,*,*,*
집관로,,,,NNP,*,,집관로,*,*,*,*,*
데크플레이트,,,,NNP,*,,데크플레이트,*,*,*,*,*
협력사,,,,NNP,*,,협력사,*,*,*,*,*
식재작업,,,,NNP,*,,식재작업,*,*,*,*,*
안전보호구,,,,NNP,*,,안전보호구,*,*,*,*,*
전정기,,,,NNP,*,,전정기,*,*,*,*,*
이형철근,,,,NNP,*,,이형철근,*,*,*,*,*
라쳇벨트,,,,NNP,*,,라쳇벨트,*,*,*,*,*
다용도,,,,NNP,*,,다용도,*,*,*,*,*
스크래퍼,,,,NNP,*,,스크래퍼,*,*,*,*,*
휴대용,,,,NNP,*,,휴대용,*,*,*,*,*
근로복지공단,,,,NNP,*,,근로복지공단,*,*,*,*,*
전기감리원,,,,NNP,*,,전기감리원,*,*,*,*,*
희석액,,,,NNP,*,,희석액,*,*,*,*,*
회전근개,,,,NNP,*,,회전근개,*,*,*,*,*
정위치,,,,NNP,*,,정위치,*,*,*,*,*
시스템동바리,,,,NNP,*,,시스템동바리,*,*,*,*,*
전기박스,,,,NNP,*,,전기박스,*,*,*,*,*
하차,,,,NNP,*,,하차,*,*,*,*,*
사면,,,,NNP,*,,사면,*,*,*,*,*
다짐작업,,,,NNP,*,,다짐작업,*,*,*,*,*
측량작업,,,,NNP,*,,측량작업,*,*,*,*,*
옹벽블록,,,,NNP,*,,옹벽블록,*,*,*,*,*
작업발판,,,,NNP,*,,작업발판,*,*,*,*,*
해체작업,,,,NNP,*,,해체작업,*,*,*,*,*
노후관,,,,NNP,*,,노후관,*,*,*,*,*
에어컴프레셔,,,,NNP,*,,에어컴프레셔,*,*,*,*,*
보형틀,,,,NNP,*,,보형틀,*,*,*,*,*
우수관로,,,,NNP,*,,우수관로,*,*,*,*,*
배수로,,,,NNP,*,,배수로,*,*,*,*,*
잭서포트,,,,NNP,*,,잭서포트,*,*,*,*,*
수직도,,,,NNP,*,,수직도,*,*,*,*,*
해체,,,,NNP,*,,해체,*,*,*,*,*
잭써포,,,,NNP,*,,잭써포,*,*,*,*,*
낙하물방지망,,,,NNP,*,,낙하물방지망,*,*,*,*,*
PVC배관,,,,NNP,*,,PVC배관,*,*,*,*,*
전원선,,,,NNP,*,,전원선,*,*,*,*,*
PE배관,,,,NNP,*,,PE배관,*,*,*,*,*
전선거치대,,,,NNP,*,,전선거치대,*,*,*,*,*
라스망,,,,NNP,*,,라스망,*,*,*,*,*
비트날,,,,NNP,*,,비트날,*,*,*,*,*
헌치부,,,,NNP,*,,헌치부,*,*,*,*,*
수평제,,,,NNP,*,,수평제,*,*,*,*,*
특별안전교육,,,,NNP,*,,특별안전교육,*,*,*,*,*
기둥품,,,,NNP,*,,기둥품,*,*,*,*,*
밀림방지,,,,NNP,*,,밀림방지,*,*,*,*,*
밀바,,,,NNP,*,,밀바,*,*,*,*,*
항타작업,,,,NNP,*,,항타작업,*,*,*,*,*
철근작업,,,,NNP,*,,철근작업,*,*,*,*,*
설치작업,,,,NNP,*,,설치작업,*,*,*,*,*
폐수처리통,,,,NNP,*,,폐수처리통,*,*,*,*,*
가공장,,,,NNP,*,,가공장,*,*,*,*,*
가공작업,,,,NNP,*,,가공작업,*,*,*,*,*
TS판넬,,,,NNP,*,,TS판넬,*,*,*,*,*
post pile,,,,NNP,*,,post pile,*,*,*,*,*
비계파이프,,,,NNP,*,,비계파이프,*,*,*,*,*
천공,,,,NNP,*,,천공,*,*,*,*,*
핸드자키,,,,NNP,*,,핸드자키,*,*,*,*,*
비포장,,,,NNP,*,,비포장,*,*,*,*,*
Spool,,,,NNP,*,,Spool,*,*,*,*,*
방파제,,,,NNP,*,,방파제,*,*,*,*,*
타설작업,,,,NNP,*,,타설작업,*,*,*,*,*
대진호,,,,NNP,*,,대진호,*,*,*,*,*
너울성,,,,NNP,*,,너울성,*,*,*,*,*
조정작업,,,,NNP,*,,조정작업,*,*,*,*,*
살수작업,,,,NNP,*,,살수작업,*,*,*,*,*
알폼,,,,NNP,*,,알폼,*,*,*,*,*
냉난방실,,,,NNP,*,,냉난방실,*,*,*,*,*
이동작업,,,,NNP,*,,이동작업,*,*,*,*,*
건설자재,,,,NNP,*,,건설자재,*,*,*,*,*
가시설,,,,NNP,*,,가시설,*,*,*,*,*
스키 로더,,,,NNP,*,,스키 로더,*,*,*,*,*
사각강관,,,,NNP,*,,사각강관,*,*,*,*,*
줄눈시공,,,,NNP,*,,줄눈시공,*,*,*,*,*
하역부두,,,,NNP,*,,하역부두,*,*,*,*,*
계류돌핀,,,,NNP,*,,계류돌핀,*,*,*,*,*
콤프레셔,,,,NNP,*,,콤프레셔,*,*,*,*,*
써포트,,,,NNP,*,,써포트,*,*,*,*,*
열교환실,,,,NNP,*,,열교환실,*,*,*,*,*
옥외,,,,NNP,*,,옥외,*,*,*,*,*
토목관로,,,,NNP,*,,토목관로,*,*,*,*,*
배관작업,,,,NNP,*,,배관작업,*,*,*,*,*
관부설,,,,NNP,*,,관부설,*,*,*,*,*
조적턱,,,,NNP,*,,조적턱,*,*,*,*,*
비계조정,,,,NNP,*,,비계조정,*,*,*,*,*
안전고리,,,,NNP,*,,안전고리,*,*,*,*,*
슈앙카,,,,NNP,*,,슈앙카,*,*,*,*,*
형틀작업,,,,NNP,*,,형틀작업,*,*,*,*,*
찬넬,,,,NNP,*,,찬넬,*,*,*,*,*
해치발판,,,,NNP,*,,해치발판,*,*,*,*,*
양중물,,,,NNP,*,,양중물,*,*,*,*,*
철거현장,,,,NNP,*,,철거현장,*,*,*,*,*
피목재,,,,NNP,*,,피목재,*,*,*,*,*
폐목재,,,,NNP,*,,폐목재,*,*,*,*,*
공조실,,,,NNP,*,,공조실,*,*,*,*,*
공조기,,,,NNP,*,,공조기,*,*,*,*,*
보양비닐,,,,NNP,*,,보양비닐,*,*,*,*,*
조성공사,,,,NNP,*,,조성공사,*,*,*,*,*
철거공사,,,,NNP,*,,철거공사,*,*,*,*,*
잉여자재,,,,NNP,*,,잉여자재,*,*,*,*,*
보거푸집,,,,NNP,*,,보거푸집,*,*,*,*,*
수정작업,,,,NNP,*,,수정작업,*,*,*,*,*
보호천막,,,,NNP,*,,보호천막,*,*,*,*,*
방수공사,,,,NNP,*,,방수공사,*,*,*,*,*
파쇄작업,,,,NNP,*,,파쇄작업,*,*,*,*,*
비래물,,,,NNP,*,,비래물,*,*,*,*,*
철골기둥,,,,NNP,*,,철골기둥,*,*,*,*,*
승강로,,,,NNP,*,,승강로,*,*,*,*,*
블라켓,,,,NNP,*,,블라켓,*,*,*,*,*
전지작업,,,,NNP,*,,전지작업,*,*,*,*,*
화기덕트,,,,NNP,*,,화기덕트,*,*,*,*,*
앙카구멍,,,,NNP,*,,앙카구멍,*,*,*,*,*
함마드릴,,,,NNP,*,,함마드릴,*,*,*,*,*
천공작업,,,,NNP,*,,천공작업,*,*,*,*,*
미장통,,,,NNP,*,,미장통,*,*,*,*,*
타일공,,,,NNP,*,,타일공,*,*,*,*,*
운반대차,,,,NNP,*,,운반대차,*,*,*,*,*
산업용,,,,NNP,*,,산업용,*,*,*,*,*
마이크로파일,,,,NNP,*,,마이크로파일,*,*,*,*,*
미복구,,,,NNP,*,,미복구,*,*,*,*,*
바탕정리,,,,NNP,*,,바탕정리,*,*,*,*,*
DA점검문,,,,NNP,*,,DA점검문,*,*,*,*,*
Piece Bracket,,,,NNP,*,,Piece Bracket,*,*,*,*,*
창호설치,,,,NNP,*,,창호설치,*,*,*,*,*
벽돌쌓기,,,,NNP,*,,벽돌쌓기,*,*,*,*,*
데크작업,,,,NNP,*,,데크작업,*,*,*,*,*
길내기,,,,NNP,*,,길내기,*,*,*,*,*
빠루,,,,NNP,*,,빠루,*,*,*,*,*
H-BEAM,,,,NNP,*,,H-BEAM,*,*,*,*,*
본선환기구,,,,NNP,*,,본선환기구,*,*,*,*,*
가설계단,,,,NNP,*,,가설계단,*,*,*,*,*
산소절단,,,,NNP,*,,산소절단,*,*,*,*,*
Coal Shed ,,,,NNP,*,,Coal Shed ,*,*,*,*,*
빔조립,,,,NNP,*,,빔조립,*,*,*,*,*
양중로프,,,,NNP,*,,양중로프,*,*,*,*,*
레버블록,,,,NNP,*,,레버블록,*,*,*,*,*
수성페인트,,,,NNP,*,,수성페인트,*,*,*,*,*
핸드스킬톱,,,,NNP,*,,핸드스킬톱,*,*,*,*,*
보작업,,,,NNP,*,,보작업,*,*,*,*,*
석탄이송,,,,NNP,*,,석탄이송,*,*,*,*,*
펜룸,,,,NNP,*,,펜룸,*,*,*,*,*
클럼프,,,,NNP,*,,클럼프,*,*,*,*,*
이동식크레인,,,,NNP,*,,이동식크레인,*,*,*,*,*
절단작업,,,,NNP,*,,절단작업,*,*,*,*,*
증축공사,,,,NNP,*,,증축공사,*,*,*,*,*
절삭작업,,,,NNP,*,,절삭작업,*,*,*,*,*
신축이음부,,,,NNP,*,,신축이음부,*,*,*,*,*
TG보,,,,NNP,*,,TG보,*,*,*,*,*
전이보,,,,NNP,*,,전이보,*,*,*,*,*
몰탈가루,,,,NNP,*,,몰탈가루,*,*,*,*,*
좌멸창,,,,NNP,*,,좌멸창,*,*,*,*,*
굴곡지지대,,,,NNP,*,,굴곡지지대,*,*,*,*,*
스크류,,,,NNP,*,,스크류,*,*,*,*,*
하부지지대,,,,NNP,*,,하부지지대,*,*,*,*,*
급속여과지동,,,,NNP,*,,급속여과지동,*,*,*,*,*
생산동,,,,NNP,*,,생산동,*,*,*,*,*
금속공사,,,,NNP,*,,금속공사,*,*,*,*,*
뒷채움작업,,,,NNP,*,,뒷채움작업,*,*,*,*,*
사보강재,,,,NNP,*,,사보강재,*,*,*,*,*
하역작업,,,,NNP,*,,하역작업,*,*,*,*,*
공벽쌓기,,,,NNP,*,,공벽쌓기,*,*,*,*,*
구조물,,,,NNP,*,,구조물,*,*,*,*,*
자재하역,,,,NNP,*,,자재하역,*,*,*,*,*
카고크레인,,,,NNP,*,,카고크레인,*,*,*,*,*
래칫벨트,,,,NNP,*,,래칫벨트,*,*,*,*,*
적재칸,,,,NNP,*,,적재칸,*,*,*,*,*
안전시설물,,,,NNP,*,,안전시설물,*,*,*,*,*
형틀목공,,,,NNP,*,,형틀목공,*,*,*,*,*
PVC파이프,,,,NNP,*,,PVC파이프,*,*,*,*,*
연삭날,,,,NNP,*,,연삭날,*,*,*,*,*
자재정리,,,,NNP,*,,자재정리,*,*,*,*,*
안면부,,,,NNP,*,,안면부,*,*,*,*,*
창고동,,,,NNP,*,,창고동,*,*,*,*,*
철골부,,,,NNP,*,,철골부,*,*,*,*,*
안전로프,,,,NNP,*,,안전로프,*,*,*,*,*
철근배근,,,,NNP,*,,철근배근,*,*,*,*,*
단관파이프,,,,NNP,*,,단관파이프,*,*,*,*,*
플륨관,,,,NNP,*,,플륨관,*,*,*,*,*
스카이크레인,,,,NNP,*,,스카이크레인,*,*,*,*,*
볼트조임,,,,NNP,*,,볼트조임,*,*,*,*,*
지장전주,,,,NNP,*,,지장전주,*,*,*,*,*
가설휀스,,,,NNP,*,,가설휀스,*,*,*,*,*
안전커버,,,,NNP,*,,안전커버,*,*,*,*,*
톱날접촉예방장치,,,,NNP,*,,톱날접촉예방장치,*,*,*,*,*
재해발생,,,,NNP,*,,재해발생,*,*,*,*,*
출하실,,,,NNP,*,,출하실,*,*,*,*,*
후레타이,,,,NNP,*,,후레타이,*,*,*,*,*
파렛트카,,,,NNP,*,,파렛트카,*,*,*,*,*
핸드레일,,,,NNP,*,,핸드레일,*,*,*,*,*
단면공사,,,,NNP,*,,단면공사,*,*,*,*,*
절삭장비,,,,NNP,*,,절삭장비,*,*,*,*,*
스키드로더,,,,NNP,*,,스키드로더,*,*,*,*,*
적매물,,,,NNP,*,,적매물,*,*,*,*,*
벽체형틀,,,,NNP,*,,벽체형틀,*,*,*,*,*
용수관로,,,,NNP,*,,용수관로,*,*,*,*,*
플랜지,,,,NNP,*,,플랜지,*,*,*,*,*
원형철판,,,,NNP,*,,원형철판,*,*,*,*,*
비디아이,,,,NNP,*,,비디아이,*,*,*,*,*
동화,,,,NNP,*,,동화,*,*,*,*,*
흄관하역,,,,NNP,*,,흄관하역,*,*,*,*,*
가교보수작업,,,,NNP,*,,가교보수작업,*,*,*,*,*
파형강관,,,,NNP,*,,파형강관,*,*,*,*,*
인부조합,,,,NNP,*,,인부조합,*,*,*,*,*
건설용리프트,,,,NNP,*,,건설용리프트,*,*,*,*,*
차량계 하역운반 기계,,,,NNP,*,,차량계 하역운반 기계,*,*,*,*,*
차량계 건설기계,,,,NNP,*,,차량계 건설기계,*,*,*,*,*
불티 비산방지포,,,,NNP,*,,불티 비산방지포,*,*,*,*,*
채광용 주름 플라스틱판,,,,NNP,*,,채광용 주름 플라스틱판,*,*,*,*,*
목재가공용 둥근톱,,,,NNP,*,,목재가공용 둥근톱,*,*,*,*,*
중량물 취급작업,,,,NNP,*,,중량물 취급작업,*,*,*,*,*
달비계 사용작업,,,,NNP,*,,달비계 사용작업,*,*,*,*,*
고소작업대 사용작업,,,,NNP,*,,고소작업대 사용작업,*,*,*,*,*
